[Data config set] lib = /home/zzy/ysyx-workbench/yosys-sta/scripts/../nangate45/lib/merged.lib
[Data config set] sdc = /home/zzy/ysyx-workbench/npc/top.sdc
[Data config set] tech lef = /home/zzy/ysyx-workbench/yosys-sta/scripts/../nangate45/lef/NangateOpenCellLibrary.tech.lef
Read LEF file : /home/zzy/ysyx-workbench/yosys-sta/scripts/../nangate45/lef/NangateOpenCellLibrary.tech.lef
[Data config set] lef = /home/zzy/ysyx-workbench/yosys-sta/scripts/../nangate45/lef/NangateOpenCellLibrary.macro.mod.lef
Read LEF file : /home/zzy/ysyx-workbench/yosys-sta/scripts/../nangate45/lef/NangateOpenCellLibrary.macro.mod.lef
[Data config set] verilog = /home/zzy/ysyx-workbench/yosys-sta/result/ysyx_25030085_cpu-500MHz/ysyx_25030085_cpu.netlist.syn.v
Read Verilog file success : /home/zzy/ysyx-workbench/yosys-sta/result/ysyx_25030085_cpu-500MHz/ysyx_25030085_cpu.netlist.syn.v
WARNING: Logging before InitGoogleLogging() is written to STDERR
I20250912 20:27:31.925591 38558 VerilogParserRustC.cc:41] load verilog file /home/zzy/ysyx-workbench/yosys-sta/result/ysyx_25030085_cpu-500MHz/ysyx_25030085_cpu.netlist.syn.v
r str /home/zzy/ysyx-workbench/yosys-sta/result/ysyx_25030085_cpu-500MHz/ysyx_25030085_cpu.netlist.syn.v
flatten module ysyx_25030085_cpu  start
flatten module ysyx_25030085_arbiter inst arbiter
flatten module ysyx_25030085_axi4_clint inst clint
flatten module ysyx_25030085_ex inst exu
flatten module ysyx_25030085_csr_regfile inst csr_regfile_init
flatten module ysyx_25030085_id inst idu
flatten module \$paramod\ysyx_25030085_ifbiu_axi4_lite_master\MAX_DELAY=20\LFSR_WIDTH=8 inst ifbiu
flatten module ysyx_25030085_if inst ifu
flatten module \$paramod\ysyx_25030085_lsbiu_axi4_lite_master\READ_MAX_DELAY=20\WRITE_MAX_DELAY=20\LFSR_WIDTH=8 inst lsbiu
flatten module ysyx_25030085_lsu inst lsu
flatten module ysyx_25030085_regfile inst regfile
flatten module ysyx_25030085_wb inst wbu
flatten module ysyx_25030085_cpu end
Processed 1000 pins...
Processed 2000 pins...
Processed 3000 pins...
Processed 4000 pins...
Processed 5000 pins...
Processed 6000 pins...
Processed 7000 pins...
Processed 8000 pins...
Processed 9000 pins...
Processed 10000 pins...
Processed 11000 pins...
Processed 12000 pins...
Processed 13000 pins...
Processed 14000 pins...
Processed 15000 pins...
Processed 16000 pins...
Processed 17000 pins...
Processed 18000 pins...
Processed 19000 pins...
Processed 20000 pins...
Processed 21000 pins...
Processed 22000 pins...
Processed 23000 pins...
Processed 1000 nets...
Processed 2000 nets...
Processed 3000 nets...
Processed 4000 nets...
Processed 5000 nets...
Processed 6000 nets...
Processed 7000 nets...
Processed 8000 nets...
Processed 9000 nets...
Processed 10000 nets...
Processed 11000 nets...
Processed 12000 nets...
Processed 13000 nets...
Processed 14000 nets...
Processed 15000 nets...
Processed 16000 nets...
Processed 17000 nets...
Processed 18000 nets...
Processed 19000 nets...
Processed 20000 nets...
Processed 21000 nets...
Processed 22000 nets...
Processed 23000 nets...
Processed 1000 components...
Processed 2000 components...
Processed 3000 components...
Processed 4000 components...
Processed 5000 components...
Processed 6000 components...
Processed 7000 components...
Processed 8000 components...
Processed 9000 components...
Processed 10000 components...
Processed 11000 components...
Processed 12000 components...
Processed 13000 components...
Processed 14000 components...
Processed 15000 components...
Processed 16000 components...
Processed 17000 components...
Processed 18000 components...
Processed 19000 components...
Processed 20000 components...
I20250912 20:27:34.114769 38558 Sta.cc:309] load lib start
I20250912 20:27:34.123816 38609 Sta.cc:287] read liberty /home/zzy/ysyx-workbench/yosys-sta/scripts/../nangate45/lib/merged.lib start 
I20250912 20:27:34.124541 38609 LibParserRustC.cc:1285] load liberty file /home/zzy/ysyx-workbench/yosys-sta/scripts/../nangate45/lib/merged.lib
rust read lib file /home/zzy/ysyx-workbench/yosys-sta/scripts/../nangate45/lib/merged.lib
I20250912 20:27:34.625753 38609 LibParserRustC.cc:1294] load liberty file /home/zzy/ysyx-workbench/yosys-sta/scripts/../nangate45/lib/merged.lib success.
I20250912 20:27:34.625870 38609 Sta.cc:297] read liberty /home/zzy/ysyx-workbench/yosys-sta/scripts/../nangate45/lib/merged.lib end 
I20250912 20:27:34.626322 38558 Sta.cc:328] load lib end
I20250912 20:27:34.637334 38659 LibParserRustC.cc:1304] link liberty file /home/zzy/ysyx-workbench/yosys-sta/scripts/../nangate45/lib/merged.lib start.
I20250912 20:27:34.641355 38659 LibParserRustC.cc:666] unkown attri name: technology in /home/zzy/ysyx-workbench/yosys-sta/scripts/../nangate45/lib/merged.lib line no 2
I20250912 20:27:35.800762 38659 LibParserRustC.cc:1310] link liberty file /home/zzy/ysyx-workbench/yosys-sta/scripts/../nangate45/lib/merged.lib success.
I20250912 20:27:35.801219 38558 TimingIDBAdapter.cc:744] core area width -0um height -0um
I20250912 20:27:35.801386 38558 TimingIDBAdapter.cc:829] build inst num: 1
I20250912 20:27:35.874269 38558 TimingIDBAdapter.cc:829] build inst num: 10001
I20250912 20:27:35.949800 38558 TimingIDBAdapter.cc:829] build inst num: 20001
I20250912 20:27:35.955291 38558 TimingIDBAdapter.cc:907] build net num: 1
I20250912 20:27:36.024441 38558 TimingIDBAdapter.cc:907] build net num: 10001
I20250912 20:27:36.097859 38558 TimingIDBAdapter.cc:907] build net num: 20001
I20250912 20:27:36.122213 38558 TimingIDBAdapter.cc:926] build instance num: 20795
I20250912 20:27:36.122324 38558 TimingIDBAdapter.cc:927] build port num: 383
I20250912 20:27:36.122359 38558 TimingIDBAdapter.cc:928] build net num: 23191
I20250912 20:27:36.122392 38558 Sta.cc:181] read sdc /home/zzy/ysyx-workbench/npc/top.sdc start 
I20250912 20:27:36.124198 38558 CmdCreateClock.cc:124] create clock core_clock for pin/port: clock
I20250912 20:27:36.124276 38558 Sta.cc:198] read sdc /home/zzy/ysyx-workbench/npc/top.sdc end 
I20250912 20:27:36.124334 38558 StaBuildGraph.cc:315] build graph start
I20250912 20:27:36.354230 38558 StaBuildGraph.cc:332] build graph end
I20250912 20:27:36.425165 38558 Sta.cc:2834] update timing start
I20250912 20:27:36.430428 38558 StaApplySdc.cc:698] apply sdc start
I20250912 20:27:36.430538 38558 StaApplySdc.cc:729] apply sdc end
I20250912 20:27:36.430712 38558 StaClockPropagation.cc:324] ideal clock propagation start
I20250912 20:27:36.430755 38558 StaClockPropagation.cc:354] clock propagation clock num: 1
I20250912 20:27:36.430800 38558 StaClockPropagation.cc:203] clock propagate end to vertex arbiter/_1573_:CK
I20250912 20:27:36.435164 38558 StaClockPropagation.cc:422] ideal clock propagation end
I20250912 20:27:36.435299 38558 StaCheck.cc:129] found loop fwd start
I20250912 20:27:36.452628 38558 StaCheck.cc:148] found loop fwd end
I20250912 20:27:36.452726 38558 StaCheck.cc:150] found loop bwd start
I20250912 20:27:36.469784 38558 StaCheck.cc:172] found loop bwd end
I20250912 20:27:36.470007 38558 StaClockSlewDelayPropagation.cc:112] clock slew delay propagation start
I20250912 20:27:36.470045 38558 StaClockSlewDelayPropagation.cc:130] propagating current clock queue vertexes number is 1
I20250912 20:27:36.475035 38558 StaClockSlewDelayPropagation.cc:130] propagating current clock queue vertexes number is 2412
I20250912 20:27:36.485502 38558 StaClockSlewDelayPropagation.cc:163] clock slew delay propagation end
I20250912 20:27:36.485656 38558 StaClockSlewDelayPropagation.cc:166] clock slew delay propagation memory usage 0MB
I20250912 20:27:36.485702 38558 StaClockSlewDelayPropagation.cc:169] clock slew delay propagation time elapsed 0.015695s
I20250912 20:27:36.502619 38558 StaClockPropagation.cc:326] propagated(kNormal) clock propagation start
I20250912 20:27:36.502717 38558 StaClockPropagation.cc:354] clock propagation clock num: 1
I20250912 20:27:36.502753 38558 StaClockPropagation.cc:424] propagated(kNormal) clock propagation end
I20250912 20:27:36.502833 38558 StaApplySdc.cc:698] apply sdc start
I20250912 20:27:36.502866 38558 StaApplySdc.cc:729] apply sdc end
I20250912 20:27:36.502930 38558 StaClockPropagation.cc:328] propagated(kGenerated) clock propagation start
I20250912 20:27:36.502961 38558 StaClockPropagation.cc:354] clock propagation clock num: 1
I20250912 20:27:36.502991 38558 StaClockPropagation.cc:426] propagated(kGenerated) clock propagation end
I20250912 20:27:36.503023 38558 StaApplySdc.cc:698] apply sdc start
I20250912 20:27:36.503054 38558 StaApplySdc.cc:729] apply sdc end
I20250912 20:27:36.503087 38558 StaBuildPropTag.cc:325] build propagation tag start
I20250912 20:27:36.503119 38558 StaDataPropagation.cc:676] data fwd propagation start
I20250912 20:27:36.503228 38558 StaDataPropagationBFS.cc:166] data fwd propagation bfs start
I20250912 20:27:36.512087 38558 StaDataPropagationBFS.cc:190] propagating current data queue vertexes number is 2386
I20250912 20:27:36.520229 38660 StaDataPropagationBFS.cc:82] Thread 140030640485952 date fwd propagate found start vertex.io_master_arready
I20250912 20:27:36.520570 38662 StaDataPropagationBFS.cc:82] Thread 140030657271360 date fwd propagate found start vertex.io_master_bresp[0]
[0;31mE20250912 20:27:36.522476 38662 Lib.cc:181] Warning: val outside table ranges:  val = 0; min_val = 0.00117378; max_val = 0.198535
[mI20250912 20:27:36.520627 38665 StaDataPropagationBFS.cc:82] Thread 140031009764928 date fwd propagate found start vertex.io_master_bresp[1]
[0;31mE20250912 20:27:36.522624 38671 Lib.cc:181] Warning: val outside table ranges:  val = 0; min_val = 0.00117378; max_val = 0.198535
[m[0;31mE20250912 20:27:36.524991 38671 Lib.cc:181] Warning: val outside table ranges:  val = 0; min_val = 0.00117378; max_val = 0.198535
[m[0;31mE20250912 20:27:36.525084 38671 Lib.cc:181] Warning: val outside table ranges:  val = 0; min_val = 0.00117378; max_val = 0.198535
[m[0;31mE20250912 20:27:36.522480 38683 Lib.cc:181] Warning: val outside table ranges:  val = 0; min_val = 0.00117378; max_val = 0.198535
[mI20250912 20:27:36.520855 38667 StaDataPropagationBFS.cc:82] Thread 140030992979520 date fwd propagate found start vertex.io_master_bvalid
[0;31mE20250912 20:27:36.523052 38673 Lib.cc:181] Warning: val outside table ranges:  val = 0; min_val = 0.00117378; max_val = 0.198535
[m[0;31mE20250912 20:27:36.523170 38674 Lib.cc:181] Warning: val outside table ranges:  val = 0; min_val = 0.00117378; max_val = 0.198535
[mI20250912 20:27:36.520988 38663 StaDataPropagationBFS.cc:82] Thread 140030665664064 date fwd propagate found start vertex.io_master_rdata[0]
I20250912 20:27:36.520939 38666 StaDataPropagationBFS.cc:82] Thread 140031001372224 date fwd propagate found start vertex.io_master_rdata[1]
I20250912 20:27:36.520995 38664 StaDataPropagationBFS.cc:82] Thread 140031018157632 date fwd propagate found start vertex.io_master_rdata[2]
I20250912 20:27:36.521113 38669 StaDataPropagationBFS.cc:82] Thread 140030976194112 date fwd propagate found start vertex.io_master_rdata[3]
[0;31mE20250912 20:27:36.522758 38672 Lib.cc:181] Warning: val outside table ranges:  val = 0; min_val = 0.00117378; max_val = 0.198535
[mI20250912 20:27:36.521315 38668 StaDataPropagationBFS.cc:82] Thread 140030984586816 date fwd propagate found start vertex.io_master_rdata[4]
[0;31mE20250912 20:27:36.524508 38662 Lib.cc:181] Warning: val outside table ranges:  val = 0; min_val = 0.00117378; max_val = 0.198535
[mI20250912 20:27:36.520560 38661 StaDataPropagationBFS.cc:82] Thread 140030648878656 date fwd propagate found start vertex.io_master_awready
[0;31mE20250912 20:27:36.523013 38692 Lib.cc:181] Warning: val outside table ranges:  val = 0; min_val = 0.00117378; max_val = 0.198535
[mI20250912 20:27:36.610141 38558 StaDataPropagationBFS.cc:190] propagating current data queue vertexes number is 3605
I20250912 20:27:36.817955 38558 StaDataPropagationBFS.cc:190] propagating current data queue vertexes number is 4578
I20250912 20:27:36.990592 38558 StaDataPropagationBFS.cc:190] propagating current data queue vertexes number is 4575
I20250912 20:27:37.272059 38558 StaDataPropagationBFS.cc:190] propagating current data queue vertexes number is 8106
I20250912 20:27:37.710978 38558 StaDataPropagationBFS.cc:190] propagating current data queue vertexes number is 1179
I20250912 20:27:37.740659 38558 StaDataPropagationBFS.cc:190] propagating current data queue vertexes number is 2362
I20250912 20:27:37.860724 38558 StaDataPropagationBFS.cc:190] propagating current data queue vertexes number is 2305
I20250912 20:27:37.986802 38558 StaDataPropagationBFS.cc:190] propagating current data queue vertexes number is 1155
I20250912 20:27:38.066859 38558 StaDataPropagationBFS.cc:190] propagating current data queue vertexes number is 506
I20250912 20:27:38.095738 38558 StaDataPropagationBFS.cc:190] propagating current data queue vertexes number is 1872
I20250912 20:27:38.221751 38558 StaDataPropagationBFS.cc:190] propagating current data queue vertexes number is 954
I20250912 20:27:38.291951 38558 StaDataPropagationBFS.cc:190] propagating current data queue vertexes number is 3080
I20250912 20:27:38.469929 38558 StaDataPropagationBFS.cc:190] propagating current data queue vertexes number is 1643
I20250912 20:27:38.575977 38558 StaDataPropagationBFS.cc:190] propagating current data queue vertexes number is 3148
I20250912 20:27:38.751777 38558 StaDataPropagationBFS.cc:190] propagating current data queue vertexes number is 1616
I20250912 20:27:38.854709 38558 StaDataPropagationBFS.cc:190] propagating current data queue vertexes number is 3145
I20250912 20:27:39.030795 38558 StaDataPropagationBFS.cc:190] propagating current data queue vertexes number is 1911
I20250912 20:27:39.153764 38558 StaDataPropagationBFS.cc:190] propagating current data queue vertexes number is 2511
I20250912 20:27:39.297412 38558 StaDataPropagationBFS.cc:190] propagating current data queue vertexes number is 1649
I20250912 20:27:39.392714 38558 StaDataPropagationBFS.cc:190] propagating current data queue vertexes number is 1965
I20250912 20:27:39.512470 38558 StaDataPropagationBFS.cc:190] propagating current data queue vertexes number is 605
I20250912 20:27:39.559314 38558 StaDataPropagationBFS.cc:190] propagating current data queue vertexes number is 772
I20250912 20:27:39.618202 38558 StaDataPropagationBFS.cc:190] propagating current data queue vertexes number is 400
I20250912 20:27:39.651707 38558 StaDataPropagationBFS.cc:190] propagating current data queue vertexes number is 522
I20250912 20:27:39.695947 38558 StaDataPropagationBFS.cc:190] propagating current data queue vertexes number is 418
I20250912 20:27:39.734041 38558 StaDataPropagationBFS.cc:190] propagating current data queue vertexes number is 550
I20250912 20:27:39.781250 38558 StaDataPropagationBFS.cc:190] propagating current data queue vertexes number is 377
I20250912 20:27:39.817098 38558 StaDataPropagationBFS.cc:190] propagating current data queue vertexes number is 505
I20250912 20:27:39.860558 38558 StaDataPropagationBFS.cc:190] propagating current data queue vertexes number is 305
I20250912 20:27:39.894691 38558 StaDataPropagationBFS.cc:190] propagating current data queue vertexes number is 373
I20250912 20:27:39.927448 38558 StaDataPropagationBFS.cc:190] propagating current data queue vertexes number is 276
I20250912 20:27:39.961553 38558 StaDataPropagationBFS.cc:190] propagating current data queue vertexes number is 357
I20250912 20:27:39.993501 38558 StaDataPropagationBFS.cc:190] propagating current data queue vertexes number is 234
I20250912 20:27:40.020145 38558 StaDataPropagationBFS.cc:190] propagating current data queue vertexes number is 268
I20250912 20:27:40.036626 38558 StaDataPropagationBFS.cc:190] propagating current data queue vertexes number is 141
I20250912 20:27:40.059198 38558 StaDataPropagationBFS.cc:190] propagating current data queue vertexes number is 168
I20250912 20:27:40.086728 38558 StaDataPropagationBFS.cc:190] propagating current data queue vertexes number is 103
I20250912 20:27:40.105257 38558 StaDataPropagationBFS.cc:190] propagating current data queue vertexes number is 128
I20250912 20:27:40.130322 38558 StaDataPropagationBFS.cc:190] propagating current data queue vertexes number is 87
I20250912 20:27:40.150473 38558 StaDataPropagationBFS.cc:190] propagating current data queue vertexes number is 107
I20250912 20:27:40.170385 38558 StaDataPropagationBFS.cc:190] propagating current data queue vertexes number is 80
I20250912 20:27:40.187846 38558 StaDataPropagationBFS.cc:190] propagating current data queue vertexes number is 93
I20250912 20:27:40.208493 38558 StaDataPropagationBFS.cc:190] propagating current data queue vertexes number is 67
I20250912 20:27:40.226306 38558 StaDataPropagationBFS.cc:190] propagating current data queue vertexes number is 89
I20250912 20:27:40.245692 38558 StaDataPropagationBFS.cc:190] propagating current data queue vertexes number is 57
I20250912 20:27:40.264478 38558 StaDataPropagationBFS.cc:190] propagating current data queue vertexes number is 65
I20250912 20:27:40.281347 38558 StaDataPropagationBFS.cc:190] propagating current data queue vertexes number is 50
I20250912 20:27:40.296013 38558 StaDataPropagationBFS.cc:190] propagating current data queue vertexes number is 62
I20250912 20:27:40.312223 38558 StaDataPropagationBFS.cc:190] propagating current data queue vertexes number is 47
I20250912 20:27:40.327163 38558 StaDataPropagationBFS.cc:190] propagating current data queue vertexes number is 54
I20250912 20:27:40.342290 38558 StaDataPropagationBFS.cc:190] propagating current data queue vertexes number is 44
I20250912 20:27:40.358947 38558 StaDataPropagationBFS.cc:190] propagating current data queue vertexes number is 53
I20250912 20:27:40.375432 38558 StaDataPropagationBFS.cc:190] propagating current data queue vertexes number is 44
I20250912 20:27:40.390627 38558 StaDataPropagationBFS.cc:190] propagating current data queue vertexes number is 51
I20250912 20:27:40.406379 38558 StaDataPropagationBFS.cc:190] propagating current data queue vertexes number is 44
I20250912 20:27:40.421151 38558 StaDataPropagationBFS.cc:190] propagating current data queue vertexes number is 48
I20250912 20:27:40.437297 38558 StaDataPropagationBFS.cc:190] propagating current data queue vertexes number is 43
I20250912 20:27:40.451478 38558 StaDataPropagationBFS.cc:190] propagating current data queue vertexes number is 46
I20250912 20:27:40.466414 38558 StaDataPropagationBFS.cc:190] propagating current data queue vertexes number is 39
I20250912 20:27:40.479864 38558 StaDataPropagationBFS.cc:190] propagating current data queue vertexes number is 44
I20250912 20:27:40.494424 38558 StaDataPropagationBFS.cc:190] propagating current data queue vertexes number is 35
I20250912 20:27:40.507205 38558 StaDataPropagationBFS.cc:190] propagating current data queue vertexes number is 35
I20250912 20:27:40.520749 38558 StaDataPropagationBFS.cc:190] propagating current data queue vertexes number is 24
I20250912 20:27:40.535023 38558 StaDataPropagationBFS.cc:190] propagating current data queue vertexes number is 24
I20250912 20:27:40.549607 38558 StaDataPropagationBFS.cc:190] propagating current data queue vertexes number is 17
I20250912 20:27:40.563273 38558 StaDataPropagationBFS.cc:190] propagating current data queue vertexes number is 17
I20250912 20:27:40.576707 38558 StaDataPropagationBFS.cc:190] propagating current data queue vertexes number is 11
I20250912 20:27:40.589011 38558 StaDataPropagationBFS.cc:190] propagating current data queue vertexes number is 11
I20250912 20:27:40.602787 38558 StaDataPropagationBFS.cc:190] propagating current data queue vertexes number is 5
I20250912 20:27:40.615365 38558 StaDataPropagationBFS.cc:190] propagating current data queue vertexes number is 5
I20250912 20:27:40.629595 38558 StaDataPropagationBFS.cc:190] propagating current data queue vertexes number is 2
I20250912 20:27:40.642609 38558 StaDataPropagationBFS.cc:190] propagating current data queue vertexes number is 2
I20250912 20:27:40.655391 38558 StaDataPropagationBFS.cc:190] propagating current data queue vertexes number is 2
I20250912 20:27:40.668035 38558 StaDataPropagationBFS.cc:190] propagating current data queue vertexes number is 2
I20250912 20:27:40.680359 38558 StaDataPropagationBFS.cc:229] data fwd propagation bfs end
I20250912 20:27:40.680541 38558 StaDataPropagationBFS.cc:232] data fwd propagation bfs memory usage 2021.65MB
I20250912 20:27:40.680588 38558 StaDataPropagationBFS.cc:234] data fwd propagation bfs time elapsed 4.17736s
I20250912 20:27:40.680627 38558 StaDataPropagation.cc:695] data fwd propagation end
I20250912 20:27:40.680662 38558 StaDataPropagation.cc:676] data fwd propagation start
I20250912 20:27:40.680737 38558 StaDataPropagationBFS.cc:166] data fwd propagation bfs start
I20250912 20:27:40.686426 38558 StaDataPropagationBFS.cc:190] propagating current data queue vertexes number is 0
I20250912 20:27:40.699319 38558 StaDataPropagationBFS.cc:229] data fwd propagation bfs end
I20250912 20:27:40.699476 38558 StaDataPropagationBFS.cc:232] data fwd propagation bfs memory usage 0MB
I20250912 20:27:40.699538 38558 StaDataPropagationBFS.cc:234] data fwd propagation bfs time elapsed 0.018801s
I20250912 20:27:40.699576 38558 StaDataPropagation.cc:695] data fwd propagation end
I20250912 20:27:40.699618 38558 StaAnalyze.cc:557] analyze timing path start
I20250912 20:27:40.699652 38558 StaAnalyze.cc:565] analyze timing path end vertex 1 total 4575 start
[0;31mE20250912 20:27:40.699703 38558 StaAnalyze.cc:328] The output port io_master_araddr[0] is not constrained
[m[0;31mE20250912 20:27:40.699806 38558 StaAnalyze.cc:328] The output port io_master_araddr[0] is not constrained
[mI20250912 20:27:40.699878 38558 StaAnalyze.cc:599] analyze timing path end vertex 1 total 4575 end
[0;31mE20250912 20:27:40.699956 38558 StaAnalyze.cc:328] The output port io_master_araddr[1] is not constrained
[m[0;31mE20250912 20:27:40.700044 38558 StaAnalyze.cc:328] The output port io_master_araddr[1] is not constrained
[m[0;31mE20250912 20:27:40.700115 38558 StaAnalyze.cc:328] The output port io_master_araddr[2] is not constrained
[m[0;31mE20250912 20:27:40.700186 38558 StaAnalyze.cc:328] The output port io_master_araddr[2] is not constrained
[m[0;31mE20250912 20:27:40.700253 38558 StaAnalyze.cc:328] The output port io_master_araddr[3] is not constrained
[m[0;31mE20250912 20:27:40.700323 38558 StaAnalyze.cc:328] The output port io_master_araddr[3] is not constrained
[m[0;31mE20250912 20:27:40.700393 38558 StaAnalyze.cc:328] The output port io_master_araddr[4] is not constrained
[m[0;31mE20250912 20:27:40.700464 38558 StaAnalyze.cc:328] The output port io_master_araddr[4] is not constrained
[mI20250912 20:27:40.700539 38558 StaAnalyze.cc:565] analyze timing path end vertex 11 total 4575 start
I20250912 20:27:40.700572 38558 StaAnalyze.cc:599] analyze timing path end vertex 11 total 4575 end
I20250912 20:27:40.700604 38558 StaAnalyze.cc:565] analyze timing path end vertex 21 total 4575 start
I20250912 20:27:40.700636 38558 StaAnalyze.cc:599] analyze timing path end vertex 21 total 4575 end
I20250912 20:27:40.700670 38558 StaAnalyze.cc:565] analyze timing path end vertex 31 total 4575 start
I20250912 20:27:40.700702 38558 StaAnalyze.cc:599] analyze timing path end vertex 31 total 4575 end
I20250912 20:27:40.700735 38558 StaAnalyze.cc:565] analyze timing path end vertex 41 total 4575 start
I20250912 20:27:40.700767 38558 StaAnalyze.cc:599] analyze timing path end vertex 41 total 4575 end
I20250912 20:27:40.700809 38558 StaAnalyze.cc:565] analyze timing path end vertex 51 total 4575 start
I20250912 20:27:40.700840 38558 StaAnalyze.cc:599] analyze timing path end vertex 51 total 4575 end
I20250912 20:27:40.700873 38558 StaAnalyze.cc:565] analyze timing path end vertex 61 total 4575 start
I20250912 20:27:40.700942 38558 StaAnalyze.cc:599] analyze timing path end vertex 61 total 4575 end
I20250912 20:27:40.700975 38558 StaAnalyze.cc:565] analyze timing path end vertex 71 total 4575 start
I20250912 20:27:40.701007 38558 StaAnalyze.cc:599] analyze timing path end vertex 71 total 4575 end
I20250912 20:27:40.701040 38558 StaAnalyze.cc:565] analyze timing path end vertex 81 total 4575 start
I20250912 20:27:40.701100 38558 StaAnalyze.cc:599] analyze timing path end vertex 81 total 4575 end
I20250912 20:27:40.701134 38558 StaAnalyze.cc:565] analyze timing path end vertex 91 total 4575 start
I20250912 20:27:40.701189 38558 StaAnalyze.cc:599] analyze timing path end vertex 91 total 4575 end
I20250912 20:27:40.701222 38558 StaAnalyze.cc:565] analyze timing path end vertex 101 total 4575 start
I20250912 20:27:40.701261 38558 StaAnalyze.cc:599] analyze timing path end vertex 101 total 4575 end
I20250912 20:27:40.701294 38558 StaAnalyze.cc:565] analyze timing path end vertex 111 total 4575 start
I20250912 20:27:40.701326 38558 StaAnalyze.cc:599] analyze timing path end vertex 111 total 4575 end
I20250912 20:27:40.701359 38558 StaAnalyze.cc:565] analyze timing path end vertex 121 total 4575 start
I20250912 20:27:40.701391 38558 StaAnalyze.cc:599] analyze timing path end vertex 121 total 4575 end
I20250912 20:27:40.701424 38558 StaAnalyze.cc:565] analyze timing path end vertex 131 total 4575 start
I20250912 20:27:40.701455 38558 StaAnalyze.cc:599] analyze timing path end vertex 131 total 4575 end
I20250912 20:27:40.701488 38558 StaAnalyze.cc:565] analyze timing path end vertex 141 total 4575 start
I20250912 20:27:40.701520 38558 StaAnalyze.cc:599] analyze timing path end vertex 141 total 4575 end
I20250912 20:27:40.701553 38558 StaAnalyze.cc:565] analyze timing path end vertex 151 total 4575 start
I20250912 20:27:40.701586 38558 StaAnalyze.cc:599] analyze timing path end vertex 151 total 4575 end
I20250912 20:27:40.701618 38558 StaAnalyze.cc:565] analyze timing path end vertex 161 total 4575 start
I20250912 20:27:40.701649 38558 StaAnalyze.cc:599] analyze timing path end vertex 161 total 4575 end
I20250912 20:27:40.701682 38558 StaAnalyze.cc:565] analyze timing path end vertex 171 total 4575 start
I20250912 20:27:40.701714 38558 StaAnalyze.cc:599] analyze timing path end vertex 171 total 4575 end
I20250912 20:27:40.701747 38558 StaAnalyze.cc:565] analyze timing path end vertex 181 total 4575 start
I20250912 20:27:40.701779 38558 StaAnalyze.cc:599] analyze timing path end vertex 181 total 4575 end
I20250912 20:27:40.701813 38558 StaAnalyze.cc:565] analyze timing path end vertex 191 total 4575 start
I20250912 20:27:40.701869 38558 StaAnalyze.cc:303] add path data num 2 to clint/_662_:D
I20250912 20:27:40.702121 38558 StaAnalyze.cc:599] analyze timing path end vertex 191 total 4575 end
I20250912 20:27:40.702190 38558 StaAnalyze.cc:565] analyze timing path end vertex 201 total 4575 start
I20250912 20:27:40.702234 38558 StaAnalyze.cc:599] analyze timing path end vertex 201 total 4575 end
I20250912 20:27:40.702291 38558 StaAnalyze.cc:565] analyze timing path end vertex 211 total 4575 start
I20250912 20:27:40.702333 38558 StaAnalyze.cc:599] analyze timing path end vertex 211 total 4575 end
I20250912 20:27:40.702395 38558 StaAnalyze.cc:565] analyze timing path end vertex 221 total 4575 start
I20250912 20:27:40.702437 38558 StaAnalyze.cc:599] analyze timing path end vertex 221 total 4575 end
I20250912 20:27:40.702502 38558 StaAnalyze.cc:565] analyze timing path end vertex 231 total 4575 start
I20250912 20:27:40.702546 38558 StaAnalyze.cc:599] analyze timing path end vertex 231 total 4575 end
I20250912 20:27:40.702623 38558 StaAnalyze.cc:565] analyze timing path end vertex 241 total 4575 start
I20250912 20:27:40.702661 38558 StaAnalyze.cc:303] add path data num 2 to clint/_683_:D
I20250912 20:27:40.702703 38558 StaAnalyze.cc:599] analyze timing path end vertex 241 total 4575 end
I20250912 20:27:40.702757 38558 StaAnalyze.cc:565] analyze timing path end vertex 251 total 4575 start
I20250912 20:27:40.702814 38558 StaAnalyze.cc:599] analyze timing path end vertex 251 total 4575 end
I20250912 20:27:40.702870 38558 StaAnalyze.cc:565] analyze timing path end vertex 261 total 4575 start
I20250912 20:27:40.703097 38558 StaAnalyze.cc:599] analyze timing path end vertex 261 total 4575 end
I20250912 20:27:40.703150 38558 StaAnalyze.cc:565] analyze timing path end vertex 271 total 4575 start
I20250912 20:27:40.703191 38558 StaAnalyze.cc:599] analyze timing path end vertex 271 total 4575 end
I20250912 20:27:40.703245 38558 StaAnalyze.cc:565] analyze timing path end vertex 281 total 4575 start
I20250912 20:27:40.703285 38558 StaAnalyze.cc:599] analyze timing path end vertex 281 total 4575 end
I20250912 20:27:40.703357 38558 StaAnalyze.cc:565] analyze timing path end vertex 291 total 4575 start
I20250912 20:27:40.703397 38558 StaAnalyze.cc:303] add path data num 2 to clint/_708_:D
I20250912 20:27:40.703433 38558 StaAnalyze.cc:599] analyze timing path end vertex 291 total 4575 end
I20250912 20:27:40.703485 38558 StaAnalyze.cc:565] analyze timing path end vertex 301 total 4575 start
I20250912 20:27:40.703531 38558 StaAnalyze.cc:599] analyze timing path end vertex 301 total 4575 end
I20250912 20:27:40.703583 38558 StaAnalyze.cc:565] analyze timing path end vertex 311 total 4575 start
I20250912 20:27:40.703624 38558 StaAnalyze.cc:599] analyze timing path end vertex 311 total 4575 end
I20250912 20:27:40.703683 38558 StaAnalyze.cc:565] analyze timing path end vertex 321 total 4575 start
I20250912 20:27:40.703722 38558 StaAnalyze.cc:599] analyze timing path end vertex 321 total 4575 end
I20250912 20:27:40.703773 38558 StaAnalyze.cc:565] analyze timing path end vertex 331 total 4575 start
I20250912 20:27:40.703812 38558 StaAnalyze.cc:599] analyze timing path end vertex 331 total 4575 end
I20250912 20:27:40.703871 38558 StaAnalyze.cc:565] analyze timing path end vertex 341 total 4575 start
I20250912 20:27:40.703943 38558 StaAnalyze.cc:303] add path data num 2 to clint/_733_:D
I20250912 20:27:40.703980 38558 StaAnalyze.cc:599] analyze timing path end vertex 341 total 4575 end
I20250912 20:27:40.704085 38558 StaAnalyze.cc:565] analyze timing path end vertex 351 total 4575 start
I20250912 20:27:40.704118 38558 StaAnalyze.cc:599] analyze timing path end vertex 351 total 4575 end
I20250912 20:27:40.704175 38558 StaAnalyze.cc:565] analyze timing path end vertex 361 total 4575 start
I20250912 20:27:40.704213 38558 StaAnalyze.cc:599] analyze timing path end vertex 361 total 4575 end
I20250912 20:27:40.704269 38558 StaAnalyze.cc:565] analyze timing path end vertex 371 total 4575 start
I20250912 20:27:40.704301 38558 StaAnalyze.cc:599] analyze timing path end vertex 371 total 4575 end
I20250912 20:27:40.704355 38558 StaAnalyze.cc:565] analyze timing path end vertex 381 total 4575 start
I20250912 20:27:40.704393 38558 StaAnalyze.cc:599] analyze timing path end vertex 381 total 4575 end
I20250912 20:27:40.704444 38558 StaAnalyze.cc:565] analyze timing path end vertex 391 total 4575 start
I20250912 20:27:40.704478 38558 StaAnalyze.cc:303] add path data num 0 to exu/_6747_:RN
I20250912 20:27:40.704510 38558 StaAnalyze.cc:599] analyze timing path end vertex 391 total 4575 end
I20250912 20:27:40.704562 38558 StaAnalyze.cc:565] analyze timing path end vertex 401 total 4575 start
I20250912 20:27:40.704595 38558 StaAnalyze.cc:599] analyze timing path end vertex 401 total 4575 end
I20250912 20:27:40.704655 38558 StaAnalyze.cc:565] analyze timing path end vertex 411 total 4575 start
I20250912 20:27:40.704687 38558 StaAnalyze.cc:599] analyze timing path end vertex 411 total 4575 end
I20250912 20:27:40.704746 38558 StaAnalyze.cc:565] analyze timing path end vertex 421 total 4575 start
I20250912 20:27:40.704779 38558 StaAnalyze.cc:599] analyze timing path end vertex 421 total 4575 end
I20250912 20:27:40.704849 38558 StaAnalyze.cc:565] analyze timing path end vertex 431 total 4575 start
I20250912 20:27:40.704919 38558 StaAnalyze.cc:599] analyze timing path end vertex 431 total 4575 end
I20250912 20:27:40.704996 38558 StaAnalyze.cc:565] analyze timing path end vertex 441 total 4575 start
I20250912 20:27:40.705029 38558 StaAnalyze.cc:303] add path data num 0 to exu/_6772_:RN
I20250912 20:27:40.705062 38558 StaAnalyze.cc:599] analyze timing path end vertex 441 total 4575 end
I20250912 20:27:40.705117 38558 StaAnalyze.cc:565] analyze timing path end vertex 451 total 4575 start
I20250912 20:27:40.705148 38558 StaAnalyze.cc:599] analyze timing path end vertex 451 total 4575 end
I20250912 20:27:40.705204 38558 StaAnalyze.cc:565] analyze timing path end vertex 461 total 4575 start
I20250912 20:27:40.705235 38558 StaAnalyze.cc:599] analyze timing path end vertex 461 total 4575 end
I20250912 20:27:40.705300 38558 StaAnalyze.cc:565] analyze timing path end vertex 471 total 4575 start
I20250912 20:27:40.705333 38558 StaAnalyze.cc:599] analyze timing path end vertex 471 total 4575 end
I20250912 20:27:40.705389 38558 StaAnalyze.cc:565] analyze timing path end vertex 481 total 4575 start
I20250912 20:27:40.705466 38558 StaAnalyze.cc:599] analyze timing path end vertex 481 total 4575 end
I20250912 20:27:40.705523 38558 StaAnalyze.cc:565] analyze timing path end vertex 491 total 4575 start
I20250912 20:27:40.705554 38558 StaAnalyze.cc:303] add path data num 0 to exu/_6797_:RN
I20250912 20:27:40.705587 38558 StaAnalyze.cc:599] analyze timing path end vertex 491 total 4575 end
I20250912 20:27:40.705680 38558 StaAnalyze.cc:565] analyze timing path end vertex 501 total 4575 start
I20250912 20:27:40.705713 38558 StaAnalyze.cc:599] analyze timing path end vertex 501 total 4575 end
I20250912 20:27:40.705766 38558 StaAnalyze.cc:565] analyze timing path end vertex 511 total 4575 start
I20250912 20:27:40.705799 38558 StaAnalyze.cc:599] analyze timing path end vertex 511 total 4575 end
I20250912 20:27:40.705852 38558 StaAnalyze.cc:565] analyze timing path end vertex 521 total 4575 start
I20250912 20:27:40.705925 38558 StaAnalyze.cc:599] analyze timing path end vertex 521 total 4575 end
I20250912 20:27:40.705982 38558 StaAnalyze.cc:565] analyze timing path end vertex 531 total 4575 start
I20250912 20:27:40.706015 38558 StaAnalyze.cc:599] analyze timing path end vertex 531 total 4575 end
I20250912 20:27:40.706068 38558 StaAnalyze.cc:565] analyze timing path end vertex 541 total 4575 start
I20250912 20:27:40.706101 38558 StaAnalyze.cc:303] add path data num 0 to exu/_6822_:RN
I20250912 20:27:40.706135 38558 StaAnalyze.cc:599] analyze timing path end vertex 541 total 4575 end
I20250912 20:27:40.706190 38558 StaAnalyze.cc:565] analyze timing path end vertex 551 total 4575 start
I20250912 20:27:40.706228 38558 StaAnalyze.cc:599] analyze timing path end vertex 551 total 4575 end
I20250912 20:27:40.706286 38558 StaAnalyze.cc:565] analyze timing path end vertex 561 total 4575 start
I20250912 20:27:40.706319 38558 StaAnalyze.cc:599] analyze timing path end vertex 561 total 4575 end
I20250912 20:27:40.706377 38558 StaAnalyze.cc:565] analyze timing path end vertex 571 total 4575 start
I20250912 20:27:40.706409 38558 StaAnalyze.cc:599] analyze timing path end vertex 571 total 4575 end
I20250912 20:27:40.706465 38558 StaAnalyze.cc:565] analyze timing path end vertex 581 total 4575 start
I20250912 20:27:40.706538 38558 StaAnalyze.cc:599] analyze timing path end vertex 581 total 4575 end
I20250912 20:27:40.706598 38558 StaAnalyze.cc:565] analyze timing path end vertex 591 total 4575 start
I20250912 20:27:40.706630 38558 StaAnalyze.cc:303] add path data num 0 to exu/_6847_:RN
I20250912 20:27:40.706663 38558 StaAnalyze.cc:599] analyze timing path end vertex 591 total 4575 end
I20250912 20:27:40.706717 38558 StaAnalyze.cc:565] analyze timing path end vertex 601 total 4575 start
I20250912 20:27:40.706755 38558 StaAnalyze.cc:599] analyze timing path end vertex 601 total 4575 end
I20250912 20:27:40.706820 38558 StaAnalyze.cc:565] analyze timing path end vertex 611 total 4575 start
I20250912 20:27:40.706856 38558 StaAnalyze.cc:599] analyze timing path end vertex 611 total 4575 end
I20250912 20:27:40.706952 38558 StaAnalyze.cc:565] analyze timing path end vertex 621 total 4575 start
I20250912 20:27:40.706985 38558 StaAnalyze.cc:599] analyze timing path end vertex 621 total 4575 end
I20250912 20:27:40.707043 38558 StaAnalyze.cc:565] analyze timing path end vertex 631 total 4575 start
I20250912 20:27:40.707075 38558 StaAnalyze.cc:599] analyze timing path end vertex 631 total 4575 end
I20250912 20:27:40.707134 38558 StaAnalyze.cc:565] analyze timing path end vertex 641 total 4575 start
I20250912 20:27:40.707165 38558 StaAnalyze.cc:303] add path data num 0 to exu/_6872_:RN
I20250912 20:27:40.707203 38558 StaAnalyze.cc:599] analyze timing path end vertex 641 total 4575 end
I20250912 20:27:40.707258 38558 StaAnalyze.cc:565] analyze timing path end vertex 651 total 4575 start
I20250912 20:27:40.707305 38558 StaAnalyze.cc:599] analyze timing path end vertex 651 total 4575 end
I20250912 20:27:40.707362 38558 StaAnalyze.cc:565] analyze timing path end vertex 661 total 4575 start
I20250912 20:27:40.707442 38558 StaAnalyze.cc:599] analyze timing path end vertex 661 total 4575 end
I20250912 20:27:40.707497 38558 StaAnalyze.cc:565] analyze timing path end vertex 671 total 4575 start
I20250912 20:27:40.707530 38558 StaAnalyze.cc:599] analyze timing path end vertex 671 total 4575 end
I20250912 20:27:40.707587 38558 StaAnalyze.cc:565] analyze timing path end vertex 681 total 4575 start
I20250912 20:27:40.707620 38558 StaAnalyze.cc:599] analyze timing path end vertex 681 total 4575 end
I20250912 20:27:40.707672 38558 StaAnalyze.cc:565] analyze timing path end vertex 691 total 4575 start
I20250912 20:27:40.707705 38558 StaAnalyze.cc:303] add path data num 0 to exu/_6897_:RN
I20250912 20:27:40.707737 38558 StaAnalyze.cc:599] analyze timing path end vertex 691 total 4575 end
I20250912 20:27:40.707804 38558 StaAnalyze.cc:565] analyze timing path end vertex 701 total 4575 start
I20250912 20:27:40.707844 38558 StaAnalyze.cc:599] analyze timing path end vertex 701 total 4575 end
I20250912 20:27:40.707932 38558 StaAnalyze.cc:565] analyze timing path end vertex 711 total 4575 start
I20250912 20:27:40.707965 38558 StaAnalyze.cc:599] analyze timing path end vertex 711 total 4575 end
I20250912 20:27:40.708034 38558 StaAnalyze.cc:565] analyze timing path end vertex 721 total 4575 start
I20250912 20:27:40.708073 38558 StaAnalyze.cc:599] analyze timing path end vertex 721 total 4575 end
I20250912 20:27:40.708143 38558 StaAnalyze.cc:565] analyze timing path end vertex 731 total 4575 start
I20250912 20:27:40.708182 38558 StaAnalyze.cc:599] analyze timing path end vertex 731 total 4575 end
I20250912 20:27:40.708256 38558 StaAnalyze.cc:565] analyze timing path end vertex 741 total 4575 start
I20250912 20:27:40.708294 38558 StaAnalyze.cc:303] add path data num 2 to lsu/_2888_:D
I20250912 20:27:40.708330 38558 StaAnalyze.cc:599] analyze timing path end vertex 741 total 4575 end
I20250912 20:27:40.708385 38558 StaAnalyze.cc:565] analyze timing path end vertex 751 total 4575 start
I20250912 20:27:40.708425 38558 StaAnalyze.cc:599] analyze timing path end vertex 751 total 4575 end
I20250912 20:27:40.708478 38558 StaAnalyze.cc:565] analyze timing path end vertex 761 total 4575 start
I20250912 20:27:40.708518 38558 StaAnalyze.cc:599] analyze timing path end vertex 761 total 4575 end
I20250912 20:27:40.708570 38558 StaAnalyze.cc:565] analyze timing path end vertex 771 total 4575 start
I20250912 20:27:40.708608 38558 StaAnalyze.cc:599] analyze timing path end vertex 771 total 4575 end
I20250912 20:27:40.708675 38558 StaAnalyze.cc:565] analyze timing path end vertex 781 total 4575 start
I20250912 20:27:40.708720 38558 StaAnalyze.cc:599] analyze timing path end vertex 781 total 4575 end
I20250912 20:27:40.708782 38558 StaAnalyze.cc:565] analyze timing path end vertex 791 total 4575 start
I20250912 20:27:40.708827 38558 StaAnalyze.cc:303] add path data num 2 to lsu/_2913_:D
I20250912 20:27:40.708863 38558 StaAnalyze.cc:599] analyze timing path end vertex 791 total 4575 end
I20250912 20:27:40.708961 38558 StaAnalyze.cc:565] analyze timing path end vertex 801 total 4575 start
I20250912 20:27:40.709000 38558 StaAnalyze.cc:599] analyze timing path end vertex 801 total 4575 end
I20250912 20:27:40.709061 38558 StaAnalyze.cc:565] analyze timing path end vertex 811 total 4575 start
I20250912 20:27:40.709100 38558 StaAnalyze.cc:599] analyze timing path end vertex 811 total 4575 end
I20250912 20:27:40.709158 38558 StaAnalyze.cc:565] analyze timing path end vertex 821 total 4575 start
I20250912 20:27:40.709203 38558 StaAnalyze.cc:599] analyze timing path end vertex 821 total 4575 end
I20250912 20:27:40.709260 38558 StaAnalyze.cc:565] analyze timing path end vertex 831 total 4575 start
I20250912 20:27:40.709299 38558 StaAnalyze.cc:599] analyze timing path end vertex 831 total 4575 end
I20250912 20:27:40.709357 38558 StaAnalyze.cc:565] analyze timing path end vertex 841 total 4575 start
I20250912 20:27:40.709427 38558 StaAnalyze.cc:303] add path data num 2 to lsu/_2938_:D
I20250912 20:27:40.709473 38558 StaAnalyze.cc:599] analyze timing path end vertex 841 total 4575 end
I20250912 20:27:40.709525 38558 StaAnalyze.cc:565] analyze timing path end vertex 851 total 4575 start
I20250912 20:27:40.709570 38558 StaAnalyze.cc:599] analyze timing path end vertex 851 total 4575 end
I20250912 20:27:40.709640 38558 StaAnalyze.cc:565] analyze timing path end vertex 861 total 4575 start
I20250912 20:27:40.709681 38558 StaAnalyze.cc:599] analyze timing path end vertex 861 total 4575 end
I20250912 20:27:40.709746 38558 StaAnalyze.cc:565] analyze timing path end vertex 871 total 4575 start
I20250912 20:27:40.709786 38558 StaAnalyze.cc:599] analyze timing path end vertex 871 total 4575 end
I20250912 20:27:40.710001 38558 StaAnalyze.cc:565] analyze timing path end vertex 881 total 4575 start
I20250912 20:27:40.710052 38558 StaAnalyze.cc:599] analyze timing path end vertex 881 total 4575 end
I20250912 20:27:40.710143 38558 StaAnalyze.cc:565] analyze timing path end vertex 891 total 4575 start
I20250912 20:27:40.710179 38558 StaAnalyze.cc:303] add path data num 2 to exu/csr_regfile_init/_2723_:D
I20250912 20:27:40.710216 38558 StaAnalyze.cc:599] analyze timing path end vertex 891 total 4575 end
I20250912 20:27:40.710299 38558 StaAnalyze.cc:565] analyze timing path end vertex 901 total 4575 start
I20250912 20:27:40.710350 38558 StaAnalyze.cc:599] analyze timing path end vertex 901 total 4575 end
I20250912 20:27:40.710439 38558 StaAnalyze.cc:565] analyze timing path end vertex 911 total 4575 start
I20250912 20:27:40.710477 38558 StaAnalyze.cc:599] analyze timing path end vertex 911 total 4575 end
I20250912 20:27:40.710561 38558 StaAnalyze.cc:565] analyze timing path end vertex 921 total 4575 start
I20250912 20:27:40.710602 38558 StaAnalyze.cc:599] analyze timing path end vertex 921 total 4575 end
I20250912 20:27:40.710695 38558 StaAnalyze.cc:565] analyze timing path end vertex 931 total 4575 start
I20250912 20:27:40.710734 38558 StaAnalyze.cc:599] analyze timing path end vertex 931 total 4575 end
I20250912 20:27:40.710848 38558 StaAnalyze.cc:565] analyze timing path end vertex 941 total 4575 start
I20250912 20:27:40.710922 38558 StaAnalyze.cc:303] add path data num 2 to exu/csr_regfile_init/_2773_:D
I20250912 20:27:40.710959 38558 StaAnalyze.cc:599] analyze timing path end vertex 941 total 4575 end
I20250912 20:27:40.711045 38558 StaAnalyze.cc:565] analyze timing path end vertex 951 total 4575 start
I20250912 20:27:40.711107 38558 StaAnalyze.cc:599] analyze timing path end vertex 951 total 4575 end
I20250912 20:27:40.711199 38558 StaAnalyze.cc:565] analyze timing path end vertex 961 total 4575 start
I20250912 20:27:40.711243 38558 StaAnalyze.cc:599] analyze timing path end vertex 961 total 4575 end
I20250912 20:27:40.711359 38558 StaAnalyze.cc:565] analyze timing path end vertex 971 total 4575 start
I20250912 20:27:40.711413 38558 StaAnalyze.cc:599] analyze timing path end vertex 971 total 4575 end
I20250912 20:27:40.711506 38558 StaAnalyze.cc:565] analyze timing path end vertex 981 total 4575 start
I20250912 20:27:40.711551 38558 StaAnalyze.cc:599] analyze timing path end vertex 981 total 4575 end
I20250912 20:27:40.711637 38558 StaAnalyze.cc:565] analyze timing path end vertex 991 total 4575 start
I20250912 20:27:40.711678 38558 StaAnalyze.cc:303] add path data num 2 to exu/csr_regfile_init/_2823_:D
I20250912 20:27:40.711714 38558 StaAnalyze.cc:599] analyze timing path end vertex 991 total 4575 end
I20250912 20:27:40.711796 38558 StaAnalyze.cc:565] analyze timing path end vertex 1001 total 4575 start
I20250912 20:27:40.711848 38558 StaAnalyze.cc:599] analyze timing path end vertex 1001 total 4575 end
I20250912 20:27:40.711971 38558 StaAnalyze.cc:565] analyze timing path end vertex 1011 total 4575 start
I20250912 20:27:40.712010 38558 StaAnalyze.cc:599] analyze timing path end vertex 1011 total 4575 end
I20250912 20:27:40.712092 38558 StaAnalyze.cc:565] analyze timing path end vertex 1021 total 4575 start
I20250912 20:27:40.712145 38558 StaAnalyze.cc:599] analyze timing path end vertex 1021 total 4575 end
I20250912 20:27:40.712239 38558 StaAnalyze.cc:565] analyze timing path end vertex 1031 total 4575 start
I20250912 20:27:40.712277 38558 StaAnalyze.cc:599] analyze timing path end vertex 1031 total 4575 end
I20250912 20:27:40.712365 38558 StaAnalyze.cc:565] analyze timing path end vertex 1041 total 4575 start
I20250912 20:27:40.712407 38558 StaAnalyze.cc:303] add path data num 2 to exu/csr_regfile_init/_2873_:D
I20250912 20:27:40.712445 38558 StaAnalyze.cc:599] analyze timing path end vertex 1041 total 4575 end
I20250912 20:27:40.712530 38558 StaAnalyze.cc:565] analyze timing path end vertex 1051 total 4575 start
I20250912 20:27:40.712574 38558 StaAnalyze.cc:599] analyze timing path end vertex 1051 total 4575 end
I20250912 20:27:40.712680 38558 StaAnalyze.cc:565] analyze timing path end vertex 1061 total 4575 start
I20250912 20:27:40.712719 38558 StaAnalyze.cc:599] analyze timing path end vertex 1061 total 4575 end
I20250912 20:27:40.712811 38558 StaAnalyze.cc:565] analyze timing path end vertex 1071 total 4575 start
I20250912 20:27:40.712858 38558 StaAnalyze.cc:599] analyze timing path end vertex 1071 total 4575 end
I20250912 20:27:40.712955 38558 StaAnalyze.cc:565] analyze timing path end vertex 1081 total 4575 start
I20250912 20:27:40.712996 38558 StaAnalyze.cc:599] analyze timing path end vertex 1081 total 4575 end
I20250912 20:27:40.713064 38558 StaAnalyze.cc:565] analyze timing path end vertex 1091 total 4575 start
I20250912 20:27:40.713100 38558 StaAnalyze.cc:303] add path data num 2 to idu/_1728_:D
I20250912 20:27:40.713143 38558 StaAnalyze.cc:599] analyze timing path end vertex 1091 total 4575 end
I20250912 20:27:40.713205 38558 StaAnalyze.cc:565] analyze timing path end vertex 1101 total 4575 start
I20250912 20:27:40.713246 38558 StaAnalyze.cc:599] analyze timing path end vertex 1101 total 4575 end
I20250912 20:27:40.713310 38558 StaAnalyze.cc:565] analyze timing path end vertex 1111 total 4575 start
I20250912 20:27:40.713356 38558 StaAnalyze.cc:599] analyze timing path end vertex 1111 total 4575 end
I20250912 20:27:40.713416 38558 StaAnalyze.cc:565] analyze timing path end vertex 1121 total 4575 start
I20250912 20:27:40.713493 38558 StaAnalyze.cc:599] analyze timing path end vertex 1121 total 4575 end
I20250912 20:27:40.713554 38558 StaAnalyze.cc:565] analyze timing path end vertex 1131 total 4575 start
I20250912 20:27:40.713600 38558 StaAnalyze.cc:599] analyze timing path end vertex 1131 total 4575 end
I20250912 20:27:40.713663 38558 StaAnalyze.cc:565] analyze timing path end vertex 1141 total 4575 start
I20250912 20:27:40.713706 38558 StaAnalyze.cc:303] add path data num 2 to idu/_1753_:D
I20250912 20:27:40.713747 38558 StaAnalyze.cc:599] analyze timing path end vertex 1141 total 4575 end
I20250912 20:27:40.713804 38558 StaAnalyze.cc:565] analyze timing path end vertex 1151 total 4575 start
I20250912 20:27:40.713843 38558 StaAnalyze.cc:599] analyze timing path end vertex 1151 total 4575 end
I20250912 20:27:40.713950 38558 StaAnalyze.cc:565] analyze timing path end vertex 1161 total 4575 start
I20250912 20:27:40.713995 38558 StaAnalyze.cc:599] analyze timing path end vertex 1161 total 4575 end
I20250912 20:27:40.714056 38558 StaAnalyze.cc:565] analyze timing path end vertex 1171 total 4575 start
I20250912 20:27:40.714099 38558 StaAnalyze.cc:599] analyze timing path end vertex 1171 total 4575 end
I20250912 20:27:40.714159 38558 StaAnalyze.cc:565] analyze timing path end vertex 1181 total 4575 start
I20250912 20:27:40.714198 38558 StaAnalyze.cc:599] analyze timing path end vertex 1181 total 4575 end
I20250912 20:27:40.714260 38558 StaAnalyze.cc:565] analyze timing path end vertex 1191 total 4575 start
I20250912 20:27:40.714298 38558 StaAnalyze.cc:303] add path data num 2 to idu/_1778_:D
I20250912 20:27:40.714334 38558 StaAnalyze.cc:599] analyze timing path end vertex 1191 total 4575 end
I20250912 20:27:40.714398 38558 StaAnalyze.cc:565] analyze timing path end vertex 1201 total 4575 start
[0;31mE20250912 20:27:40.714444 38558 StaAnalyze.cc:306] end vertex idu/_1783_:D has no clock data.
[m[0;31mE20250912 20:27:40.714529 38558 StaAnalyze.cc:306] end vertex idu/_1783_:D has no clock data.
[mI20250912 20:27:40.714600 38558 StaAnalyze.cc:599] analyze timing path end vertex 1201 total 4575 end
[0;31mE20250912 20:27:40.714632 38558 StaAnalyze.cc:306] end vertex idu/_1784_:D has no clock data.
[m[0;31mE20250912 20:27:40.714709 38558 StaAnalyze.cc:306] end vertex idu/_1784_:D has no clock data.
[m[0;31mE20250912 20:27:40.714779 38558 StaAnalyze.cc:306] end vertex idu/_1785_:D has no clock data.
[m[0;31mE20250912 20:27:40.714865 38558 StaAnalyze.cc:306] end vertex idu/_1785_:D has no clock data.
[m[0;31mE20250912 20:27:40.714977 38558 StaAnalyze.cc:306] end vertex idu/_1786_:D has no clock data.
[m[0;31mE20250912 20:27:40.715046 38558 StaAnalyze.cc:306] end vertex idu/_1786_:D has no clock data.
[m[0;31mE20250912 20:27:40.715116 38558 StaAnalyze.cc:306] end vertex idu/_1787_:D has no clock data.
[m[0;31mE20250912 20:27:40.715185 38558 StaAnalyze.cc:306] end vertex idu/_1787_:D has no clock data.
[m[0;31mE20250912 20:27:40.715256 38558 StaAnalyze.cc:306] end vertex idu/_1788_:D has no clock data.
[m[0;31mE20250912 20:27:40.715332 38558 StaAnalyze.cc:306] end vertex idu/_1788_:D has no clock data.
[m[0;31mE20250912 20:27:40.715401 38558 StaAnalyze.cc:306] end vertex idu/_1789_:D has no clock data.
[m[0;31mE20250912 20:27:40.715476 38558 StaAnalyze.cc:306] end vertex idu/_1789_:D has no clock data.
[m[0;31mE20250912 20:27:40.715545 38558 StaAnalyze.cc:306] end vertex idu/_1790_:D has no clock data.
[m[0;31mE20250912 20:27:40.715621 38558 StaAnalyze.cc:306] end vertex idu/_1790_:D has no clock data.
[m[0;31mE20250912 20:27:40.715691 38558 StaAnalyze.cc:306] end vertex idu/_1791_:D has no clock data.
[m[0;31mE20250912 20:27:40.715775 38558 StaAnalyze.cc:306] end vertex idu/_1791_:D has no clock data.
[m[0;31mE20250912 20:27:40.715844 38558 StaAnalyze.cc:306] end vertex idu/_1792_:D has no clock data.
[m[0;31mE20250912 20:27:40.715965 38558 StaAnalyze.cc:306] end vertex idu/_1792_:D has no clock data.
[mI20250912 20:27:40.716044 38558 StaAnalyze.cc:565] analyze timing path end vertex 1211 total 4575 start
[0;31mE20250912 20:27:40.716077 38558 StaAnalyze.cc:306] end vertex idu/_1793_:D has no clock data.
[m[0;31mE20250912 20:27:40.716147 38558 StaAnalyze.cc:306] end vertex idu/_1793_:D has no clock data.
[mI20250912 20:27:40.716217 38558 StaAnalyze.cc:599] analyze timing path end vertex 1211 total 4575 end
[0;31mE20250912 20:27:40.716250 38558 StaAnalyze.cc:306] end vertex idu/_1794_:D has no clock data.
[m[0;31mE20250912 20:27:40.716326 38558 StaAnalyze.cc:306] end vertex idu/_1794_:D has no clock data.
[m[0;31mE20250912 20:27:40.716396 38558 StaAnalyze.cc:306] end vertex idu/_1795_:D has no clock data.
[m[0;31mE20250912 20:27:40.716480 38558 StaAnalyze.cc:306] end vertex idu/_1795_:D has no clock data.
[m[0;31mE20250912 20:27:40.716552 38558 StaAnalyze.cc:306] end vertex idu/_1796_:D has no clock data.
[m[0;31mE20250912 20:27:40.716629 38558 StaAnalyze.cc:306] end vertex idu/_1796_:D has no clock data.
[m[0;31mE20250912 20:27:40.716699 38558 StaAnalyze.cc:306] end vertex idu/_1797_:D has no clock data.
[m[0;31mE20250912 20:27:40.716775 38558 StaAnalyze.cc:306] end vertex idu/_1797_:D has no clock data.
[m[0;31mE20250912 20:27:40.716854 38558 StaAnalyze.cc:306] end vertex idu/_1798_:D has no clock data.
[m[0;31mE20250912 20:27:40.716979 38558 StaAnalyze.cc:306] end vertex idu/_1798_:D has no clock data.
[m[0;31mE20250912 20:27:40.717056 38558 StaAnalyze.cc:306] end vertex idu/_1799_:D has no clock data.
[m[0;31mE20250912 20:27:40.717128 38558 StaAnalyze.cc:306] end vertex idu/_1799_:D has no clock data.
[m[0;31mE20250912 20:27:40.717203 38558 StaAnalyze.cc:306] end vertex idu/_1800_:D has no clock data.
[m[0;31mE20250912 20:27:40.717273 38558 StaAnalyze.cc:306] end vertex idu/_1800_:D has no clock data.
[m[0;31mE20250912 20:27:40.717348 38558 StaAnalyze.cc:306] end vertex idu/_1801_:D has no clock data.
[m[0;31mE20250912 20:27:40.717417 38558 StaAnalyze.cc:306] end vertex idu/_1801_:D has no clock data.
[m[0;31mE20250912 20:27:40.717489 38558 StaAnalyze.cc:306] end vertex idu/_1802_:D has no clock data.
[m[0;31mE20250912 20:27:40.717558 38558 StaAnalyze.cc:306] end vertex idu/_1802_:D has no clock data.
[mI20250912 20:27:40.717654 38558 StaAnalyze.cc:565] analyze timing path end vertex 1221 total 4575 start
[0;31mE20250912 20:27:40.717689 38558 StaAnalyze.cc:306] end vertex idu/_1803_:D has no clock data.
[m[0;31mE20250912 20:27:40.717759 38558 StaAnalyze.cc:306] end vertex idu/_1803_:D has no clock data.
[mI20250912 20:27:40.717844 38558 StaAnalyze.cc:599] analyze timing path end vertex 1221 total 4575 end
[0;31mE20250912 20:27:40.717877 38558 StaAnalyze.cc:306] end vertex idu/_1804_:D has no clock data.
[m[0;31mE20250912 20:27:40.717983 38558 StaAnalyze.cc:306] end vertex idu/_1804_:D has no clock data.
[m[0;31mE20250912 20:27:40.718052 38558 StaAnalyze.cc:306] end vertex idu/_1805_:D has no clock data.
[m[0;31mE20250912 20:27:40.718122 38558 StaAnalyze.cc:306] end vertex idu/_1805_:D has no clock data.
[m[0;31mE20250912 20:27:40.718233 38558 StaAnalyze.cc:306] end vertex idu/_1806_:D has no clock data.
[m[0;31mE20250912 20:27:40.718303 38558 StaAnalyze.cc:306] end vertex idu/_1806_:D has no clock data.
[m[0;31mE20250912 20:27:40.718374 38558 StaAnalyze.cc:306] end vertex idu/_1807_:D has no clock data.
[m[0;31mE20250912 20:27:40.718446 38558 StaAnalyze.cc:306] end vertex idu/_1807_:D has no clock data.
[m[0;31mE20250912 20:27:40.718520 38558 StaAnalyze.cc:306] end vertex idu/_1808_:D has no clock data.
[m[0;31mE20250912 20:27:40.718590 38558 StaAnalyze.cc:306] end vertex idu/_1808_:D has no clock data.
[m[0;31mE20250912 20:27:40.718667 38558 StaAnalyze.cc:306] end vertex idu/_1809_:D has no clock data.
[m[0;31mE20250912 20:27:40.718735 38558 StaAnalyze.cc:306] end vertex idu/_1809_:D has no clock data.
[m[0;31mE20250912 20:27:40.718806 38558 StaAnalyze.cc:306] end vertex idu/_1810_:D has no clock data.
[m[0;31mE20250912 20:27:40.718923 38558 StaAnalyze.cc:306] end vertex idu/_1810_:D has no clock data.
[m[0;31mE20250912 20:27:40.718997 38558 StaAnalyze.cc:306] end vertex idu/_1811_:D has no clock data.
[m[0;31mE20250912 20:27:40.719066 38558 StaAnalyze.cc:306] end vertex idu/_1811_:D has no clock data.
[m[0;31mE20250912 20:27:40.719136 38558 StaAnalyze.cc:306] end vertex idu/_1812_:D has no clock data.
[m[0;31mE20250912 20:27:40.719247 38558 StaAnalyze.cc:306] end vertex idu/_1812_:D has no clock data.
[mI20250912 20:27:40.719316 38558 StaAnalyze.cc:565] analyze timing path end vertex 1231 total 4575 start
[0;31mE20250912 20:27:40.719354 38558 StaAnalyze.cc:306] end vertex idu/_1813_:D has no clock data.
[m[0;31mE20250912 20:27:40.719429 38558 StaAnalyze.cc:306] end vertex idu/_1813_:D has no clock data.
[mI20250912 20:27:40.719499 38558 StaAnalyze.cc:599] analyze timing path end vertex 1231 total 4575 end
[0;31mE20250912 20:27:40.719532 38558 StaAnalyze.cc:306] end vertex idu/_1814_:D has no clock data.
[m[0;31mE20250912 20:27:40.719599 38558 StaAnalyze.cc:306] end vertex idu/_1814_:D has no clock data.
[mI20250912 20:27:40.719733 38558 StaAnalyze.cc:565] analyze timing path end vertex 1241 total 4575 start
I20250912 20:27:40.719771 38558 StaAnalyze.cc:303] add path data num 2 to ifbiu/_755_:D
I20250912 20:27:40.719807 38558 StaAnalyze.cc:599] analyze timing path end vertex 1241 total 4575 end
I20250912 20:27:40.719872 38558 StaAnalyze.cc:565] analyze timing path end vertex 1251 total 4575 start
I20250912 20:27:40.719940 38558 StaAnalyze.cc:599] analyze timing path end vertex 1251 total 4575 end
I20250912 20:27:40.720006 38558 StaAnalyze.cc:565] analyze timing path end vertex 1261 total 4575 start
I20250912 20:27:40.720043 38558 StaAnalyze.cc:599] analyze timing path end vertex 1261 total 4575 end
I20250912 20:27:40.720110 38558 StaAnalyze.cc:565] analyze timing path end vertex 1271 total 4575 start
I20250912 20:27:40.720148 38558 StaAnalyze.cc:599] analyze timing path end vertex 1271 total 4575 end
I20250912 20:27:40.720213 38558 StaAnalyze.cc:565] analyze timing path end vertex 1281 total 4575 start
I20250912 20:27:40.720247 38558 StaAnalyze.cc:599] analyze timing path end vertex 1281 total 4575 end
I20250912 20:27:40.720314 38558 StaAnalyze.cc:565] analyze timing path end vertex 1291 total 4575 start
I20250912 20:27:40.720347 38558 StaAnalyze.cc:303] add path data num 0 to ifbiu/_780_:RN
I20250912 20:27:40.720528 38558 StaAnalyze.cc:599] analyze timing path end vertex 1291 total 4575 end
I20250912 20:27:40.720613 38558 StaAnalyze.cc:565] analyze timing path end vertex 1301 total 4575 start
I20250912 20:27:40.720647 38558 StaAnalyze.cc:599] analyze timing path end vertex 1301 total 4575 end
I20250912 20:27:40.720716 38558 StaAnalyze.cc:565] analyze timing path end vertex 1311 total 4575 start
I20250912 20:27:40.720749 38558 StaAnalyze.cc:599] analyze timing path end vertex 1311 total 4575 end
I20250912 20:27:40.720817 38558 StaAnalyze.cc:565] analyze timing path end vertex 1321 total 4575 start
I20250912 20:27:40.720855 38558 StaAnalyze.cc:599] analyze timing path end vertex 1321 total 4575 end
I20250912 20:27:40.720957 38558 StaAnalyze.cc:565] analyze timing path end vertex 1331 total 4575 start
I20250912 20:27:40.720990 38558 StaAnalyze.cc:599] analyze timing path end vertex 1331 total 4575 end
I20250912 20:27:40.721055 38558 StaAnalyze.cc:565] analyze timing path end vertex 1341 total 4575 start
I20250912 20:27:40.721092 38558 StaAnalyze.cc:303] add path data num 0 to ifbiu/_805_:RN
I20250912 20:27:40.721125 38558 StaAnalyze.cc:599] analyze timing path end vertex 1341 total 4575 end
I20250912 20:27:40.721187 38558 StaAnalyze.cc:565] analyze timing path end vertex 1351 total 4575 start
I20250912 20:27:40.721220 38558 StaAnalyze.cc:599] analyze timing path end vertex 1351 total 4575 end
I20250912 20:27:40.721285 38558 StaAnalyze.cc:565] analyze timing path end vertex 1361 total 4575 start
I20250912 20:27:40.721324 38558 StaAnalyze.cc:599] analyze timing path end vertex 1361 total 4575 end
I20250912 20:27:40.721391 38558 StaAnalyze.cc:565] analyze timing path end vertex 1371 total 4575 start
I20250912 20:27:40.721470 38558 StaAnalyze.cc:599] analyze timing path end vertex 1371 total 4575 end
I20250912 20:27:40.721557 38558 StaAnalyze.cc:565] analyze timing path end vertex 1381 total 4575 start
I20250912 20:27:40.721597 38558 StaAnalyze.cc:599] analyze timing path end vertex 1381 total 4575 end
I20250912 20:27:40.721686 38558 StaAnalyze.cc:565] analyze timing path end vertex 1391 total 4575 start
I20250912 20:27:40.721728 38558 StaAnalyze.cc:303] add path data num 2 to ifu/_0927_:D
I20250912 20:27:40.721764 38558 StaAnalyze.cc:599] analyze timing path end vertex 1391 total 4575 end
I20250912 20:27:40.721849 38558 StaAnalyze.cc:565] analyze timing path end vertex 1401 total 4575 start
I20250912 20:27:40.721946 38558 StaAnalyze.cc:599] analyze timing path end vertex 1401 total 4575 end
I20250912 20:27:40.722035 38558 StaAnalyze.cc:565] analyze timing path end vertex 1411 total 4575 start
I20250912 20:27:40.722079 38558 StaAnalyze.cc:599] analyze timing path end vertex 1411 total 4575 end
I20250912 20:27:40.722169 38558 StaAnalyze.cc:565] analyze timing path end vertex 1421 total 4575 start
I20250912 20:27:40.722214 38558 StaAnalyze.cc:599] analyze timing path end vertex 1421 total 4575 end
I20250912 20:27:40.722342 38558 StaAnalyze.cc:565] analyze timing path end vertex 1431 total 4575 start
I20250912 20:27:40.722388 38558 StaAnalyze.cc:599] analyze timing path end vertex 1431 total 4575 end
I20250912 20:27:40.722483 38558 StaAnalyze.cc:565] analyze timing path end vertex 1441 total 4575 start
I20250912 20:27:40.722518 38558 StaAnalyze.cc:303] add path data num 0 to ifu/_0976_:SN
I20250912 20:27:40.722551 38558 StaAnalyze.cc:599] analyze timing path end vertex 1441 total 4575 end
I20250912 20:27:40.722623 38558 StaAnalyze.cc:565] analyze timing path end vertex 1451 total 4575 start
I20250912 20:27:40.722657 38558 StaAnalyze.cc:599] analyze timing path end vertex 1451 total 4575 end
I20250912 20:27:40.722724 38558 StaAnalyze.cc:565] analyze timing path end vertex 1461 total 4575 start
I20250912 20:27:40.722757 38558 StaAnalyze.cc:599] analyze timing path end vertex 1461 total 4575 end
I20250912 20:27:40.722832 38558 StaAnalyze.cc:565] analyze timing path end vertex 1471 total 4575 start
I20250912 20:27:40.722865 38558 StaAnalyze.cc:599] analyze timing path end vertex 1471 total 4575 end
I20250912 20:27:40.722968 38558 StaAnalyze.cc:565] analyze timing path end vertex 1481 total 4575 start
I20250912 20:27:40.723001 38558 StaAnalyze.cc:599] analyze timing path end vertex 1481 total 4575 end
I20250912 20:27:40.723099 38558 StaAnalyze.cc:565] analyze timing path end vertex 1491 total 4575 start
I20250912 20:27:40.723135 38558 StaAnalyze.cc:303] add path data num 0 to ifu/_1001_:RN
I20250912 20:27:40.723167 38558 StaAnalyze.cc:599] analyze timing path end vertex 1491 total 4575 end
I20250912 20:27:40.723234 38558 StaAnalyze.cc:565] analyze timing path end vertex 1501 total 4575 start
I20250912 20:27:40.723269 38558 StaAnalyze.cc:599] analyze timing path end vertex 1501 total 4575 end
I20250912 20:27:40.723342 38558 StaAnalyze.cc:565] analyze timing path end vertex 1511 total 4575 start
I20250912 20:27:40.723387 38558 StaAnalyze.cc:599] analyze timing path end vertex 1511 total 4575 end
[0;31mE20250912 20:27:40.723430 38558 StaAnalyze.cc:306] end vertex ifu/_1013_:D has no clock data.
[m[0;31mE20250912 20:27:40.723515 38558 StaAnalyze.cc:306] end vertex ifu/_1013_:D has no clock data.
[m[0;31mE20250912 20:27:40.723584 38558 StaAnalyze.cc:306] end vertex ifu/_1014_:D has no clock data.
[m[0;31mE20250912 20:27:40.723661 38558 StaAnalyze.cc:306] end vertex ifu/_1014_:D has no clock data.
[m[0;31mE20250912 20:27:40.723732 38558 StaAnalyze.cc:306] end vertex ifu/_1015_:D has no clock data.
[m[0;31mE20250912 20:27:40.723802 38558 StaAnalyze.cc:306] end vertex ifu/_1015_:D has no clock data.
[m[0;31mE20250912 20:27:40.723872 38558 StaAnalyze.cc:306] end vertex ifu/_1016_:D has no clock data.
[m[0;31mE20250912 20:27:40.723987 38558 StaAnalyze.cc:306] end vertex ifu/_1016_:D has no clock data.
[m[0;31mE20250912 20:27:40.724058 38558 StaAnalyze.cc:306] end vertex ifu/_1017_:D has no clock data.
[m[0;31mE20250912 20:27:40.724179 38558 StaAnalyze.cc:306] end vertex ifu/_1017_:D has no clock data.
[m[0;31mE20250912 20:27:40.724259 38558 StaAnalyze.cc:306] end vertex ifu/_1018_:D has no clock data.
[m[0;31mE20250912 20:27:40.724339 38558 StaAnalyze.cc:306] end vertex ifu/_1018_:D has no clock data.
[m[0;31mE20250912 20:27:40.724416 38558 StaAnalyze.cc:306] end vertex ifu/_1019_:D has no clock data.
[m[0;31mE20250912 20:27:40.724486 38558 StaAnalyze.cc:306] end vertex ifu/_1019_:D has no clock data.
[mI20250912 20:27:40.724556 38558 StaAnalyze.cc:565] analyze timing path end vertex 1521 total 4575 start
[0;31mE20250912 20:27:40.724588 38558 StaAnalyze.cc:306] end vertex ifu/_1020_:D has no clock data.
[m[0;31mE20250912 20:27:40.724658 38558 StaAnalyze.cc:306] end vertex ifu/_1020_:D has no clock data.
[mI20250912 20:27:40.724726 38558 StaAnalyze.cc:599] analyze timing path end vertex 1521 total 4575 end
[0;31mE20250912 20:27:40.724759 38558 StaAnalyze.cc:306] end vertex ifu/_1021_:D has no clock data.
[m[0;31mE20250912 20:27:40.724829 38558 StaAnalyze.cc:306] end vertex ifu/_1021_:D has no clock data.
[m[0;31mE20250912 20:27:40.724939 38558 StaAnalyze.cc:306] end vertex ifu/_1022_:D has no clock data.
[m[0;31mE20250912 20:27:40.725013 38558 StaAnalyze.cc:306] end vertex ifu/_1022_:D has no clock data.
[m[0;31mE20250912 20:27:40.725083 38558 StaAnalyze.cc:306] end vertex ifu/_1023_:D has no clock data.
[m[0;31mE20250912 20:27:40.725153 38558 StaAnalyze.cc:306] end vertex ifu/_1023_:D has no clock data.
[m[0;31mE20250912 20:27:40.725229 38558 StaAnalyze.cc:306] end vertex ifu/_1024_:D has no clock data.
[m[0;31mE20250912 20:27:40.725299 38558 StaAnalyze.cc:306] end vertex ifu/_1024_:D has no clock data.
[m[0;31mE20250912 20:27:40.725371 38558 StaAnalyze.cc:306] end vertex ifu/_1025_:D has no clock data.
[m[0;31mE20250912 20:27:40.725441 38558 StaAnalyze.cc:306] end vertex ifu/_1025_:D has no clock data.
[m[0;31mE20250912 20:27:40.725512 38558 StaAnalyze.cc:306] end vertex ifu/_1026_:D has no clock data.
[m[0;31mE20250912 20:27:40.725581 38558 StaAnalyze.cc:306] end vertex ifu/_1026_:D has no clock data.
[m[0;31mE20250912 20:27:40.725652 38558 StaAnalyze.cc:306] end vertex ifu/_1027_:D has no clock data.
[m[0;31mE20250912 20:27:40.725723 38558 StaAnalyze.cc:306] end vertex ifu/_1027_:D has no clock data.
[m[0;31mE20250912 20:27:40.725828 38558 StaAnalyze.cc:306] end vertex ifu/_1028_:D has no clock data.
[m[0;31mE20250912 20:27:40.725934 38558 StaAnalyze.cc:306] end vertex ifu/_1028_:D has no clock data.
[m[0;31mE20250912 20:27:40.726006 38558 StaAnalyze.cc:306] end vertex ifu/_1029_:D has no clock data.
[m[0;31mE20250912 20:27:40.726096 38558 StaAnalyze.cc:306] end vertex ifu/_1029_:D has no clock data.
[mI20250912 20:27:40.726172 38558 StaAnalyze.cc:565] analyze timing path end vertex 1531 total 4575 start
[0;31mE20250912 20:27:40.726205 38558 StaAnalyze.cc:306] end vertex ifu/_1030_:D has no clock data.
[m[0;31mE20250912 20:27:40.726281 38558 StaAnalyze.cc:306] end vertex ifu/_1030_:D has no clock data.
[mI20250912 20:27:40.726351 38558 StaAnalyze.cc:599] analyze timing path end vertex 1531 total 4575 end
[0;31mE20250912 20:27:40.726384 38558 StaAnalyze.cc:306] end vertex ifu/_1031_:D has no clock data.
[m[0;31mE20250912 20:27:40.726452 38558 StaAnalyze.cc:306] end vertex ifu/_1031_:D has no clock data.
[m[0;31mE20250912 20:27:40.726522 38558 StaAnalyze.cc:306] end vertex ifu/_1032_:D has no clock data.
[m[0;31mE20250912 20:27:40.726593 38558 StaAnalyze.cc:306] end vertex ifu/_1032_:D has no clock data.
[m[0;31mE20250912 20:27:40.726675 38558 StaAnalyze.cc:306] end vertex ifu/_1033_:D has no clock data.
[m[0;31mE20250912 20:27:40.726743 38558 StaAnalyze.cc:306] end vertex ifu/_1033_:D has no clock data.
[m[0;31mE20250912 20:27:40.726972 38558 StaAnalyze.cc:306] end vertex ifu/_1034_:D has no clock data.
[m[0;31mE20250912 20:27:40.727059 38558 StaAnalyze.cc:306] end vertex ifu/_1034_:D has no clock data.
[m[0;31mE20250912 20:27:40.727131 38558 StaAnalyze.cc:306] end vertex ifu/_1035_:D has no clock data.
[m[0;31mE20250912 20:27:40.727209 38558 StaAnalyze.cc:306] end vertex ifu/_1035_:D has no clock data.
[m[0;31mE20250912 20:27:40.727281 38558 StaAnalyze.cc:306] end vertex ifu/_1036_:D has no clock data.
[m[0;31mE20250912 20:27:40.727358 38558 StaAnalyze.cc:306] end vertex ifu/_1036_:D has no clock data.
[m[0;31mE20250912 20:27:40.727430 38558 StaAnalyze.cc:306] end vertex ifu/_1037_:D has no clock data.
[m[0;31mE20250912 20:27:40.727509 38558 StaAnalyze.cc:306] end vertex ifu/_1037_:D has no clock data.
[m[0;31mE20250912 20:27:40.727582 38558 StaAnalyze.cc:306] end vertex ifu/_1038_:D has no clock data.
[m[0;31mE20250912 20:27:40.727659 38558 StaAnalyze.cc:306] end vertex ifu/_1038_:D has no clock data.
[m[0;31mE20250912 20:27:40.727865 38558 StaAnalyze.cc:306] end vertex ifu/_1039_:D has no clock data.
[m[0;31mE20250912 20:27:40.728011 38558 StaAnalyze.cc:306] end vertex ifu/_1039_:D has no clock data.
[mI20250912 20:27:40.728101 38558 StaAnalyze.cc:565] analyze timing path end vertex 1541 total 4575 start
I20250912 20:27:40.728133 38558 StaAnalyze.cc:303] add path data num 0 to ifu/_1040_:D
[0;31mE20250912 20:27:40.728165 38558 StaAnalyze.cc:306] end vertex ifu/_1040_:D has no clock data.
[m[0;31mE20250912 20:27:40.728291 38558 StaAnalyze.cc:306] end vertex ifu/_1040_:D has no clock data.
[mI20250912 20:27:40.728363 38558 StaAnalyze.cc:599] analyze timing path end vertex 1541 total 4575 end
[0;31mE20250912 20:27:40.728395 38558 StaAnalyze.cc:306] end vertex ifu/_1041_:D has no clock data.
[m[0;31mE20250912 20:27:40.728464 38558 StaAnalyze.cc:306] end vertex ifu/_1041_:D has no clock data.
[m[0;31mE20250912 20:27:40.728540 38558 StaAnalyze.cc:306] end vertex ifu/_1042_:D has no clock data.
[m[0;31mE20250912 20:27:40.728610 38558 StaAnalyze.cc:306] end vertex ifu/_1042_:D has no clock data.
[m[0;31mE20250912 20:27:40.728679 38558 StaAnalyze.cc:306] end vertex ifu/_1043_:D has no clock data.
[m[0;31mE20250912 20:27:40.728749 38558 StaAnalyze.cc:306] end vertex ifu/_1043_:D has no clock data.
[m[0;31mE20250912 20:27:40.728818 38558 StaAnalyze.cc:306] end vertex ifu/_1044_:D has no clock data.
[m[0;31mE20250912 20:27:40.728919 38558 StaAnalyze.cc:306] end vertex ifu/_1044_:D has no clock data.
[mI20250912 20:27:40.729080 38558 StaAnalyze.cc:565] analyze timing path end vertex 1551 total 4575 start
I20250912 20:27:40.729128 38558 StaAnalyze.cc:599] analyze timing path end vertex 1551 total 4575 end
I20250912 20:27:40.729228 38558 StaAnalyze.cc:565] analyze timing path end vertex 1561 total 4575 start
I20250912 20:27:40.729267 38558 StaAnalyze.cc:599] analyze timing path end vertex 1561 total 4575 end
I20250912 20:27:40.729362 38558 StaAnalyze.cc:565] analyze timing path end vertex 1571 total 4575 start
I20250912 20:27:40.729401 38558 StaAnalyze.cc:599] analyze timing path end vertex 1571 total 4575 end
I20250912 20:27:40.729522 38558 StaAnalyze.cc:565] analyze timing path end vertex 1581 total 4575 start
I20250912 20:27:40.729583 38558 StaAnalyze.cc:599] analyze timing path end vertex 1581 total 4575 end
I20250912 20:27:40.729681 38558 StaAnalyze.cc:565] analyze timing path end vertex 1591 total 4575 start
I20250912 20:27:40.729718 38558 StaAnalyze.cc:303] add path data num 2 to lsbiu/_2026_:D
I20250912 20:27:40.729766 38558 StaAnalyze.cc:599] analyze timing path end vertex 1591 total 4575 end
I20250912 20:27:40.729842 38558 StaAnalyze.cc:565] analyze timing path end vertex 1601 total 4575 start
I20250912 20:27:40.729875 38558 StaAnalyze.cc:599] analyze timing path end vertex 1601 total 4575 end
I20250912 20:27:40.729977 38558 StaAnalyze.cc:565] analyze timing path end vertex 1611 total 4575 start
I20250912 20:27:40.730015 38558 StaAnalyze.cc:599] analyze timing path end vertex 1611 total 4575 end
I20250912 20:27:40.730080 38558 StaAnalyze.cc:565] analyze timing path end vertex 1621 total 4575 start
I20250912 20:27:40.730113 38558 StaAnalyze.cc:599] analyze timing path end vertex 1621 total 4575 end
I20250912 20:27:40.730180 38558 StaAnalyze.cc:565] analyze timing path end vertex 1631 total 4575 start
I20250912 20:27:40.730212 38558 StaAnalyze.cc:599] analyze timing path end vertex 1631 total 4575 end
I20250912 20:27:40.730283 38558 StaAnalyze.cc:565] analyze timing path end vertex 1641 total 4575 start
I20250912 20:27:40.730314 38558 StaAnalyze.cc:303] add path data num 0 to lsbiu/_2054_:RN
I20250912 20:27:40.730346 38558 StaAnalyze.cc:599] analyze timing path end vertex 1641 total 4575 end
I20250912 20:27:40.730408 38558 StaAnalyze.cc:565] analyze timing path end vertex 1651 total 4575 start
I20250912 20:27:40.730440 38558 StaAnalyze.cc:599] analyze timing path end vertex 1651 total 4575 end
I20250912 20:27:40.730506 38558 StaAnalyze.cc:565] analyze timing path end vertex 1661 total 4575 start
I20250912 20:27:40.730540 38558 StaAnalyze.cc:599] analyze timing path end vertex 1661 total 4575 end
I20250912 20:27:40.730605 38558 StaAnalyze.cc:565] analyze timing path end vertex 1671 total 4575 start
I20250912 20:27:40.730639 38558 StaAnalyze.cc:599] analyze timing path end vertex 1671 total 4575 end
I20250912 20:27:40.730711 38558 StaAnalyze.cc:565] analyze timing path end vertex 1681 total 4575 start
I20250912 20:27:40.730751 38558 StaAnalyze.cc:599] analyze timing path end vertex 1681 total 4575 end
I20250912 20:27:40.730821 38558 StaAnalyze.cc:565] analyze timing path end vertex 1691 total 4575 start
I20250912 20:27:40.730856 38558 StaAnalyze.cc:303] add path data num 0 to lsbiu/_2079_:RN
I20250912 20:27:40.730926 38558 StaAnalyze.cc:599] analyze timing path end vertex 1691 total 4575 end
I20250912 20:27:40.731055 38558 StaAnalyze.cc:565] analyze timing path end vertex 1701 total 4575 start
I20250912 20:27:40.731093 38558 StaAnalyze.cc:599] analyze timing path end vertex 1701 total 4575 end
I20250912 20:27:40.731168 38558 StaAnalyze.cc:565] analyze timing path end vertex 1711 total 4575 start
I20250912 20:27:40.731210 38558 StaAnalyze.cc:599] analyze timing path end vertex 1711 total 4575 end
I20250912 20:27:40.731283 38558 StaAnalyze.cc:565] analyze timing path end vertex 1721 total 4575 start
I20250912 20:27:40.731320 38558 StaAnalyze.cc:599] analyze timing path end vertex 1721 total 4575 end
I20250912 20:27:40.731395 38558 StaAnalyze.cc:565] analyze timing path end vertex 1731 total 4575 start
I20250912 20:27:40.731458 38558 StaAnalyze.cc:599] analyze timing path end vertex 1731 total 4575 end
I20250912 20:27:40.731536 38558 StaAnalyze.cc:565] analyze timing path end vertex 1741 total 4575 start
I20250912 20:27:40.731580 38558 StaAnalyze.cc:303] add path data num 0 to lsbiu/_2104_:RN
I20250912 20:27:40.731616 38558 StaAnalyze.cc:599] analyze timing path end vertex 1741 total 4575 end
I20250912 20:27:40.731688 38558 StaAnalyze.cc:565] analyze timing path end vertex 1751 total 4575 start
I20250912 20:27:40.731726 38558 StaAnalyze.cc:599] analyze timing path end vertex 1751 total 4575 end
I20250912 20:27:40.731797 38558 StaAnalyze.cc:565] analyze timing path end vertex 1761 total 4575 start
I20250912 20:27:40.731845 38558 StaAnalyze.cc:599] analyze timing path end vertex 1761 total 4575 end
I20250912 20:27:40.731958 38558 StaAnalyze.cc:565] analyze timing path end vertex 1771 total 4575 start
I20250912 20:27:40.731992 38558 StaAnalyze.cc:599] analyze timing path end vertex 1771 total 4575 end
I20250912 20:27:40.732064 38558 StaAnalyze.cc:565] analyze timing path end vertex 1781 total 4575 start
I20250912 20:27:40.732102 38558 StaAnalyze.cc:599] analyze timing path end vertex 1781 total 4575 end
I20250912 20:27:40.732173 38558 StaAnalyze.cc:565] analyze timing path end vertex 1791 total 4575 start
I20250912 20:27:40.732208 38558 StaAnalyze.cc:303] add path data num 0 to lsbiu/_2129_:RN
I20250912 20:27:40.732242 38558 StaAnalyze.cc:599] analyze timing path end vertex 1791 total 4575 end
I20250912 20:27:40.732314 38558 StaAnalyze.cc:565] analyze timing path end vertex 1801 total 4575 start
I20250912 20:27:40.732349 38558 StaAnalyze.cc:599] analyze timing path end vertex 1801 total 4575 end
I20250912 20:27:40.732415 38558 StaAnalyze.cc:565] analyze timing path end vertex 1811 total 4575 start
I20250912 20:27:40.732455 38558 StaAnalyze.cc:599] analyze timing path end vertex 1811 total 4575 end
I20250912 20:27:40.732520 38558 StaAnalyze.cc:565] analyze timing path end vertex 1821 total 4575 start
I20250912 20:27:40.732554 38558 StaAnalyze.cc:599] analyze timing path end vertex 1821 total 4575 end
I20250912 20:27:40.732632 38558 StaAnalyze.cc:565] analyze timing path end vertex 1831 total 4575 start
I20250912 20:27:40.732666 38558 StaAnalyze.cc:599] analyze timing path end vertex 1831 total 4575 end
I20250912 20:27:40.732730 38558 StaAnalyze.cc:565] analyze timing path end vertex 1841 total 4575 start
I20250912 20:27:40.732769 38558 StaAnalyze.cc:303] add path data num 0 to lsbiu/_2154_:RN
I20250912 20:27:40.732801 38558 StaAnalyze.cc:599] analyze timing path end vertex 1841 total 4575 end
I20250912 20:27:40.732872 38558 StaAnalyze.cc:565] analyze timing path end vertex 1851 total 4575 start
I20250912 20:27:40.732941 38558 StaAnalyze.cc:599] analyze timing path end vertex 1851 total 4575 end
I20250912 20:27:40.733006 38558 StaAnalyze.cc:565] analyze timing path end vertex 1861 total 4575 start
I20250912 20:27:40.733039 38558 StaAnalyze.cc:599] analyze timing path end vertex 1861 total 4575 end
I20250912 20:27:40.733103 38558 StaAnalyze.cc:565] analyze timing path end vertex 1871 total 4575 start
I20250912 20:27:40.733137 38558 StaAnalyze.cc:599] analyze timing path end vertex 1871 total 4575 end
I20250912 20:27:40.733206 38558 StaAnalyze.cc:565] analyze timing path end vertex 1881 total 4575 start
I20250912 20:27:40.733238 38558 StaAnalyze.cc:599] analyze timing path end vertex 1881 total 4575 end
I20250912 20:27:40.733306 38558 StaAnalyze.cc:565] analyze timing path end vertex 1891 total 4575 start
I20250912 20:27:40.733345 38558 StaAnalyze.cc:303] add path data num 0 to lsbiu/_2179_:RN
I20250912 20:27:40.733378 38558 StaAnalyze.cc:599] analyze timing path end vertex 1891 total 4575 end
I20250912 20:27:40.733441 38558 StaAnalyze.cc:565] analyze timing path end vertex 1901 total 4575 start
I20250912 20:27:40.733479 38558 StaAnalyze.cc:599] analyze timing path end vertex 1901 total 4575 end
I20250912 20:27:40.733546 38558 StaAnalyze.cc:565] analyze timing path end vertex 1911 total 4575 start
I20250912 20:27:40.733644 38558 StaAnalyze.cc:599] analyze timing path end vertex 1911 total 4575 end
I20250912 20:27:40.733726 38558 StaAnalyze.cc:565] analyze timing path end vertex 1921 total 4575 start
I20250912 20:27:40.733757 38558 StaAnalyze.cc:599] analyze timing path end vertex 1921 total 4575 end
I20250912 20:27:40.733865 38558 StaAnalyze.cc:565] analyze timing path end vertex 1931 total 4575 start
I20250912 20:27:40.733932 38558 StaAnalyze.cc:599] analyze timing path end vertex 1931 total 4575 end
I20250912 20:27:40.734001 38558 StaAnalyze.cc:565] analyze timing path end vertex 1941 total 4575 start
I20250912 20:27:40.734037 38558 StaAnalyze.cc:303] add path data num 2 to lsu/_2755_:D
I20250912 20:27:40.734073 38558 StaAnalyze.cc:599] analyze timing path end vertex 1941 total 4575 end
I20250912 20:27:40.734184 38558 StaAnalyze.cc:565] analyze timing path end vertex 1951 total 4575 start
I20250912 20:27:40.734223 38558 StaAnalyze.cc:599] analyze timing path end vertex 1951 total 4575 end
I20250912 20:27:40.734314 38558 StaAnalyze.cc:565] analyze timing path end vertex 1961 total 4575 start
I20250912 20:27:40.734354 38558 StaAnalyze.cc:599] analyze timing path end vertex 1961 total 4575 end
I20250912 20:27:40.734462 38558 StaAnalyze.cc:565] analyze timing path end vertex 1971 total 4575 start
I20250912 20:27:40.734508 38558 StaAnalyze.cc:599] analyze timing path end vertex 1971 total 4575 end
I20250912 20:27:40.734596 38558 StaAnalyze.cc:565] analyze timing path end vertex 1981 total 4575 start
I20250912 20:27:40.734635 38558 StaAnalyze.cc:599] analyze timing path end vertex 1981 total 4575 end
I20250912 20:27:40.734726 38558 StaAnalyze.cc:565] analyze timing path end vertex 1991 total 4575 start
I20250912 20:27:40.734763 38558 StaAnalyze.cc:303] add path data num 2 to lsu/_2805_:D
I20250912 20:27:40.734800 38558 StaAnalyze.cc:599] analyze timing path end vertex 1991 total 4575 end
I20250912 20:27:40.734921 38558 StaAnalyze.cc:565] analyze timing path end vertex 2001 total 4575 start
I20250912 20:27:40.734966 38558 StaAnalyze.cc:599] analyze timing path end vertex 2001 total 4575 end
I20250912 20:27:40.735054 38558 StaAnalyze.cc:565] analyze timing path end vertex 2011 total 4575 start
I20250912 20:27:40.735100 38558 StaAnalyze.cc:599] analyze timing path end vertex 2011 total 4575 end
I20250912 20:27:40.735185 38558 StaAnalyze.cc:565] analyze timing path end vertex 2021 total 4575 start
I20250912 20:27:40.735244 38558 StaAnalyze.cc:599] analyze timing path end vertex 2021 total 4575 end
I20250912 20:27:40.735333 38558 StaAnalyze.cc:565] analyze timing path end vertex 2031 total 4575 start
I20250912 20:27:40.735378 38558 StaAnalyze.cc:599] analyze timing path end vertex 2031 total 4575 end
I20250912 20:27:40.735548 38558 StaAnalyze.cc:565] analyze timing path end vertex 2041 total 4575 start
I20250912 20:27:40.735596 38558 StaAnalyze.cc:303] add path data num 2 to lsu/_2855_:D
I20250912 20:27:40.735634 38558 StaAnalyze.cc:599] analyze timing path end vertex 2041 total 4575 end
I20250912 20:27:40.735718 38558 StaAnalyze.cc:565] analyze timing path end vertex 2051 total 4575 start
I20250912 20:27:40.735765 38558 StaAnalyze.cc:599] analyze timing path end vertex 2051 total 4575 end
I20250912 20:27:40.735852 38558 StaAnalyze.cc:565] analyze timing path end vertex 2061 total 4575 start
I20250912 20:27:40.735932 38558 StaAnalyze.cc:599] analyze timing path end vertex 2061 total 4575 end
I20250912 20:27:40.735991 38558 StaAnalyze.cc:565] analyze timing path end vertex 2071 total 4575 start
I20250912 20:27:40.736032 38558 StaAnalyze.cc:599] analyze timing path end vertex 2071 total 4575 end
I20250912 20:27:40.736092 38558 StaAnalyze.cc:565] analyze timing path end vertex 2081 total 4575 start
I20250912 20:27:40.736131 38558 StaAnalyze.cc:599] analyze timing path end vertex 2081 total 4575 end
I20250912 20:27:40.736194 38558 StaAnalyze.cc:565] analyze timing path end vertex 2091 total 4575 start
I20250912 20:27:40.736235 38558 StaAnalyze.cc:303] add path data num 2 to lsu/_2974_:D
I20250912 20:27:40.736271 38558 StaAnalyze.cc:599] analyze timing path end vertex 2091 total 4575 end
I20250912 20:27:40.736356 38558 StaAnalyze.cc:565] analyze timing path end vertex 2101 total 4575 start
I20250912 20:27:40.736394 38558 StaAnalyze.cc:599] analyze timing path end vertex 2101 total 4575 end
I20250912 20:27:40.736486 38558 StaAnalyze.cc:565] analyze timing path end vertex 2111 total 4575 start
I20250912 20:27:40.736526 38558 StaAnalyze.cc:599] analyze timing path end vertex 2111 total 4575 end
I20250912 20:27:40.736617 38558 StaAnalyze.cc:565] analyze timing path end vertex 2121 total 4575 start
I20250912 20:27:40.736657 38558 StaAnalyze.cc:599] analyze timing path end vertex 2121 total 4575 end
I20250912 20:27:40.736755 38558 StaAnalyze.cc:565] analyze timing path end vertex 2131 total 4575 start
I20250912 20:27:40.736806 38558 StaAnalyze.cc:599] analyze timing path end vertex 2131 total 4575 end
I20250912 20:27:40.736871 38558 StaAnalyze.cc:565] analyze timing path end vertex 2141 total 4575 start
I20250912 20:27:40.736938 38558 StaAnalyze.cc:303] add path data num 0 to regfile/_15774_:RN
I20250912 20:27:40.736972 38558 StaAnalyze.cc:599] analyze timing path end vertex 2141 total 4575 end
I20250912 20:27:40.737038 38558 StaAnalyze.cc:565] analyze timing path end vertex 2151 total 4575 start
I20250912 20:27:40.737107 38558 StaAnalyze.cc:599] analyze timing path end vertex 2151 total 4575 end
I20250912 20:27:40.737172 38558 StaAnalyze.cc:565] analyze timing path end vertex 2161 total 4575 start
I20250912 20:27:40.737205 38558 StaAnalyze.cc:599] analyze timing path end vertex 2161 total 4575 end
I20250912 20:27:40.737268 38558 StaAnalyze.cc:565] analyze timing path end vertex 2171 total 4575 start
I20250912 20:27:40.737306 38558 StaAnalyze.cc:599] analyze timing path end vertex 2171 total 4575 end
I20250912 20:27:40.737375 38558 StaAnalyze.cc:565] analyze timing path end vertex 2181 total 4575 start
I20250912 20:27:40.737412 38558 StaAnalyze.cc:599] analyze timing path end vertex 2181 total 4575 end
I20250912 20:27:40.737476 38558 StaAnalyze.cc:565] analyze timing path end vertex 2191 total 4575 start
I20250912 20:27:40.737509 38558 StaAnalyze.cc:303] add path data num 0 to regfile/_15799_:RN
I20250912 20:27:40.737541 38558 StaAnalyze.cc:599] analyze timing path end vertex 2191 total 4575 end
I20250912 20:27:40.737617 38558 StaAnalyze.cc:565] analyze timing path end vertex 2201 total 4575 start
I20250912 20:27:40.737668 38558 StaAnalyze.cc:599] analyze timing path end vertex 2201 total 4575 end
I20250912 20:27:40.737736 38558 StaAnalyze.cc:565] analyze timing path end vertex 2211 total 4575 start
I20250912 20:27:40.737769 38558 StaAnalyze.cc:599] analyze timing path end vertex 2211 total 4575 end
I20250912 20:27:40.737839 38558 StaAnalyze.cc:565] analyze timing path end vertex 2221 total 4575 start
I20250912 20:27:40.737871 38558 StaAnalyze.cc:599] analyze timing path end vertex 2221 total 4575 end
I20250912 20:27:40.737974 38558 StaAnalyze.cc:565] analyze timing path end vertex 2231 total 4575 start
I20250912 20:27:40.738006 38558 StaAnalyze.cc:599] analyze timing path end vertex 2231 total 4575 end
I20250912 20:27:40.738071 38558 StaAnalyze.cc:565] analyze timing path end vertex 2241 total 4575 start
I20250912 20:27:40.738109 38558 StaAnalyze.cc:303] add path data num 0 to regfile/_15824_:RN
I20250912 20:27:40.738142 38558 StaAnalyze.cc:599] analyze timing path end vertex 2241 total 4575 end
I20250912 20:27:40.738204 38558 StaAnalyze.cc:565] analyze timing path end vertex 2251 total 4575 start
I20250912 20:27:40.738235 38558 StaAnalyze.cc:599] analyze timing path end vertex 2251 total 4575 end
I20250912 20:27:40.738307 38558 StaAnalyze.cc:565] analyze timing path end vertex 2261 total 4575 start
I20250912 20:27:40.738339 38558 StaAnalyze.cc:599] analyze timing path end vertex 2261 total 4575 end
I20250912 20:27:40.738409 38558 StaAnalyze.cc:565] analyze timing path end vertex 2271 total 4575 start
I20250912 20:27:40.738447 38558 StaAnalyze.cc:599] analyze timing path end vertex 2271 total 4575 end
I20250912 20:27:40.738510 38558 StaAnalyze.cc:565] analyze timing path end vertex 2281 total 4575 start
I20250912 20:27:40.738543 38558 StaAnalyze.cc:599] analyze timing path end vertex 2281 total 4575 end
I20250912 20:27:40.738605 38558 StaAnalyze.cc:565] analyze timing path end vertex 2291 total 4575 start
I20250912 20:27:40.738641 38558 StaAnalyze.cc:303] add path data num 0 to regfile/_15849_:RN
I20250912 20:27:40.738674 38558 StaAnalyze.cc:599] analyze timing path end vertex 2291 total 4575 end
I20250912 20:27:40.738739 38558 StaAnalyze.cc:565] analyze timing path end vertex 2301 total 4575 start
I20250912 20:27:40.738775 38558 StaAnalyze.cc:599] analyze timing path end vertex 2301 total 4575 end
I20250912 20:27:40.738839 38558 StaAnalyze.cc:565] analyze timing path end vertex 2311 total 4575 start
I20250912 20:27:40.738919 38558 StaAnalyze.cc:599] analyze timing path end vertex 2311 total 4575 end
I20250912 20:27:40.738987 38558 StaAnalyze.cc:565] analyze timing path end vertex 2321 total 4575 start
I20250912 20:27:40.739071 38558 StaAnalyze.cc:599] analyze timing path end vertex 2321 total 4575 end
I20250912 20:27:40.739140 38558 StaAnalyze.cc:565] analyze timing path end vertex 2331 total 4575 start
I20250912 20:27:40.739171 38558 StaAnalyze.cc:599] analyze timing path end vertex 2331 total 4575 end
I20250912 20:27:40.739236 38558 StaAnalyze.cc:565] analyze timing path end vertex 2341 total 4575 start
I20250912 20:27:40.739275 38558 StaAnalyze.cc:303] add path data num 0 to regfile/_15874_:RN
I20250912 20:27:40.739307 38558 StaAnalyze.cc:599] analyze timing path end vertex 2341 total 4575 end
I20250912 20:27:40.739372 38558 StaAnalyze.cc:565] analyze timing path end vertex 2351 total 4575 start
I20250912 20:27:40.739404 38558 StaAnalyze.cc:599] analyze timing path end vertex 2351 total 4575 end
I20250912 20:27:40.739470 38558 StaAnalyze.cc:565] analyze timing path end vertex 2361 total 4575 start
I20250912 20:27:40.739509 38558 StaAnalyze.cc:599] analyze timing path end vertex 2361 total 4575 end
I20250912 20:27:40.739571 38558 StaAnalyze.cc:565] analyze timing path end vertex 2371 total 4575 start
I20250912 20:27:40.739614 38558 StaAnalyze.cc:599] analyze timing path end vertex 2371 total 4575 end
I20250912 20:27:40.739679 38558 StaAnalyze.cc:565] analyze timing path end vertex 2381 total 4575 start
I20250912 20:27:40.739718 38558 StaAnalyze.cc:599] analyze timing path end vertex 2381 total 4575 end
I20250912 20:27:40.739784 38558 StaAnalyze.cc:565] analyze timing path end vertex 2391 total 4575 start
I20250912 20:27:40.739816 38558 StaAnalyze.cc:303] add path data num 0 to regfile/_15899_:RN
I20250912 20:27:40.739849 38558 StaAnalyze.cc:599] analyze timing path end vertex 2391 total 4575 end
I20250912 20:27:40.739996 38558 StaAnalyze.cc:565] analyze timing path end vertex 2401 total 4575 start
I20250912 20:27:40.740036 38558 StaAnalyze.cc:599] analyze timing path end vertex 2401 total 4575 end
I20250912 20:27:40.740103 38558 StaAnalyze.cc:565] analyze timing path end vertex 2411 total 4575 start
I20250912 20:27:40.740136 38558 StaAnalyze.cc:599] analyze timing path end vertex 2411 total 4575 end
I20250912 20:27:40.740206 38558 StaAnalyze.cc:565] analyze timing path end vertex 2421 total 4575 start
I20250912 20:27:40.740238 38558 StaAnalyze.cc:599] analyze timing path end vertex 2421 total 4575 end
I20250912 20:27:40.740316 38558 StaAnalyze.cc:565] analyze timing path end vertex 2431 total 4575 start
I20250912 20:27:40.740350 38558 StaAnalyze.cc:599] analyze timing path end vertex 2431 total 4575 end
I20250912 20:27:40.740412 38558 StaAnalyze.cc:565] analyze timing path end vertex 2441 total 4575 start
I20250912 20:27:40.740445 38558 StaAnalyze.cc:303] add path data num 0 to regfile/_15924_:RN
I20250912 20:27:40.740478 38558 StaAnalyze.cc:599] analyze timing path end vertex 2441 total 4575 end
I20250912 20:27:40.740547 38558 StaAnalyze.cc:565] analyze timing path end vertex 2451 total 4575 start
I20250912 20:27:40.740581 38558 StaAnalyze.cc:599] analyze timing path end vertex 2451 total 4575 end
I20250912 20:27:40.740684 38558 StaAnalyze.cc:565] analyze timing path end vertex 2461 total 4575 start
I20250912 20:27:40.740716 38558 StaAnalyze.cc:599] analyze timing path end vertex 2461 total 4575 end
I20250912 20:27:40.740780 38558 StaAnalyze.cc:565] analyze timing path end vertex 2471 total 4575 start
I20250912 20:27:40.740813 38558 StaAnalyze.cc:599] analyze timing path end vertex 2471 total 4575 end
I20250912 20:27:40.740875 38558 StaAnalyze.cc:565] analyze timing path end vertex 2481 total 4575 start
I20250912 20:27:40.740942 38558 StaAnalyze.cc:599] analyze timing path end vertex 2481 total 4575 end
I20250912 20:27:40.741012 38558 StaAnalyze.cc:565] analyze timing path end vertex 2491 total 4575 start
I20250912 20:27:40.741044 38558 StaAnalyze.cc:303] add path data num 0 to regfile/_15949_:RN
I20250912 20:27:40.741096 38558 StaAnalyze.cc:599] analyze timing path end vertex 2491 total 4575 end
I20250912 20:27:40.741158 38558 StaAnalyze.cc:565] analyze timing path end vertex 2501 total 4575 start
I20250912 20:27:40.741190 38558 StaAnalyze.cc:599] analyze timing path end vertex 2501 total 4575 end
I20250912 20:27:40.741257 38558 StaAnalyze.cc:565] analyze timing path end vertex 2511 total 4575 start
I20250912 20:27:40.741295 38558 StaAnalyze.cc:599] analyze timing path end vertex 2511 total 4575 end
I20250912 20:27:40.741360 38558 StaAnalyze.cc:565] analyze timing path end vertex 2521 total 4575 start
I20250912 20:27:40.741392 38558 StaAnalyze.cc:599] analyze timing path end vertex 2521 total 4575 end
I20250912 20:27:40.741456 38558 StaAnalyze.cc:565] analyze timing path end vertex 2531 total 4575 start
I20250912 20:27:40.741488 38558 StaAnalyze.cc:599] analyze timing path end vertex 2531 total 4575 end
I20250912 20:27:40.741556 38558 StaAnalyze.cc:565] analyze timing path end vertex 2541 total 4575 start
I20250912 20:27:40.741600 38558 StaAnalyze.cc:303] add path data num 0 to regfile/_15974_:RN
I20250912 20:27:40.741634 38558 StaAnalyze.cc:599] analyze timing path end vertex 2541 total 4575 end
I20250912 20:27:40.741698 38558 StaAnalyze.cc:565] analyze timing path end vertex 2551 total 4575 start
I20250912 20:27:40.741736 38558 StaAnalyze.cc:599] analyze timing path end vertex 2551 total 4575 end
I20250912 20:27:40.741797 38558 StaAnalyze.cc:565] analyze timing path end vertex 2561 total 4575 start
I20250912 20:27:40.741829 38558 StaAnalyze.cc:599] analyze timing path end vertex 2561 total 4575 end
I20250912 20:27:40.741927 38558 StaAnalyze.cc:565] analyze timing path end vertex 2571 total 4575 start
I20250912 20:27:40.741961 38558 StaAnalyze.cc:599] analyze timing path end vertex 2571 total 4575 end
I20250912 20:27:40.742026 38558 StaAnalyze.cc:565] analyze timing path end vertex 2581 total 4575 start
I20250912 20:27:40.742059 38558 StaAnalyze.cc:599] analyze timing path end vertex 2581 total 4575 end
I20250912 20:27:40.742125 38558 StaAnalyze.cc:565] analyze timing path end vertex 2591 total 4575 start
I20250912 20:27:40.742157 38558 StaAnalyze.cc:303] add path data num 0 to regfile/_15999_:RN
I20250912 20:27:40.742190 38558 StaAnalyze.cc:599] analyze timing path end vertex 2591 total 4575 end
I20250912 20:27:40.742255 38558 StaAnalyze.cc:565] analyze timing path end vertex 2601 total 4575 start
I20250912 20:27:40.742288 38558 StaAnalyze.cc:599] analyze timing path end vertex 2601 total 4575 end
I20250912 20:27:40.742357 38558 StaAnalyze.cc:565] analyze timing path end vertex 2611 total 4575 start
I20250912 20:27:40.742389 38558 StaAnalyze.cc:599] analyze timing path end vertex 2611 total 4575 end
I20250912 20:27:40.742451 38558 StaAnalyze.cc:565] analyze timing path end vertex 2621 total 4575 start
I20250912 20:27:40.742488 38558 StaAnalyze.cc:599] analyze timing path end vertex 2621 total 4575 end
I20250912 20:27:40.742554 38558 StaAnalyze.cc:565] analyze timing path end vertex 2631 total 4575 start
I20250912 20:27:40.742587 38558 StaAnalyze.cc:599] analyze timing path end vertex 2631 total 4575 end
I20250912 20:27:40.742650 38558 StaAnalyze.cc:565] analyze timing path end vertex 2641 total 4575 start
I20250912 20:27:40.742682 38558 StaAnalyze.cc:303] add path data num 0 to regfile/_16024_:RN
I20250912 20:27:40.742715 38558 StaAnalyze.cc:599] analyze timing path end vertex 2641 total 4575 end
I20250912 20:27:40.742779 38558 StaAnalyze.cc:565] analyze timing path end vertex 2651 total 4575 start
I20250912 20:27:40.742817 38558 StaAnalyze.cc:599] analyze timing path end vertex 2651 total 4575 end
I20250912 20:27:40.742880 38558 StaAnalyze.cc:565] analyze timing path end vertex 2661 total 4575 start
I20250912 20:27:40.742942 38558 StaAnalyze.cc:599] analyze timing path end vertex 2661 total 4575 end
I20250912 20:27:40.743039 38558 StaAnalyze.cc:565] analyze timing path end vertex 2671 total 4575 start
I20250912 20:27:40.743072 38558 StaAnalyze.cc:599] analyze timing path end vertex 2671 total 4575 end
I20250912 20:27:40.743147 38558 StaAnalyze.cc:565] analyze timing path end vertex 2681 total 4575 start
I20250912 20:27:40.743180 38558 StaAnalyze.cc:599] analyze timing path end vertex 2681 total 4575 end
I20250912 20:27:40.743245 38558 StaAnalyze.cc:565] analyze timing path end vertex 2691 total 4575 start
I20250912 20:27:40.743283 38558 StaAnalyze.cc:303] add path data num 0 to regfile/_16049_:RN
I20250912 20:27:40.743316 38558 StaAnalyze.cc:599] analyze timing path end vertex 2691 total 4575 end
I20250912 20:27:40.743388 38558 StaAnalyze.cc:565] analyze timing path end vertex 2701 total 4575 start
I20250912 20:27:40.743422 38558 StaAnalyze.cc:599] analyze timing path end vertex 2701 total 4575 end
I20250912 20:27:40.743485 38558 StaAnalyze.cc:565] analyze timing path end vertex 2711 total 4575 start
I20250912 20:27:40.743518 38558 StaAnalyze.cc:599] analyze timing path end vertex 2711 total 4575 end
I20250912 20:27:40.743597 38558 StaAnalyze.cc:565] analyze timing path end vertex 2721 total 4575 start
I20250912 20:27:40.743636 38558 StaAnalyze.cc:599] analyze timing path end vertex 2721 total 4575 end
I20250912 20:27:40.743700 38558 StaAnalyze.cc:565] analyze timing path end vertex 2731 total 4575 start
I20250912 20:27:40.743731 38558 StaAnalyze.cc:599] analyze timing path end vertex 2731 total 4575 end
I20250912 20:27:40.743795 38558 StaAnalyze.cc:565] analyze timing path end vertex 2741 total 4575 start
I20250912 20:27:40.743832 38558 StaAnalyze.cc:303] add path data num 0 to regfile/_16074_:RN
I20250912 20:27:40.743865 38558 StaAnalyze.cc:599] analyze timing path end vertex 2741 total 4575 end
I20250912 20:27:40.743960 38558 StaAnalyze.cc:565] analyze timing path end vertex 2751 total 4575 start
I20250912 20:27:40.743999 38558 StaAnalyze.cc:599] analyze timing path end vertex 2751 total 4575 end
I20250912 20:27:40.744063 38558 StaAnalyze.cc:565] analyze timing path end vertex 2761 total 4575 start
I20250912 20:27:40.744102 38558 StaAnalyze.cc:599] analyze timing path end vertex 2761 total 4575 end
I20250912 20:27:40.744168 38558 StaAnalyze.cc:565] analyze timing path end vertex 2771 total 4575 start
I20250912 20:27:40.744201 38558 StaAnalyze.cc:599] analyze timing path end vertex 2771 total 4575 end
I20250912 20:27:40.744271 38558 StaAnalyze.cc:565] analyze timing path end vertex 2781 total 4575 start
I20250912 20:27:40.744303 38558 StaAnalyze.cc:599] analyze timing path end vertex 2781 total 4575 end
I20250912 20:27:40.744369 38558 StaAnalyze.cc:565] analyze timing path end vertex 2791 total 4575 start
I20250912 20:27:40.744400 38558 StaAnalyze.cc:303] add path data num 0 to regfile/_16099_:RN
I20250912 20:27:40.744432 38558 StaAnalyze.cc:599] analyze timing path end vertex 2791 total 4575 end
I20250912 20:27:40.744501 38558 StaAnalyze.cc:565] analyze timing path end vertex 2801 total 4575 start
I20250912 20:27:40.744534 38558 StaAnalyze.cc:599] analyze timing path end vertex 2801 total 4575 end
I20250912 20:27:40.744601 38558 StaAnalyze.cc:565] analyze timing path end vertex 2811 total 4575 start
I20250912 20:27:40.744639 38558 StaAnalyze.cc:599] analyze timing path end vertex 2811 total 4575 end
I20250912 20:27:40.744699 38558 StaAnalyze.cc:565] analyze timing path end vertex 2821 total 4575 start
I20250912 20:27:40.744732 38558 StaAnalyze.cc:599] analyze timing path end vertex 2821 total 4575 end
I20250912 20:27:40.744797 38558 StaAnalyze.cc:565] analyze timing path end vertex 2831 total 4575 start
I20250912 20:27:40.744829 38558 StaAnalyze.cc:599] analyze timing path end vertex 2831 total 4575 end
I20250912 20:27:40.744928 38558 StaAnalyze.cc:565] analyze timing path end vertex 2841 total 4575 start
I20250912 20:27:40.744966 38558 StaAnalyze.cc:303] add path data num 0 to regfile/_16124_:RN
I20250912 20:27:40.744999 38558 StaAnalyze.cc:599] analyze timing path end vertex 2841 total 4575 end
I20250912 20:27:40.745064 38558 StaAnalyze.cc:565] analyze timing path end vertex 2851 total 4575 start
I20250912 20:27:40.745110 38558 StaAnalyze.cc:599] analyze timing path end vertex 2851 total 4575 end
I20250912 20:27:40.745190 38558 StaAnalyze.cc:565] analyze timing path end vertex 2861 total 4575 start
I20250912 20:27:40.745229 38558 StaAnalyze.cc:599] analyze timing path end vertex 2861 total 4575 end
I20250912 20:27:40.745293 38558 StaAnalyze.cc:565] analyze timing path end vertex 2871 total 4575 start
I20250912 20:27:40.745325 38558 StaAnalyze.cc:599] analyze timing path end vertex 2871 total 4575 end
I20250912 20:27:40.745388 38558 StaAnalyze.cc:565] analyze timing path end vertex 2881 total 4575 start
I20250912 20:27:40.745420 38558 StaAnalyze.cc:599] analyze timing path end vertex 2881 total 4575 end
I20250912 20:27:40.745481 38558 StaAnalyze.cc:565] analyze timing path end vertex 2891 total 4575 start
I20250912 20:27:40.745513 38558 StaAnalyze.cc:303] add path data num 0 to regfile/_16149_:RN
I20250912 20:27:40.745545 38558 StaAnalyze.cc:599] analyze timing path end vertex 2891 total 4575 end
I20250912 20:27:40.745865 38558 StaAnalyze.cc:565] analyze timing path end vertex 2901 total 4575 start
I20250912 20:27:40.745932 38558 StaAnalyze.cc:599] analyze timing path end vertex 2901 total 4575 end
I20250912 20:27:40.745997 38558 StaAnalyze.cc:565] analyze timing path end vertex 2911 total 4575 start
I20250912 20:27:40.746030 38558 StaAnalyze.cc:599] analyze timing path end vertex 2911 total 4575 end
I20250912 20:27:40.746093 38558 StaAnalyze.cc:565] analyze timing path end vertex 2921 total 4575 start
I20250912 20:27:40.746145 38558 StaAnalyze.cc:599] analyze timing path end vertex 2921 total 4575 end
I20250912 20:27:40.746212 38558 StaAnalyze.cc:565] analyze timing path end vertex 2931 total 4575 start
I20250912 20:27:40.746244 38558 StaAnalyze.cc:599] analyze timing path end vertex 2931 total 4575 end
I20250912 20:27:40.746312 38558 StaAnalyze.cc:565] analyze timing path end vertex 2941 total 4575 start
I20250912 20:27:40.746344 38558 StaAnalyze.cc:303] add path data num 0 to regfile/_16174_:RN
I20250912 20:27:40.746376 38558 StaAnalyze.cc:599] analyze timing path end vertex 2941 total 4575 end
I20250912 20:27:40.746440 38558 StaAnalyze.cc:565] analyze timing path end vertex 2951 total 4575 start
I20250912 20:27:40.746472 38558 StaAnalyze.cc:599] analyze timing path end vertex 2951 total 4575 end
I20250912 20:27:40.746539 38558 StaAnalyze.cc:565] analyze timing path end vertex 2961 total 4575 start
I20250912 20:27:40.746577 38558 StaAnalyze.cc:599] analyze timing path end vertex 2961 total 4575 end
I20250912 20:27:40.746644 38558 StaAnalyze.cc:565] analyze timing path end vertex 2971 total 4575 start
I20250912 20:27:40.746675 38558 StaAnalyze.cc:599] analyze timing path end vertex 2971 total 4575 end
I20250912 20:27:40.746740 38558 StaAnalyze.cc:565] analyze timing path end vertex 2981 total 4575 start
I20250912 20:27:40.746773 38558 StaAnalyze.cc:599] analyze timing path end vertex 2981 total 4575 end
I20250912 20:27:40.746851 38558 StaAnalyze.cc:565] analyze timing path end vertex 2991 total 4575 start
I20250912 20:27:40.746930 38558 StaAnalyze.cc:303] add path data num 0 to regfile/_16199_:RN
I20250912 20:27:40.746964 38558 StaAnalyze.cc:599] analyze timing path end vertex 2991 total 4575 end
I20250912 20:27:40.747027 38558 StaAnalyze.cc:565] analyze timing path end vertex 3001 total 4575 start
I20250912 20:27:40.747061 38558 StaAnalyze.cc:599] analyze timing path end vertex 3001 total 4575 end
I20250912 20:27:40.747124 38558 StaAnalyze.cc:565] analyze timing path end vertex 3011 total 4575 start
I20250912 20:27:40.747156 38558 StaAnalyze.cc:599] analyze timing path end vertex 3011 total 4575 end
I20250912 20:27:40.747232 38558 StaAnalyze.cc:565] analyze timing path end vertex 3021 total 4575 start
I20250912 20:27:40.747272 38558 StaAnalyze.cc:599] analyze timing path end vertex 3021 total 4575 end
I20250912 20:27:40.747337 38558 StaAnalyze.cc:565] analyze timing path end vertex 3031 total 4575 start
I20250912 20:27:40.747370 38558 StaAnalyze.cc:599] analyze timing path end vertex 3031 total 4575 end
I20250912 20:27:40.747437 38558 StaAnalyze.cc:565] analyze timing path end vertex 3041 total 4575 start
I20250912 20:27:40.747475 38558 StaAnalyze.cc:303] add path data num 0 to regfile/_16224_:RN
I20250912 20:27:40.747519 38558 StaAnalyze.cc:599] analyze timing path end vertex 3041 total 4575 end
I20250912 20:27:40.747586 38558 StaAnalyze.cc:565] analyze timing path end vertex 3051 total 4575 start
I20250912 20:27:40.747619 38558 StaAnalyze.cc:599] analyze timing path end vertex 3051 total 4575 end
I20250912 20:27:40.747684 38558 StaAnalyze.cc:565] analyze timing path end vertex 3061 total 4575 start
I20250912 20:27:40.747720 38558 StaAnalyze.cc:599] analyze timing path end vertex 3061 total 4575 end
I20250912 20:27:40.747784 38558 StaAnalyze.cc:565] analyze timing path end vertex 3071 total 4575 start
I20250912 20:27:40.748090 38558 StaAnalyze.cc:599] analyze timing path end vertex 3071 total 4575 end
I20250912 20:27:40.748173 38558 StaAnalyze.cc:565] analyze timing path end vertex 3081 total 4575 start
I20250912 20:27:40.748206 38558 StaAnalyze.cc:599] analyze timing path end vertex 3081 total 4575 end
I20250912 20:27:40.748268 38558 StaAnalyze.cc:565] analyze timing path end vertex 3091 total 4575 start
I20250912 20:27:40.748306 38558 StaAnalyze.cc:303] add path data num 0 to regfile/_16249_:RN
I20250912 20:27:40.748338 38558 StaAnalyze.cc:599] analyze timing path end vertex 3091 total 4575 end
I20250912 20:27:40.748405 38558 StaAnalyze.cc:565] analyze timing path end vertex 3101 total 4575 start
I20250912 20:27:40.748443 38558 StaAnalyze.cc:599] analyze timing path end vertex 3101 total 4575 end
I20250912 20:27:40.748509 38558 StaAnalyze.cc:565] analyze timing path end vertex 3111 total 4575 start
I20250912 20:27:40.748541 38558 StaAnalyze.cc:599] analyze timing path end vertex 3111 total 4575 end
I20250912 20:27:40.748606 38558 StaAnalyze.cc:565] analyze timing path end vertex 3121 total 4575 start
I20250912 20:27:40.748656 38558 StaAnalyze.cc:599] analyze timing path end vertex 3121 total 4575 end
I20250912 20:27:40.748725 38558 StaAnalyze.cc:565] analyze timing path end vertex 3131 total 4575 start
I20250912 20:27:40.748759 38558 StaAnalyze.cc:599] analyze timing path end vertex 3131 total 4575 end
I20250912 20:27:40.748833 38558 StaAnalyze.cc:565] analyze timing path end vertex 3141 total 4575 start
I20250912 20:27:40.748878 38558 StaAnalyze.cc:303] add path data num 0 to regfile/_16274_:RN
I20250912 20:27:40.748950 38558 StaAnalyze.cc:599] analyze timing path end vertex 3141 total 4575 end
I20250912 20:27:40.749017 38558 StaAnalyze.cc:565] analyze timing path end vertex 3151 total 4575 start
I20250912 20:27:40.749050 38558 StaAnalyze.cc:599] analyze timing path end vertex 3151 total 4575 end
I20250912 20:27:40.749114 38558 StaAnalyze.cc:565] analyze timing path end vertex 3161 total 4575 start
I20250912 20:27:40.749147 38558 StaAnalyze.cc:599] analyze timing path end vertex 3161 total 4575 end
I20250912 20:27:40.749213 38558 StaAnalyze.cc:565] analyze timing path end vertex 3171 total 4575 start
I20250912 20:27:40.749250 38558 StaAnalyze.cc:599] analyze timing path end vertex 3171 total 4575 end
I20250912 20:27:40.749312 38558 StaAnalyze.cc:565] analyze timing path end vertex 3181 total 4575 start
I20250912 20:27:40.749344 38558 StaAnalyze.cc:599] analyze timing path end vertex 3181 total 4575 end
I20250912 20:27:40.749429 38558 StaAnalyze.cc:565] analyze timing path end vertex 3191 total 4575 start
I20250912 20:27:40.749505 38558 StaAnalyze.cc:303] add path data num 0 to regfile/_16299_:RN
I20250912 20:27:40.749538 38558 StaAnalyze.cc:599] analyze timing path end vertex 3191 total 4575 end
I20250912 20:27:40.749601 38558 StaAnalyze.cc:565] analyze timing path end vertex 3201 total 4575 start
I20250912 20:27:40.749639 38558 StaAnalyze.cc:599] analyze timing path end vertex 3201 total 4575 end
I20250912 20:27:40.749706 38558 StaAnalyze.cc:565] analyze timing path end vertex 3211 total 4575 start
I20250912 20:27:40.749737 38558 StaAnalyze.cc:599] analyze timing path end vertex 3211 total 4575 end
I20250912 20:27:40.749811 38558 StaAnalyze.cc:565] analyze timing path end vertex 3221 total 4575 start
I20250912 20:27:40.749843 38558 StaAnalyze.cc:599] analyze timing path end vertex 3221 total 4575 end
I20250912 20:27:40.749986 38558 StaAnalyze.cc:565] analyze timing path end vertex 3231 total 4575 start
I20250912 20:27:40.750020 38558 StaAnalyze.cc:599] analyze timing path end vertex 3231 total 4575 end
I20250912 20:27:40.750083 38558 StaAnalyze.cc:565] analyze timing path end vertex 3241 total 4575 start
I20250912 20:27:40.750116 38558 StaAnalyze.cc:303] add path data num 0 to regfile/_16324_:RN
I20250912 20:27:40.750154 38558 StaAnalyze.cc:599] analyze timing path end vertex 3241 total 4575 end
I20250912 20:27:40.750218 38558 StaAnalyze.cc:565] analyze timing path end vertex 3251 total 4575 start
I20250912 20:27:40.750252 38558 StaAnalyze.cc:599] analyze timing path end vertex 3251 total 4575 end
I20250912 20:27:40.750322 38558 StaAnalyze.cc:565] analyze timing path end vertex 3261 total 4575 start
I20250912 20:27:40.750355 38558 StaAnalyze.cc:599] analyze timing path end vertex 3261 total 4575 end
I20250912 20:27:40.750453 38558 StaAnalyze.cc:565] analyze timing path end vertex 3271 total 4575 start
I20250912 20:27:40.750486 38558 StaAnalyze.cc:599] analyze timing path end vertex 3271 total 4575 end
I20250912 20:27:40.750555 38558 StaAnalyze.cc:565] analyze timing path end vertex 3281 total 4575 start
I20250912 20:27:40.750597 38558 StaAnalyze.cc:599] analyze timing path end vertex 3281 total 4575 end
I20250912 20:27:40.750661 38558 StaAnalyze.cc:565] analyze timing path end vertex 3291 total 4575 start
I20250912 20:27:40.750699 38558 StaAnalyze.cc:303] add path data num 0 to regfile/_16349_:RN
I20250912 20:27:40.750732 38558 StaAnalyze.cc:599] analyze timing path end vertex 3291 total 4575 end
I20250912 20:27:40.750801 38558 StaAnalyze.cc:565] analyze timing path end vertex 3301 total 4575 start
I20250912 20:27:40.750838 38558 StaAnalyze.cc:599] analyze timing path end vertex 3301 total 4575 end
I20250912 20:27:40.750944 38558 StaAnalyze.cc:565] analyze timing path end vertex 3311 total 4575 start
I20250912 20:27:40.750979 38558 StaAnalyze.cc:599] analyze timing path end vertex 3311 total 4575 end
I20250912 20:27:40.751060 38558 StaAnalyze.cc:565] analyze timing path end vertex 3321 total 4575 start
I20250912 20:27:40.751098 38558 StaAnalyze.cc:599] analyze timing path end vertex 3321 total 4575 end
I20250912 20:27:40.751160 38558 StaAnalyze.cc:565] analyze timing path end vertex 3331 total 4575 start
I20250912 20:27:40.751194 38558 StaAnalyze.cc:599] analyze timing path end vertex 3331 total 4575 end
I20250912 20:27:40.751255 38558 StaAnalyze.cc:565] analyze timing path end vertex 3341 total 4575 start
I20250912 20:27:40.751303 38558 StaAnalyze.cc:303] add path data num 0 to regfile/_16374_:RN
I20250912 20:27:40.751338 38558 StaAnalyze.cc:599] analyze timing path end vertex 3341 total 4575 end
I20250912 20:27:40.751410 38558 StaAnalyze.cc:565] analyze timing path end vertex 3351 total 4575 start
I20250912 20:27:40.751447 38558 StaAnalyze.cc:599] analyze timing path end vertex 3351 total 4575 end
I20250912 20:27:40.751509 38558 StaAnalyze.cc:565] analyze timing path end vertex 3361 total 4575 start
I20250912 20:27:40.751541 38558 StaAnalyze.cc:599] analyze timing path end vertex 3361 total 4575 end
I20250912 20:27:40.751605 38558 StaAnalyze.cc:565] analyze timing path end vertex 3371 total 4575 start
I20250912 20:27:40.751643 38558 StaAnalyze.cc:599] analyze timing path end vertex 3371 total 4575 end
I20250912 20:27:40.751706 38558 StaAnalyze.cc:565] analyze timing path end vertex 3381 total 4575 start
I20250912 20:27:40.751739 38558 StaAnalyze.cc:599] analyze timing path end vertex 3381 total 4575 end
I20250912 20:27:40.751808 38558 StaAnalyze.cc:565] analyze timing path end vertex 3391 total 4575 start
I20250912 20:27:40.751842 38558 StaAnalyze.cc:303] add path data num 0 to regfile/_16399_:RN
I20250912 20:27:40.751940 38558 StaAnalyze.cc:599] analyze timing path end vertex 3391 total 4575 end
I20250912 20:27:40.752004 38558 StaAnalyze.cc:565] analyze timing path end vertex 3401 total 4575 start
I20250912 20:27:40.752035 38558 StaAnalyze.cc:599] analyze timing path end vertex 3401 total 4575 end
I20250912 20:27:40.752111 38558 StaAnalyze.cc:565] analyze timing path end vertex 3411 total 4575 start
I20250912 20:27:40.752144 38558 StaAnalyze.cc:599] analyze timing path end vertex 3411 total 4575 end
I20250912 20:27:40.752211 38558 StaAnalyze.cc:565] analyze timing path end vertex 3421 total 4575 start
I20250912 20:27:40.752242 38558 StaAnalyze.cc:599] analyze timing path end vertex 3421 total 4575 end
I20250912 20:27:40.752305 38558 StaAnalyze.cc:565] analyze timing path end vertex 3431 total 4575 start
I20250912 20:27:40.752337 38558 StaAnalyze.cc:599] analyze timing path end vertex 3431 total 4575 end
I20250912 20:27:40.752405 38558 StaAnalyze.cc:565] analyze timing path end vertex 3441 total 4575 start
I20250912 20:27:40.752437 38558 StaAnalyze.cc:303] add path data num 0 to regfile/_16424_:RN
I20250912 20:27:40.752470 38558 StaAnalyze.cc:599] analyze timing path end vertex 3441 total 4575 end
I20250912 20:27:40.752535 38558 StaAnalyze.cc:565] analyze timing path end vertex 3451 total 4575 start
I20250912 20:27:40.752573 38558 StaAnalyze.cc:599] analyze timing path end vertex 3451 total 4575 end
I20250912 20:27:40.752638 38558 StaAnalyze.cc:565] analyze timing path end vertex 3461 total 4575 start
I20250912 20:27:40.752671 38558 StaAnalyze.cc:599] analyze timing path end vertex 3461 total 4575 end
I20250912 20:27:40.752734 38558 StaAnalyze.cc:565] analyze timing path end vertex 3471 total 4575 start
I20250912 20:27:40.752772 38558 StaAnalyze.cc:599] analyze timing path end vertex 3471 total 4575 end
I20250912 20:27:40.752838 38558 StaAnalyze.cc:565] analyze timing path end vertex 3481 total 4575 start
I20250912 20:27:40.752945 38558 StaAnalyze.cc:599] analyze timing path end vertex 3481 total 4575 end
I20250912 20:27:40.753011 38558 StaAnalyze.cc:565] analyze timing path end vertex 3491 total 4575 start
I20250912 20:27:40.753042 38558 StaAnalyze.cc:303] add path data num 0 to regfile/_16449_:RN
I20250912 20:27:40.753080 38558 StaAnalyze.cc:599] analyze timing path end vertex 3491 total 4575 end
I20250912 20:27:40.753142 38558 StaAnalyze.cc:565] analyze timing path end vertex 3501 total 4575 start
I20250912 20:27:40.753175 38558 StaAnalyze.cc:599] analyze timing path end vertex 3501 total 4575 end
I20250912 20:27:40.753239 38558 StaAnalyze.cc:565] analyze timing path end vertex 3511 total 4575 start
I20250912 20:27:40.753278 38558 StaAnalyze.cc:599] analyze timing path end vertex 3511 total 4575 end
I20250912 20:27:40.753342 38558 StaAnalyze.cc:565] analyze timing path end vertex 3521 total 4575 start
I20250912 20:27:40.753407 38558 StaAnalyze.cc:599] analyze timing path end vertex 3521 total 4575 end
I20250912 20:27:40.753476 38558 StaAnalyze.cc:565] analyze timing path end vertex 3531 total 4575 start
I20250912 20:27:40.753513 38558 StaAnalyze.cc:599] analyze timing path end vertex 3531 total 4575 end
I20250912 20:27:40.753578 38558 StaAnalyze.cc:565] analyze timing path end vertex 3541 total 4575 start
I20250912 20:27:40.753610 38558 StaAnalyze.cc:303] add path data num 0 to regfile/_16474_:RN
I20250912 20:27:40.753648 38558 StaAnalyze.cc:599] analyze timing path end vertex 3541 total 4575 end
I20250912 20:27:40.753712 38558 StaAnalyze.cc:565] analyze timing path end vertex 3551 total 4575 start
I20250912 20:27:40.753746 38558 StaAnalyze.cc:599] analyze timing path end vertex 3551 total 4575 end
I20250912 20:27:40.753816 38558 StaAnalyze.cc:565] analyze timing path end vertex 3561 total 4575 start
I20250912 20:27:40.753849 38558 StaAnalyze.cc:599] analyze timing path end vertex 3561 total 4575 end
I20250912 20:27:40.753979 38558 StaAnalyze.cc:565] analyze timing path end vertex 3571 total 4575 start
I20250912 20:27:40.754011 38558 StaAnalyze.cc:599] analyze timing path end vertex 3571 total 4575 end
I20250912 20:27:40.754081 38558 StaAnalyze.cc:565] analyze timing path end vertex 3581 total 4575 start
I20250912 20:27:40.754112 38558 StaAnalyze.cc:599] analyze timing path end vertex 3581 total 4575 end
I20250912 20:27:40.754226 38558 StaAnalyze.cc:565] analyze timing path end vertex 3591 total 4575 start
I20250912 20:27:40.754271 38558 StaAnalyze.cc:303] add path data num 0 to regfile/_16499_:RN
I20250912 20:27:40.754336 38558 StaAnalyze.cc:599] analyze timing path end vertex 3591 total 4575 end
I20250912 20:27:40.754402 38558 StaAnalyze.cc:565] analyze timing path end vertex 3601 total 4575 start
I20250912 20:27:40.754436 38558 StaAnalyze.cc:599] analyze timing path end vertex 3601 total 4575 end
I20250912 20:27:40.754498 38558 StaAnalyze.cc:565] analyze timing path end vertex 3611 total 4575 start
I20250912 20:27:40.754537 38558 StaAnalyze.cc:599] analyze timing path end vertex 3611 total 4575 end
I20250912 20:27:40.754626 38558 StaAnalyze.cc:565] analyze timing path end vertex 3621 total 4575 start
I20250912 20:27:40.754663 38558 StaAnalyze.cc:599] analyze timing path end vertex 3621 total 4575 end
I20250912 20:27:40.754727 38558 StaAnalyze.cc:565] analyze timing path end vertex 3631 total 4575 start
I20250912 20:27:40.754760 38558 StaAnalyze.cc:599] analyze timing path end vertex 3631 total 4575 end
I20250912 20:27:40.755041 38558 StaAnalyze.cc:565] analyze timing path end vertex 3641 total 4575 start
I20250912 20:27:40.755082 38558 StaAnalyze.cc:303] add path data num 0 to regfile/_16524_:RN
I20250912 20:27:40.755116 38558 StaAnalyze.cc:599] analyze timing path end vertex 3641 total 4575 end
I20250912 20:27:40.755180 38558 StaAnalyze.cc:565] analyze timing path end vertex 3651 total 4575 start
I20250912 20:27:40.755213 38558 StaAnalyze.cc:599] analyze timing path end vertex 3651 total 4575 end
I20250912 20:27:40.755278 38558 StaAnalyze.cc:565] analyze timing path end vertex 3661 total 4575 start
I20250912 20:27:40.755311 38558 StaAnalyze.cc:599] analyze timing path end vertex 3661 total 4575 end
I20250912 20:27:40.755378 38558 StaAnalyze.cc:565] analyze timing path end vertex 3671 total 4575 start
I20250912 20:27:40.755409 38558 StaAnalyze.cc:599] analyze timing path end vertex 3671 total 4575 end
I20250912 20:27:40.755474 38558 StaAnalyze.cc:565] analyze timing path end vertex 3681 total 4575 start
I20250912 20:27:40.755506 38558 StaAnalyze.cc:599] analyze timing path end vertex 3681 total 4575 end
I20250912 20:27:40.755575 38558 StaAnalyze.cc:565] analyze timing path end vertex 3691 total 4575 start
I20250912 20:27:40.755609 38558 StaAnalyze.cc:303] add path data num 0 to regfile/_16549_:RN
I20250912 20:27:40.755641 38558 StaAnalyze.cc:599] analyze timing path end vertex 3691 total 4575 end
I20250912 20:27:40.755710 38558 StaAnalyze.cc:565] analyze timing path end vertex 3701 total 4575 start
I20250912 20:27:40.755744 38558 StaAnalyze.cc:599] analyze timing path end vertex 3701 total 4575 end
I20250912 20:27:40.755815 38558 StaAnalyze.cc:565] analyze timing path end vertex 3711 total 4575 start
I20250912 20:27:40.755848 38558 StaAnalyze.cc:599] analyze timing path end vertex 3711 total 4575 end
I20250912 20:27:40.755951 38558 StaAnalyze.cc:565] analyze timing path end vertex 3721 total 4575 start
I20250912 20:27:40.755985 38558 StaAnalyze.cc:599] analyze timing path end vertex 3721 total 4575 end
I20250912 20:27:40.756055 38558 StaAnalyze.cc:565] analyze timing path end vertex 3731 total 4575 start
I20250912 20:27:40.756088 38558 StaAnalyze.cc:599] analyze timing path end vertex 3731 total 4575 end
I20250912 20:27:40.756161 38558 StaAnalyze.cc:565] analyze timing path end vertex 3741 total 4575 start
I20250912 20:27:40.756196 38558 StaAnalyze.cc:303] add path data num 0 to regfile/_16574_:RN
I20250912 20:27:40.756228 38558 StaAnalyze.cc:599] analyze timing path end vertex 3741 total 4575 end
I20250912 20:27:40.756297 38558 StaAnalyze.cc:565] analyze timing path end vertex 3751 total 4575 start
I20250912 20:27:40.756331 38558 StaAnalyze.cc:599] analyze timing path end vertex 3751 total 4575 end
I20250912 20:27:40.756399 38558 StaAnalyze.cc:565] analyze timing path end vertex 3761 total 4575 start
I20250912 20:27:40.756433 38558 StaAnalyze.cc:599] analyze timing path end vertex 3761 total 4575 end
I20250912 20:27:40.756501 38558 StaAnalyze.cc:565] analyze timing path end vertex 3771 total 4575 start
I20250912 20:27:40.756548 38558 StaAnalyze.cc:599] analyze timing path end vertex 3771 total 4575 end
I20250912 20:27:40.756628 38558 StaAnalyze.cc:565] analyze timing path end vertex 3781 total 4575 start
I20250912 20:27:40.756664 38558 StaAnalyze.cc:599] analyze timing path end vertex 3781 total 4575 end
I20250912 20:27:40.756733 38558 StaAnalyze.cc:565] analyze timing path end vertex 3791 total 4575 start
I20250912 20:27:40.756767 38558 StaAnalyze.cc:303] add path data num 0 to regfile/_16599_:RN
I20250912 20:27:40.756800 38558 StaAnalyze.cc:599] analyze timing path end vertex 3791 total 4575 end
I20250912 20:27:40.756875 38558 StaAnalyze.cc:565] analyze timing path end vertex 3801 total 4575 start
I20250912 20:27:40.756946 38558 StaAnalyze.cc:599] analyze timing path end vertex 3801 total 4575 end
I20250912 20:27:40.757011 38558 StaAnalyze.cc:565] analyze timing path end vertex 3811 total 4575 start
I20250912 20:27:40.757045 38558 StaAnalyze.cc:599] analyze timing path end vertex 3811 total 4575 end
I20250912 20:27:40.757112 38558 StaAnalyze.cc:565] analyze timing path end vertex 3821 total 4575 start
I20250912 20:27:40.757145 38558 StaAnalyze.cc:599] analyze timing path end vertex 3821 total 4575 end
I20250912 20:27:40.757213 38558 StaAnalyze.cc:565] analyze timing path end vertex 3831 total 4575 start
I20250912 20:27:40.757246 38558 StaAnalyze.cc:599] analyze timing path end vertex 3831 total 4575 end
I20250912 20:27:40.757316 38558 StaAnalyze.cc:565] analyze timing path end vertex 3841 total 4575 start
I20250912 20:27:40.757350 38558 StaAnalyze.cc:303] add path data num 0 to regfile/_16624_:RN
I20250912 20:27:40.757382 38558 StaAnalyze.cc:599] analyze timing path end vertex 3841 total 4575 end
I20250912 20:27:40.757448 38558 StaAnalyze.cc:565] analyze timing path end vertex 3851 total 4575 start
I20250912 20:27:40.757480 38558 StaAnalyze.cc:599] analyze timing path end vertex 3851 total 4575 end
I20250912 20:27:40.757551 38558 StaAnalyze.cc:565] analyze timing path end vertex 3861 total 4575 start
I20250912 20:27:40.757584 38558 StaAnalyze.cc:599] analyze timing path end vertex 3861 total 4575 end
I20250912 20:27:40.757654 38558 StaAnalyze.cc:565] analyze timing path end vertex 3871 total 4575 start
I20250912 20:27:40.757686 38558 StaAnalyze.cc:599] analyze timing path end vertex 3871 total 4575 end
I20250912 20:27:40.757757 38558 StaAnalyze.cc:565] analyze timing path end vertex 3881 total 4575 start
I20250912 20:27:40.757790 38558 StaAnalyze.cc:599] analyze timing path end vertex 3881 total 4575 end
I20250912 20:27:40.757860 38558 StaAnalyze.cc:565] analyze timing path end vertex 3891 total 4575 start
I20250912 20:27:40.758759 38558 StaAnalyze.cc:303] add path data num 0 to regfile/_16649_:RN
I20250912 20:27:40.758802 38558 StaAnalyze.cc:599] analyze timing path end vertex 3891 total 4575 end
I20250912 20:27:40.758875 38558 StaAnalyze.cc:565] analyze timing path end vertex 3901 total 4575 start
I20250912 20:27:40.758941 38558 StaAnalyze.cc:599] analyze timing path end vertex 3901 total 4575 end
I20250912 20:27:40.759030 38558 StaAnalyze.cc:565] analyze timing path end vertex 3911 total 4575 start
I20250912 20:27:40.759064 38558 StaAnalyze.cc:599] analyze timing path end vertex 3911 total 4575 end
I20250912 20:27:40.759135 38558 StaAnalyze.cc:565] analyze timing path end vertex 3921 total 4575 start
I20250912 20:27:40.759168 38558 StaAnalyze.cc:599] analyze timing path end vertex 3921 total 4575 end
I20250912 20:27:40.759240 38558 StaAnalyze.cc:565] analyze timing path end vertex 3931 total 4575 start
I20250912 20:27:40.759274 38558 StaAnalyze.cc:599] analyze timing path end vertex 3931 total 4575 end
I20250912 20:27:40.759346 38558 StaAnalyze.cc:565] analyze timing path end vertex 3941 total 4575 start
I20250912 20:27:40.759380 38558 StaAnalyze.cc:303] add path data num 0 to regfile/_16674_:RN
I20250912 20:27:40.759413 38558 StaAnalyze.cc:599] analyze timing path end vertex 3941 total 4575 end
I20250912 20:27:40.759481 38558 StaAnalyze.cc:565] analyze timing path end vertex 3951 total 4575 start
I20250912 20:27:40.759536 38558 StaAnalyze.cc:599] analyze timing path end vertex 3951 total 4575 end
I20250912 20:27:40.759603 38558 StaAnalyze.cc:565] analyze timing path end vertex 3961 total 4575 start
I20250912 20:27:40.759636 38558 StaAnalyze.cc:599] analyze timing path end vertex 3961 total 4575 end
I20250912 20:27:40.759739 38558 StaAnalyze.cc:565] analyze timing path end vertex 3971 total 4575 start
I20250912 20:27:40.759771 38558 StaAnalyze.cc:599] analyze timing path end vertex 3971 total 4575 end
I20250912 20:27:40.759841 38558 StaAnalyze.cc:565] analyze timing path end vertex 3981 total 4575 start
I20250912 20:27:40.759879 38558 StaAnalyze.cc:599] analyze timing path end vertex 3981 total 4575 end
I20250912 20:27:40.759984 38558 StaAnalyze.cc:565] analyze timing path end vertex 3991 total 4575 start
I20250912 20:27:40.760017 38558 StaAnalyze.cc:303] add path data num 0 to regfile/_16699_:RN
I20250912 20:27:40.760051 38558 StaAnalyze.cc:599] analyze timing path end vertex 3991 total 4575 end
I20250912 20:27:40.760116 38558 StaAnalyze.cc:565] analyze timing path end vertex 4001 total 4575 start
I20250912 20:27:40.760149 38558 StaAnalyze.cc:599] analyze timing path end vertex 4001 total 4575 end
I20250912 20:27:40.760215 38558 StaAnalyze.cc:565] analyze timing path end vertex 4011 total 4575 start
I20250912 20:27:40.760247 38558 StaAnalyze.cc:599] analyze timing path end vertex 4011 total 4575 end
I20250912 20:27:40.760315 38558 StaAnalyze.cc:565] analyze timing path end vertex 4021 total 4575 start
I20250912 20:27:40.760347 38558 StaAnalyze.cc:599] analyze timing path end vertex 4021 total 4575 end
I20250912 20:27:40.760414 38558 StaAnalyze.cc:565] analyze timing path end vertex 4031 total 4575 start
I20250912 20:27:40.760452 38558 StaAnalyze.cc:599] analyze timing path end vertex 4031 total 4575 end
I20250912 20:27:40.760517 38558 StaAnalyze.cc:565] analyze timing path end vertex 4041 total 4575 start
I20250912 20:27:40.760550 38558 StaAnalyze.cc:303] add path data num 0 to regfile/_16724_:RN
I20250912 20:27:40.760589 38558 StaAnalyze.cc:599] analyze timing path end vertex 4041 total 4575 end
I20250912 20:27:40.760665 38558 StaAnalyze.cc:565] analyze timing path end vertex 4051 total 4575 start
I20250912 20:27:40.760697 38558 StaAnalyze.cc:599] analyze timing path end vertex 4051 total 4575 end
I20250912 20:27:40.760867 38558 StaAnalyze.cc:565] analyze timing path end vertex 4061 total 4575 start
I20250912 20:27:40.760988 38558 StaAnalyze.cc:599] analyze timing path end vertex 4061 total 4575 end
I20250912 20:27:40.761060 38558 StaAnalyze.cc:565] analyze timing path end vertex 4071 total 4575 start
I20250912 20:27:40.761091 38558 StaAnalyze.cc:599] analyze timing path end vertex 4071 total 4575 end
I20250912 20:27:40.761154 38558 StaAnalyze.cc:565] analyze timing path end vertex 4081 total 4575 start
I20250912 20:27:40.761186 38558 StaAnalyze.cc:599] analyze timing path end vertex 4081 total 4575 end
I20250912 20:27:40.761252 38558 StaAnalyze.cc:565] analyze timing path end vertex 4091 total 4575 start
I20250912 20:27:40.761284 38558 StaAnalyze.cc:303] add path data num 0 to regfile/_16749_:RN
I20250912 20:27:40.761322 38558 StaAnalyze.cc:599] analyze timing path end vertex 4091 total 4575 end
I20250912 20:27:40.761384 38558 StaAnalyze.cc:565] analyze timing path end vertex 4101 total 4575 start
I20250912 20:27:40.761415 38558 StaAnalyze.cc:599] analyze timing path end vertex 4101 total 4575 end
I20250912 20:27:40.761482 38558 StaAnalyze.cc:565] analyze timing path end vertex 4111 total 4575 start
I20250912 20:27:40.761518 38558 StaAnalyze.cc:599] analyze timing path end vertex 4111 total 4575 end
I20250912 20:27:40.761620 38558 StaAnalyze.cc:565] analyze timing path end vertex 4121 total 4575 start
I20250912 20:27:40.761664 38558 StaAnalyze.cc:599] analyze timing path end vertex 4121 total 4575 end
I20250912 20:27:40.761734 38558 StaAnalyze.cc:565] analyze timing path end vertex 4131 total 4575 start
I20250912 20:27:40.761771 38558 StaAnalyze.cc:599] analyze timing path end vertex 4131 total 4575 end
I20250912 20:27:40.761852 38558 StaAnalyze.cc:565] analyze timing path end vertex 4141 total 4575 start
I20250912 20:27:40.761924 38558 StaAnalyze.cc:303] add path data num 0 to wbu/_2743_:RN
I20250912 20:27:40.761956 38558 StaAnalyze.cc:599] analyze timing path end vertex 4141 total 4575 end
I20250912 20:27:40.762030 38558 StaAnalyze.cc:565] analyze timing path end vertex 4151 total 4575 start
I20250912 20:27:40.762068 38558 StaAnalyze.cc:599] analyze timing path end vertex 4151 total 4575 end
I20250912 20:27:40.762135 38558 StaAnalyze.cc:565] analyze timing path end vertex 4161 total 4575 start
I20250912 20:27:40.762171 38558 StaAnalyze.cc:599] analyze timing path end vertex 4161 total 4575 end
I20250912 20:27:40.762249 38558 StaAnalyze.cc:565] analyze timing path end vertex 4171 total 4575 start
I20250912 20:27:40.762281 38558 StaAnalyze.cc:599] analyze timing path end vertex 4171 total 4575 end
I20250912 20:27:40.762348 38558 StaAnalyze.cc:565] analyze timing path end vertex 4181 total 4575 start
I20250912 20:27:40.762380 38558 StaAnalyze.cc:599] analyze timing path end vertex 4181 total 4575 end
I20250912 20:27:40.762449 38558 StaAnalyze.cc:565] analyze timing path end vertex 4191 total 4575 start
I20250912 20:27:40.762480 38558 StaAnalyze.cc:303] add path data num 0 to wbu/_2768_:RN
I20250912 20:27:40.762563 38558 StaAnalyze.cc:599] analyze timing path end vertex 4191 total 4575 end
I20250912 20:27:40.762740 38558 StaAnalyze.cc:565] analyze timing path end vertex 4201 total 4575 start
I20250912 20:27:40.762781 38558 StaAnalyze.cc:599] analyze timing path end vertex 4201 total 4575 end
I20250912 20:27:40.762851 38558 StaAnalyze.cc:565] analyze timing path end vertex 4211 total 4575 start
I20250912 20:27:40.762923 38558 StaAnalyze.cc:599] analyze timing path end vertex 4211 total 4575 end
I20250912 20:27:40.762992 38558 StaAnalyze.cc:565] analyze timing path end vertex 4221 total 4575 start
I20250912 20:27:40.763031 38558 StaAnalyze.cc:599] analyze timing path end vertex 4221 total 4575 end
I20250912 20:27:40.763094 38558 StaAnalyze.cc:565] analyze timing path end vertex 4231 total 4575 start
I20250912 20:27:40.763126 38558 StaAnalyze.cc:599] analyze timing path end vertex 4231 total 4575 end
I20250912 20:27:40.763203 38558 StaAnalyze.cc:565] analyze timing path end vertex 4241 total 4575 start
I20250912 20:27:40.763240 38558 StaAnalyze.cc:303] add path data num 0 to wbu/_2793_:RN
I20250912 20:27:40.763273 38558 StaAnalyze.cc:599] analyze timing path end vertex 4241 total 4575 end
I20250912 20:27:40.763338 38558 StaAnalyze.cc:565] analyze timing path end vertex 4251 total 4575 start
I20250912 20:27:40.763370 38558 StaAnalyze.cc:599] analyze timing path end vertex 4251 total 4575 end
I20250912 20:27:40.763437 38558 StaAnalyze.cc:565] analyze timing path end vertex 4261 total 4575 start
I20250912 20:27:40.763475 38558 StaAnalyze.cc:599] analyze timing path end vertex 4261 total 4575 end
I20250912 20:27:40.763605 38558 StaAnalyze.cc:565] analyze timing path end vertex 4271 total 4575 start
I20250912 20:27:40.763643 38558 StaAnalyze.cc:599] analyze timing path end vertex 4271 total 4575 end
I20250912 20:27:40.763710 38558 StaAnalyze.cc:565] analyze timing path end vertex 4281 total 4575 start
I20250912 20:27:40.763742 38558 StaAnalyze.cc:599] analyze timing path end vertex 4281 total 4575 end
I20250912 20:27:40.763808 38558 StaAnalyze.cc:565] analyze timing path end vertex 4291 total 4575 start
I20250912 20:27:40.763845 38558 StaAnalyze.cc:303] add path data num 0 to wbu/_2818_:RN
I20250912 20:27:40.763877 38558 StaAnalyze.cc:599] analyze timing path end vertex 4291 total 4575 end
I20250912 20:27:40.763988 38558 StaAnalyze.cc:565] analyze timing path end vertex 4301 total 4575 start
I20250912 20:27:40.764026 38558 StaAnalyze.cc:599] analyze timing path end vertex 4301 total 4575 end
I20250912 20:27:40.764093 38558 StaAnalyze.cc:565] analyze timing path end vertex 4311 total 4575 start
I20250912 20:27:40.764127 38558 StaAnalyze.cc:599] analyze timing path end vertex 4311 total 4575 end
I20250912 20:27:40.764195 38558 StaAnalyze.cc:565] analyze timing path end vertex 4321 total 4575 start
I20250912 20:27:40.764249 38558 StaAnalyze.cc:599] analyze timing path end vertex 4321 total 4575 end
I20250912 20:27:40.764326 38558 StaAnalyze.cc:565] analyze timing path end vertex 4331 total 4575 start
I20250912 20:27:40.764359 38558 StaAnalyze.cc:599] analyze timing path end vertex 4331 total 4575 end
I20250912 20:27:40.764426 38558 StaAnalyze.cc:565] analyze timing path end vertex 4341 total 4575 start
I20250912 20:27:40.764459 38558 StaAnalyze.cc:303] add path data num 0 to wbu/_2843_:RN
I20250912 20:27:40.764492 38558 StaAnalyze.cc:599] analyze timing path end vertex 4341 total 4575 end
I20250912 20:27:40.764557 38558 StaAnalyze.cc:565] analyze timing path end vertex 4351 total 4575 start
I20250912 20:27:40.764596 38558 StaAnalyze.cc:599] analyze timing path end vertex 4351 total 4575 end
I20250912 20:27:40.764667 38558 StaAnalyze.cc:565] analyze timing path end vertex 4361 total 4575 start
I20250912 20:27:40.764699 38558 StaAnalyze.cc:599] analyze timing path end vertex 4361 total 4575 end
I20250912 20:27:40.764766 38558 StaAnalyze.cc:565] analyze timing path end vertex 4371 total 4575 start
I20250912 20:27:40.764806 38558 StaAnalyze.cc:599] analyze timing path end vertex 4371 total 4575 end
I20250912 20:27:40.764874 38558 StaAnalyze.cc:565] analyze timing path end vertex 4381 total 4575 start
I20250912 20:27:40.764945 38558 StaAnalyze.cc:599] analyze timing path end vertex 4381 total 4575 end
I20250912 20:27:40.765020 38558 StaAnalyze.cc:565] analyze timing path end vertex 4391 total 4575 start
I20250912 20:27:40.765054 38558 StaAnalyze.cc:303] add path data num 0 to wbu/_2868_:RN
I20250912 20:27:40.765129 38558 StaAnalyze.cc:599] analyze timing path end vertex 4391 total 4575 end
I20250912 20:27:40.765201 38558 StaAnalyze.cc:565] analyze timing path end vertex 4401 total 4575 start
I20250912 20:27:40.765234 38558 StaAnalyze.cc:599] analyze timing path end vertex 4401 total 4575 end
I20250912 20:27:40.765316 38558 StaAnalyze.cc:565] analyze timing path end vertex 4411 total 4575 start
I20250912 20:27:40.765352 38558 StaAnalyze.cc:599] analyze timing path end vertex 4411 total 4575 end
I20250912 20:27:40.765426 38558 StaAnalyze.cc:565] analyze timing path end vertex 4421 total 4575 start
I20250912 20:27:40.765465 38558 StaAnalyze.cc:599] analyze timing path end vertex 4421 total 4575 end
I20250912 20:27:40.765529 38558 StaAnalyze.cc:565] analyze timing path end vertex 4431 total 4575 start
I20250912 20:27:40.765561 38558 StaAnalyze.cc:599] analyze timing path end vertex 4431 total 4575 end
I20250912 20:27:40.765631 38558 StaAnalyze.cc:565] analyze timing path end vertex 4441 total 4575 start
I20250912 20:27:40.765668 38558 StaAnalyze.cc:303] add path data num 0 to wbu/_2893_:RN
I20250912 20:27:40.765700 38558 StaAnalyze.cc:599] analyze timing path end vertex 4441 total 4575 end
I20250912 20:27:40.765769 38558 StaAnalyze.cc:565] analyze timing path end vertex 4451 total 4575 start
I20250912 20:27:40.765801 38558 StaAnalyze.cc:599] analyze timing path end vertex 4451 total 4575 end
I20250912 20:27:40.765868 38558 StaAnalyze.cc:565] analyze timing path end vertex 4461 total 4575 start
I20250912 20:27:40.765935 38558 StaAnalyze.cc:599] analyze timing path end vertex 4461 total 4575 end
I20250912 20:27:40.766247 38558 StaAnalyze.cc:565] analyze timing path end vertex 4471 total 4575 start
I20250912 20:27:40.766287 38558 StaAnalyze.cc:599] analyze timing path end vertex 4471 total 4575 end
I20250912 20:27:40.766343 38558 StaAnalyze.cc:565] analyze timing path end vertex 4481 total 4575 start
I20250912 20:27:40.766376 38558 StaAnalyze.cc:599] analyze timing path end vertex 4481 total 4575 end
I20250912 20:27:40.766431 38558 StaAnalyze.cc:565] analyze timing path end vertex 4491 total 4575 start
I20250912 20:27:40.766462 38558 StaAnalyze.cc:303] add path data num 0 to wbu/_2918_:RN
I20250912 20:27:40.766494 38558 StaAnalyze.cc:599] analyze timing path end vertex 4491 total 4575 end
I20250912 20:27:40.766548 38558 StaAnalyze.cc:565] analyze timing path end vertex 4501 total 4575 start
I20250912 20:27:40.766593 38558 StaAnalyze.cc:599] analyze timing path end vertex 4501 total 4575 end
I20250912 20:27:40.766651 38558 StaAnalyze.cc:565] analyze timing path end vertex 4511 total 4575 start
I20250912 20:27:40.766683 38558 StaAnalyze.cc:599] analyze timing path end vertex 4511 total 4575 end
I20250912 20:27:40.766932 38558 StaAnalyze.cc:565] analyze timing path end vertex 4521 total 4575 start
I20250912 20:27:40.766968 38558 StaAnalyze.cc:599] analyze timing path end vertex 4521 total 4575 end
I20250912 20:27:40.767036 38558 StaAnalyze.cc:565] analyze timing path end vertex 4531 total 4575 start
I20250912 20:27:40.767074 38558 StaAnalyze.cc:599] analyze timing path end vertex 4531 total 4575 end
I20250912 20:27:40.767138 38558 StaAnalyze.cc:565] analyze timing path end vertex 4541 total 4575 start
I20250912 20:27:40.767169 38558 StaAnalyze.cc:303] add path data num 0 to wbu/_2943_:RN
I20250912 20:27:40.767206 38558 StaAnalyze.cc:599] analyze timing path end vertex 4541 total 4575 end
I20250912 20:27:40.767270 38558 StaAnalyze.cc:565] analyze timing path end vertex 4551 total 4575 start
I20250912 20:27:40.767351 38558 StaAnalyze.cc:599] analyze timing path end vertex 4551 total 4575 end
I20250912 20:27:40.767416 38558 StaAnalyze.cc:565] analyze timing path end vertex 4561 total 4575 start
I20250912 20:27:40.767448 38558 StaAnalyze.cc:599] analyze timing path end vertex 4561 total 4575 end
I20250912 20:27:40.767561 38558 StaAnalyze.cc:565] analyze timing path end vertex 4571 total 4575 start
I20250912 20:27:40.767592 38558 StaAnalyze.cc:599] analyze timing path end vertex 4571 total 4575 end
I20250912 20:27:40.767635 38558 StaAnalyze.cc:603] analyze timing path end
I20250912 20:27:40.767674 38558 StaApplySdc.cc:698] apply sdc start
I20250912 20:27:40.767707 38558 StaApplySdc.cc:729] apply sdc end
I20250912 20:27:40.767740 38558 StaDataPropagation.cc:698] data bwd propagation start
I20250912 20:27:40.775676 38558 StaDataPropagation.cc:249] propagate start vertex clint/_662_:CK
I20250912 20:27:40.775801 38558 StaDataPropagation.cc:172] Thread 140031069716608 data bwd propagate found end vertex.ifbiu/_756_:D
I20250912 20:27:40.775871 38558 StaDataPropagation.cc:172] Thread 140031069716608 data bwd propagate found end vertex.lsbiu/_2029_:D
I20250912 20:27:40.775966 38558 StaDataPropagation.cc:172] Thread 140031069716608 data bwd propagate found end vertex.clint/_662_:D
I20250912 20:27:40.776026 38558 StaDataPropagation.cc:172] Thread 140031069716608 data bwd propagate found end vertex.ifbiu/_757_:D
I20250912 20:27:40.776075 38558 StaDataPropagation.cc:172] Thread 140031069716608 data bwd propagate found end vertex.lsbiu/_2126_:D
I20250912 20:27:40.776131 38558 StaDataPropagation.cc:172] Thread 140031069716608 data bwd propagate found end vertex.clint/_663_:D
I20250912 20:27:40.776188 38558 StaDataPropagation.cc:172] Thread 140031069716608 data bwd propagate found end vertex.ifbiu/_758_:D
I20250912 20:27:40.776237 38558 StaDataPropagation.cc:172] Thread 140031069716608 data bwd propagate found end vertex.lsbiu/_2127_:D
I20250912 20:27:40.776321 38558 StaDataPropagation.cc:172] Thread 140031069716608 data bwd propagate found end vertex.clint/_664_:D
I20250912 20:27:40.776372 38558 StaDataPropagation.cc:172] Thread 140031069716608 data bwd propagate found end vertex.ifbiu/_759_:D
I20250912 20:27:40.796139 38558 StaDataPropagation.cc:249] propagate start vertex exu/_6845_:CK
I20250912 20:27:40.805331 38558 StaDataPropagation.cc:249] propagate start vertex exu/csr_regfile_init/_2748_:CK
I20250912 20:27:40.813695 38558 StaDataPropagation.cc:249] propagate start vertex idu/_1765_:CK
I20250912 20:27:40.823196 38558 StaDataPropagation.cc:249] propagate start vertex lsbiu/_1986_:CK
I20250912 20:27:40.825222 38558 StaDataPropagation.cc:249] propagate start vertex lsbiu/_2186_:CK
I20250912 20:27:40.827502 38558 StaDataPropagation.cc:249] propagate start vertex regfile/_15785_:CK
I20250912 20:27:40.830467 38558 StaDataPropagation.cc:249] propagate start vertex regfile/_15985_:CK
I20250912 20:27:40.833696 38558 StaDataPropagation.cc:249] propagate start vertex regfile/_16185_:CK
I20250912 20:27:40.837772 38558 StaDataPropagation.cc:249] propagate start vertex regfile/_16385_:CK
I20250912 20:27:40.841204 38558 StaDataPropagation.cc:249] propagate start vertex regfile/_16585_:CK
I20250912 20:27:40.847841 38558 StaDataPropagation.cc:249] propagate start vertex wbu/_2749_:CK
I20250912 20:27:40.850780 38558 StaDataPropagation.cc:249] propagate start vertex wbu/_2949_:CK
I20250912 20:27:40.856133 38558 StaDataPropagation.cc:703] data bwd propagation end
I20250912 20:27:40.856215 38558 Sta.cc:2895] update timing end
I20250912 20:27:40.856313 38558 Sta.cc:2898] update timing memory usage 2021.65MB
I20250912 20:27:40.856364 38558 Sta.cc:2900] update timing time elapsed 4.4312s
[1;31m
  _____       _ _     _____        _         
 |_   _|     (_) |   |  __ \      | |        
   | |  _ __  _| |_  | |  | | __ _| |_ __ _  
   | | | '_ \| | __| | |  | |/ _` | __/ _` | 
  _| |_| | | | | |_  | |__| | (_| | || (_| | 
 |_____|_| |_|_|\__| |_____/ \__,_|\__\__,_| 
                                             
[0m
[1;35m
  ______ _        ______                      _    
 |  ____(_)      |  ____|                    | |   
 | |__   ___  __ | |__ __ _ _ __   ___  _   _| |_  
 |  __| | \ \/ / |  __/ _` | '_ \ / _ \| | | | __| 
 | |    | |>  <  | | | (_| | | | | (_) | |_| | |_  
 |_|    |_/_/\_\ |_|  \__,_|_| |_|\___/ \__,_|\__| 
                                                   
[0m
I20250912 20:27:40.870059 38558 FixFanout.cpp:55] [Result: ] Find 48 Net with fanout violation.
I20250912 20:27:40.870150 38558 FixFanout.cpp:56] [Result: ] Insert 109 Buffers.
iNO fixfanout run successfully.
I20250912 20:27:40.870400 38558 verilog_write.cpp:59] start write verilog file /home/zzy/ysyx-workbench/yosys-sta/result/ysyx_25030085_cpu-500MHz/ysyx_25030085_cpu.netlist.fixed.v
I20250912 20:27:41.110476 38558 verilog_write.cpp:77] finish write verilog file /home/zzy/ysyx-workbench/yosys-sta/result/ysyx_25030085_cpu-500MHz/ysyx_25030085_cpu.netlist.fixed.v
