I20250912 20:27:41.181504 42512 Sta.cc:383] read verilog file /home/zzy/ysyx-workbench/yosys-sta/result/ysyx_25030085_cpu-500MHz/ysyx_25030085_cpu.netlist.fixed.v start
I20250912 20:27:41.182024 42512 VerilogParserRustC.cc:41] load verilog file /home/zzy/ysyx-workbench/yosys-sta/result/ysyx_25030085_cpu-500MHz/ysyx_25030085_cpu.netlist.fixed.v
r str /home/zzy/ysyx-workbench/yosys-sta/result/ysyx_25030085_cpu-500MHz/ysyx_25030085_cpu.netlist.fixed.v
I20250912 20:27:41.387251 42512 Sta.cc:391] read verilog end
I20250912 20:27:41.387393 42512 Sta.cc:309] load lib start
I20250912 20:27:41.393203 42545 Sta.cc:287] read liberty /home/zzy/ysyx-workbench/yosys-sta/scripts/../nangate45/lib/merged.lib start 
I20250912 20:27:41.395442 42545 LibParserRustC.cc:1285] load liberty file /home/zzy/ysyx-workbench/yosys-sta/scripts/../nangate45/lib/merged.lib
rust read lib file /home/zzy/ysyx-workbench/yosys-sta/scripts/../nangate45/lib/merged.lib
I20250912 20:27:41.891489 42545 LibParserRustC.cc:1294] load liberty file /home/zzy/ysyx-workbench/yosys-sta/scripts/../nangate45/lib/merged.lib success.
I20250912 20:27:41.891592 42545 Sta.cc:297] read liberty /home/zzy/ysyx-workbench/yosys-sta/scripts/../nangate45/lib/merged.lib end 
I20250912 20:27:41.891844 42512 Sta.cc:328] load lib end
I20250912 20:27:41.891983 42512 Sta.cc:417] link design ysyx_25030085_cpu start
I20250912 20:27:41.905085 42577 LibParserRustC.cc:1304] link liberty file /home/zzy/ysyx-workbench/yosys-sta/scripts/../nangate45/lib/merged.lib start.
I20250912 20:27:41.906272 42577 LibParserRustC.cc:666] unkown attri name: technology in /home/zzy/ysyx-workbench/yosys-sta/scripts/../nangate45/lib/merged.lib line no 2
I20250912 20:27:43.051309 42577 LibParserRustC.cc:1310] link liberty file /home/zzy/ysyx-workbench/yosys-sta/scripts/../nangate45/lib/merged.lib success.
I20250912 20:27:43.485620 42512 Sta.cc:1106] link design ysyx_25030085_cpu end
I20250912 20:27:43.485734 42512 Sta.cc:1108] design ysyx_25030085_cpu inst num: 20904
I20250912 20:27:43.485786 42512 Sta.cc:1110] design ysyx_25030085_cpu net num: 23300
I20250912 20:27:43.485817 42512 Sta.cc:1112] design ysyx_25030085_cpu port num: 383
I20250912 20:27:43.485879 42512 Sta.cc:181] read sdc /home/zzy/ysyx-workbench/npc/top.sdc start 
I20250912 20:27:43.494472 42512 CmdCreateClock.cc:124] create clock core_clock for pin/port: clock
I20250912 20:27:43.494565 42512 Sta.cc:198] read sdc /home/zzy/ysyx-workbench/npc/top.sdc end 
I20250912 20:27:43.494623 42512 StaBuildGraph.cc:315] build graph start
I20250912 20:27:43.682528 42512 StaBuildGraph.cc:332] build graph end
I20250912 20:27:43.682768 42512 Sta.cc:2834] update timing start
I20250912 20:27:43.687178 42512 StaApplySdc.cc:698] apply sdc start
I20250912 20:27:43.687287 42512 StaApplySdc.cc:729] apply sdc end
I20250912 20:27:43.687436 42512 StaClockPropagation.cc:324] ideal clock propagation start
I20250912 20:27:43.687469 42512 StaClockPropagation.cc:354] clock propagation clock num: 1
I20250912 20:27:43.687513 42512 StaClockPropagation.cc:203] clock propagate end to vertex arbiter/_1573_:CK
I20250912 20:27:43.691591 42512 StaClockPropagation.cc:422] ideal clock propagation end
I20250912 20:27:43.691671 42512 StaCheck.cc:129] found loop fwd start
I20250912 20:27:43.707542 42512 StaCheck.cc:148] found loop fwd end
I20250912 20:27:43.707646 42512 StaCheck.cc:150] found loop bwd start
I20250912 20:27:43.722523 42512 StaCheck.cc:172] found loop bwd end
I20250912 20:27:43.722728 42512 StaClockSlewDelayPropagation.cc:112] clock slew delay propagation start
I20250912 20:27:43.722787 42512 StaClockSlewDelayPropagation.cc:130] propagating current clock queue vertexes number is 1
I20250912 20:27:43.727864 42512 StaClockSlewDelayPropagation.cc:130] propagating current clock queue vertexes number is 2412
I20250912 20:27:43.738155 42512 StaClockSlewDelayPropagation.cc:163] clock slew delay propagation end
I20250912 20:27:43.738327 42512 StaClockSlewDelayPropagation.cc:166] clock slew delay propagation memory usage 0MB
I20250912 20:27:43.738384 42512 StaClockSlewDelayPropagation.cc:169] clock slew delay propagation time elapsed 0.015655s
I20250912 20:27:43.754094 42512 StaClockPropagation.cc:326] propagated(kNormal) clock propagation start
I20250912 20:27:43.754195 42512 StaClockPropagation.cc:354] clock propagation clock num: 1
I20250912 20:27:43.754231 42512 StaClockPropagation.cc:424] propagated(kNormal) clock propagation end
I20250912 20:27:43.754264 42512 StaApplySdc.cc:698] apply sdc start
I20250912 20:27:43.754343 42512 StaApplySdc.cc:729] apply sdc end
I20250912 20:27:43.754427 42512 StaClockPropagation.cc:328] propagated(kGenerated) clock propagation start
I20250912 20:27:43.754580 42512 StaClockPropagation.cc:354] clock propagation clock num: 1
I20250912 20:27:43.754643 42512 StaClockPropagation.cc:426] propagated(kGenerated) clock propagation end
I20250912 20:27:43.754676 42512 StaApplySdc.cc:698] apply sdc start
I20250912 20:27:43.754707 42512 StaApplySdc.cc:729] apply sdc end
I20250912 20:27:43.754739 42512 StaBuildPropTag.cc:325] build propagation tag start
I20250912 20:27:43.754812 42512 StaBuildPropTag.cc:338] build propagation tag end
I20250912 20:27:43.754842 42512 StaDataPropagation.cc:676] data fwd propagation start
I20250912 20:27:43.754992 42512 StaDataPropagationBFS.cc:166] data fwd propagation bfs start
I20250912 20:27:43.764372 42512 StaDataPropagationBFS.cc:190] propagating current data queue vertexes number is 2386
I20250912 20:27:43.769955 42609 StaDataPropagationBFS.cc:82] Thread 134374068057664 date fwd propagate found start vertex.io_master_arready
I20250912 20:27:43.769986 42578 StaDataPropagationBFS.cc:82] Thread 134374101628480 date fwd propagate found start vertex.io_master_awready
I20250912 20:27:43.770340 42585 StaDataPropagationBFS.cc:82] Thread 134374307640896 date fwd propagate found start vertex.io_master_rlast
I20250912 20:27:43.770406 42586 StaDataPropagationBFS.cc:82] Thread 134374299248192 date fwd propagate found start vertex.io_master_rvalid
I20250912 20:27:43.770471 42588 StaDataPropagationBFS.cc:82] Thread 134374282462784 date fwd propagate found start vertex.io_master_wready
I20250912 20:27:43.770592 42592 StaDataPropagationBFS.cc:82] Thread 134374248891968 date fwd propagate found start vertex.io_master_bresp[0]
I20250912 20:27:43.770648 42597 StaDataPropagationBFS.cc:82] Thread 134374206928448 date fwd propagate found start vertex.io_master_bresp[1]
I20250912 20:27:43.770717 42590 StaDataPropagationBFS.cc:82] Thread 134374265677376 date fwd propagate found start vertex.io_master_rdata[0]
[0;31mE20250912 20:27:43.771082 42593 Lib.cc:181] Warning: val outside table ranges:  val = 0; min_val = 0.00117378; max_val = 0.198535
[m[0;31mE20250912 20:27:43.771143 42604 Lib.cc:181] Warning: val outside table ranges:  val = 0; min_val = 0.00117378; max_val = 0.198535
[m[0;31mE20250912 20:27:43.771436 42582 Lib.cc:181] Warning: val outside table ranges:  val = 0; min_val = 0.00117378; max_val = 0.198535
[m[0;31mE20250912 20:27:43.771082 42579 Lib.cc:181] Warning: val outside table ranges:  val = 0; min_val = 0.00117378; max_val = 0.198535
[m[0;31mE20250912 20:27:43.771083 42602 Lib.cc:181] Warning: val outside table ranges:  val = 0; min_val = 0.00117378; max_val = 0.198535
[m[0;31mE20250912 20:27:43.771168 42581 Lib.cc:181] Warning: val outside table ranges:  val = 0; min_val = 0.00117378; max_val = 0.198535
[m[0;31mE20250912 20:27:43.771257 42603 Lib.cc:181] Warning: val outside table ranges:  val = 0; min_val = 0.00117378; max_val = 0.198535
[m[0;31mE20250912 20:27:43.771473 42606 Lib.cc:181] Warning: val outside table ranges:  val = 0; min_val = 0.00117378; max_val = 0.198535
[m[0;31mE20250912 20:27:43.771538 42598 Lib.cc:181] Warning: val outside table ranges:  val = 0; min_val = 0.00117378; max_val = 0.198535
[m[0;31mE20250912 20:27:43.771955 42594 Lib.cc:181] Warning: val outside table ranges:  val = 0; min_val = 0.00117378; max_val = 0.198535
[mI20250912 20:27:43.770279 42584 StaDataPropagationBFS.cc:82] Thread 134374316033600 date fwd propagate found start vertex.io_master_bvalid
I20250912 20:27:43.770526 42587 StaDataPropagationBFS.cc:82] Thread 134374290855488 date fwd propagate found start vertex.reset
I20250912 20:27:43.836488 42512 StaDataPropagationBFS.cc:190] propagating current data queue vertexes number is 3605
I20250912 20:27:44.020401 42512 StaDataPropagationBFS.cc:190] propagating current data queue vertexes number is 4577
I20250912 20:27:44.085443 42512 StaDataPropagationBFS.cc:190] propagating current data queue vertexes number is 4574
I20250912 20:27:44.285754 42512 StaDataPropagationBFS.cc:190] propagating current data queue vertexes number is 6771
I20250912 20:27:44.601294 42512 StaDataPropagationBFS.cc:190] propagating current data queue vertexes number is 1103
I20250912 20:27:44.666548 42512 StaDataPropagationBFS.cc:190] propagating current data queue vertexes number is 3535
I20250912 20:27:44.874013 42512 StaDataPropagationBFS.cc:190] propagating current data queue vertexes number is 551
I20250912 20:27:44.888839 42512 StaDataPropagationBFS.cc:190] propagating current data queue vertexes number is 1173
I20250912 20:27:44.960151 42512 StaDataPropagationBFS.cc:190] propagating current data queue vertexes number is 1530
I20250912 20:27:45.056192 42512 StaDataPropagationBFS.cc:190] propagating current data queue vertexes number is 1773
I20250912 20:27:45.163327 42512 StaDataPropagationBFS.cc:190] propagating current data queue vertexes number is 1661
I20250912 20:27:45.271852 42512 StaDataPropagationBFS.cc:190] propagating current data queue vertexes number is 2739
I20250912 20:27:45.434741 42512 StaDataPropagationBFS.cc:190] propagating current data queue vertexes number is 1471
I20250912 20:27:45.535072 42512 StaDataPropagationBFS.cc:190] propagating current data queue vertexes number is 3068
I20250912 20:27:45.670852 42512 StaDataPropagationBFS.cc:190] propagating current data queue vertexes number is 1625
I20250912 20:27:45.795406 42512 StaDataPropagationBFS.cc:190] propagating current data queue vertexes number is 3154
I20250912 20:27:45.918176 42512 StaDataPropagationBFS.cc:190] propagating current data queue vertexes number is 2000
I20250912 20:27:46.048825 42512 StaDataPropagationBFS.cc:190] propagating current data queue vertexes number is 2638
I20250912 20:27:46.169270 42512 StaDataPropagationBFS.cc:190] propagating current data queue vertexes number is 1743
I20250912 20:27:46.283244 42512 StaDataPropagationBFS.cc:190] propagating current data queue vertexes number is 2159
I20250912 20:27:46.425575 42512 StaDataPropagationBFS.cc:190] propagating current data queue vertexes number is 633
I20250912 20:27:46.472493 42512 StaDataPropagationBFS.cc:190] propagating current data queue vertexes number is 941
I20250912 20:27:46.535774 42512 StaDataPropagationBFS.cc:190] propagating current data queue vertexes number is 437
I20250912 20:27:46.568102 42512 StaDataPropagationBFS.cc:190] propagating current data queue vertexes number is 615
I20250912 20:27:46.590471 42512 StaDataPropagationBFS.cc:190] propagating current data queue vertexes number is 420
I20250912 20:27:46.620260 42512 StaDataPropagationBFS.cc:190] propagating current data queue vertexes number is 570
I20250912 20:27:46.659314 42512 StaDataPropagationBFS.cc:190] propagating current data queue vertexes number is 409
I20250912 20:27:46.695456 42512 StaDataPropagationBFS.cc:190] propagating current data queue vertexes number is 552
I20250912 20:27:46.739234 42512 StaDataPropagationBFS.cc:190] propagating current data queue vertexes number is 325
I20250912 20:27:46.769052 42512 StaDataPropagationBFS.cc:190] propagating current data queue vertexes number is 398
I20250912 20:27:46.803298 42512 StaDataPropagationBFS.cc:190] propagating current data queue vertexes number is 289
I20250912 20:27:46.831890 42512 StaDataPropagationBFS.cc:190] propagating current data queue vertexes number is 366
I20250912 20:27:46.864972 42512 StaDataPropagationBFS.cc:190] propagating current data queue vertexes number is 242
I20250912 20:27:46.891309 42512 StaDataPropagationBFS.cc:190] propagating current data queue vertexes number is 280
I20250912 20:27:46.916962 42512 StaDataPropagationBFS.cc:190] propagating current data queue vertexes number is 137
I20250912 20:27:46.936830 42512 StaDataPropagationBFS.cc:190] propagating current data queue vertexes number is 164
I20250912 20:27:46.952385 42512 StaDataPropagationBFS.cc:190] propagating current data queue vertexes number is 105
I20250912 20:27:46.969446 42512 StaDataPropagationBFS.cc:190] propagating current data queue vertexes number is 130
I20250912 20:27:46.980755 42512 StaDataPropagationBFS.cc:190] propagating current data queue vertexes number is 85
I20250912 20:27:46.995260 42512 StaDataPropagationBFS.cc:190] propagating current data queue vertexes number is 110
I20250912 20:27:47.010602 42512 StaDataPropagationBFS.cc:190] propagating current data queue vertexes number is 83
I20250912 20:27:47.024000 42512 StaDataPropagationBFS.cc:190] propagating current data queue vertexes number is 102
I20250912 20:27:47.042305 42512 StaDataPropagationBFS.cc:190] propagating current data queue vertexes number is 70
I20250912 20:27:47.055719 42512 StaDataPropagationBFS.cc:190] propagating current data queue vertexes number is 84
I20250912 20:27:47.069217 42512 StaDataPropagationBFS.cc:190] propagating current data queue vertexes number is 57
I20250912 20:27:47.081826 42512 StaDataPropagationBFS.cc:190] propagating current data queue vertexes number is 77
I20250912 20:27:47.096758 42512 StaDataPropagationBFS.cc:190] propagating current data queue vertexes number is 56
I20250912 20:27:47.109126 42512 StaDataPropagationBFS.cc:190] propagating current data queue vertexes number is 66
I20250912 20:27:47.119578 42512 StaDataPropagationBFS.cc:190] propagating current data queue vertexes number is 51
I20250912 20:27:47.131125 42512 StaDataPropagationBFS.cc:190] propagating current data queue vertexes number is 59
I20250912 20:27:47.141633 42512 StaDataPropagationBFS.cc:190] propagating current data queue vertexes number is 44
I20250912 20:27:47.152221 42512 StaDataPropagationBFS.cc:190] propagating current data queue vertexes number is 53
I20250912 20:27:47.163591 42512 StaDataPropagationBFS.cc:190] propagating current data queue vertexes number is 45
I20250912 20:27:47.174826 42512 StaDataPropagationBFS.cc:190] propagating current data queue vertexes number is 52
I20250912 20:27:47.186686 42512 StaDataPropagationBFS.cc:190] propagating current data queue vertexes number is 42
I20250912 20:27:47.202104 42512 StaDataPropagationBFS.cc:190] propagating current data queue vertexes number is 50
I20250912 20:27:47.214859 42512 StaDataPropagationBFS.cc:190] propagating current data queue vertexes number is 45
I20250912 20:27:47.228636 42512 StaDataPropagationBFS.cc:190] propagating current data queue vertexes number is 50
I20250912 20:27:47.239532 42512 StaDataPropagationBFS.cc:190] propagating current data queue vertexes number is 44
I20250912 20:27:47.250224 42512 StaDataPropagationBFS.cc:190] propagating current data queue vertexes number is 45
I20250912 20:27:47.260425 42512 StaDataPropagationBFS.cc:190] propagating current data queue vertexes number is 38
I20250912 20:27:47.271191 42512 StaDataPropagationBFS.cc:190] propagating current data queue vertexes number is 42
I20250912 20:27:47.283085 42512 StaDataPropagationBFS.cc:190] propagating current data queue vertexes number is 33
I20250912 20:27:47.293475 42512 StaDataPropagationBFS.cc:190] propagating current data queue vertexes number is 33
I20250912 20:27:47.303263 42512 StaDataPropagationBFS.cc:190] propagating current data queue vertexes number is 23
I20250912 20:27:47.313134 42512 StaDataPropagationBFS.cc:190] propagating current data queue vertexes number is 23
I20250912 20:27:47.322985 42512 StaDataPropagationBFS.cc:190] propagating current data queue vertexes number is 15
I20250912 20:27:47.332095 42512 StaDataPropagationBFS.cc:190] propagating current data queue vertexes number is 15
I20250912 20:27:47.341349 42512 StaDataPropagationBFS.cc:190] propagating current data queue vertexes number is 10
I20250912 20:27:47.352052 42512 StaDataPropagationBFS.cc:190] propagating current data queue vertexes number is 10
I20250912 20:27:47.362226 42512 StaDataPropagationBFS.cc:190] propagating current data queue vertexes number is 3
I20250912 20:27:47.370407 42512 StaDataPropagationBFS.cc:190] propagating current data queue vertexes number is 3
I20250912 20:27:47.378167 42512 StaDataPropagationBFS.cc:190] propagating current data queue vertexes number is 2
I20250912 20:27:47.390709 42512 StaDataPropagationBFS.cc:190] propagating current data queue vertexes number is 2
I20250912 20:27:47.400925 42512 StaDataPropagationBFS.cc:190] propagating current data queue vertexes number is 2
I20250912 20:27:47.412653 42512 StaDataPropagationBFS.cc:190] propagating current data queue vertexes number is 2
I20250912 20:27:47.421849 42512 StaDataPropagationBFS.cc:229] data fwd propagation bfs end
I20250912 20:27:47.422034 42512 StaDataPropagationBFS.cc:232] data fwd propagation bfs memory usage 1662.94MB
I20250912 20:27:47.422079 42512 StaDataPropagationBFS.cc:234] data fwd propagation bfs time elapsed 3.66709s
I20250912 20:27:47.422116 42512 StaDataPropagation.cc:695] data fwd propagation end
I20250912 20:27:47.422151 42512 StaDataPropagation.cc:676] data fwd propagation start
I20250912 20:27:47.422225 42512 StaDataPropagationBFS.cc:166] data fwd propagation bfs start
I20250912 20:27:47.430094 42512 StaDataPropagationBFS.cc:190] propagating current data queue vertexes number is 0
I20250912 20:27:47.439644 42512 StaDataPropagationBFS.cc:229] data fwd propagation bfs end
I20250912 20:27:47.439802 42512 StaDataPropagationBFS.cc:232] data fwd propagation bfs memory usage 0MB
I20250912 20:27:47.439846 42512 StaDataPropagationBFS.cc:234] data fwd propagation bfs time elapsed 0.017621s
I20250912 20:27:47.439880 42512 StaDataPropagation.cc:695] data fwd propagation end
I20250912 20:27:47.439949 42512 StaAnalyze.cc:557] analyze timing path start
I20250912 20:27:47.439987 42512 StaAnalyze.cc:565] analyze timing path end vertex 1 total 4575 start
[0;31mE20250912 20:27:47.440022 42512 StaAnalyze.cc:328] The output port io_master_araddr[14] is not constrained
[m[0;31mE20250912 20:27:47.440511 42512 StaAnalyze.cc:328] The output port io_master_araddr[14] is not constrained
[mI20250912 20:27:47.440585 42512 StaAnalyze.cc:599] analyze timing path end vertex 1 total 4575 end
[0;31mE20250912 20:27:47.440618 42512 StaAnalyze.cc:328] The output port io_master_araddr[15] is not constrained
[m[0;31mE20250912 20:27:47.440701 42512 StaAnalyze.cc:328] The output port io_master_araddr[15] is not constrained
[m[0;31mE20250912 20:27:47.440770 42512 StaAnalyze.cc:328] The output port io_master_araddr[16] is not constrained
[m[0;31mE20250912 20:27:47.440886 42512 StaAnalyze.cc:328] The output port io_master_araddr[16] is not constrained
[m[0;31mE20250912 20:27:47.440991 42512 StaAnalyze.cc:328] The output port io_master_araddr[17] is not constrained
[m[0;31mE20250912 20:27:47.441063 42512 StaAnalyze.cc:328] The output port io_master_araddr[17] is not constrained
[m[0;31mE20250912 20:27:47.441138 42512 StaAnalyze.cc:328] The output port io_master_araddr[18] is not constrained
[m[0;31mE20250912 20:27:47.441207 42512 StaAnalyze.cc:328] The output port io_master_araddr[18] is not constrained
[mI20250912 20:27:47.441277 42512 StaAnalyze.cc:565] analyze timing path end vertex 11 total 4575 start
I20250912 20:27:47.441346 42512 StaAnalyze.cc:599] analyze timing path end vertex 11 total 4575 end
I20250912 20:27:47.441385 42512 StaAnalyze.cc:565] analyze timing path end vertex 21 total 4575 start
I20250912 20:27:47.441417 42512 StaAnalyze.cc:599] analyze timing path end vertex 21 total 4575 end
I20250912 20:27:47.441450 42512 StaAnalyze.cc:565] analyze timing path end vertex 31 total 4575 start
I20250912 20:27:47.441488 42512 StaAnalyze.cc:599] analyze timing path end vertex 31 total 4575 end
I20250912 20:27:47.441520 42512 StaAnalyze.cc:565] analyze timing path end vertex 41 total 4575 start
I20250912 20:27:47.441551 42512 StaAnalyze.cc:599] analyze timing path end vertex 41 total 4575 end
I20250912 20:27:47.441584 42512 StaAnalyze.cc:565] analyze timing path end vertex 51 total 4575 start
I20250912 20:27:47.441615 42512 StaAnalyze.cc:599] analyze timing path end vertex 51 total 4575 end
I20250912 20:27:47.441648 42512 StaAnalyze.cc:565] analyze timing path end vertex 61 total 4575 start
I20250912 20:27:47.441679 42512 StaAnalyze.cc:599] analyze timing path end vertex 61 total 4575 end
I20250912 20:27:47.441711 42512 StaAnalyze.cc:565] analyze timing path end vertex 71 total 4575 start
I20250912 20:27:47.441742 42512 StaAnalyze.cc:599] analyze timing path end vertex 71 total 4575 end
I20250912 20:27:47.441776 42512 StaAnalyze.cc:565] analyze timing path end vertex 81 total 4575 start
I20250912 20:27:47.441828 42512 StaAnalyze.cc:599] analyze timing path end vertex 81 total 4575 end
I20250912 20:27:47.441862 42512 StaAnalyze.cc:565] analyze timing path end vertex 91 total 4575 start
I20250912 20:27:47.442272 42512 StaAnalyze.cc:599] analyze timing path end vertex 91 total 4575 end
I20250912 20:27:47.442309 42512 StaAnalyze.cc:565] analyze timing path end vertex 101 total 4575 start
I20250912 20:27:47.442341 42512 StaAnalyze.cc:599] analyze timing path end vertex 101 total 4575 end
I20250912 20:27:47.442374 42512 StaAnalyze.cc:565] analyze timing path end vertex 111 total 4575 start
I20250912 20:27:47.442405 42512 StaAnalyze.cc:599] analyze timing path end vertex 111 total 4575 end
I20250912 20:27:47.442438 42512 StaAnalyze.cc:565] analyze timing path end vertex 121 total 4575 start
I20250912 20:27:47.442471 42512 StaAnalyze.cc:599] analyze timing path end vertex 121 total 4575 end
I20250912 20:27:47.442503 42512 StaAnalyze.cc:565] analyze timing path end vertex 131 total 4575 start
I20250912 20:27:47.442534 42512 StaAnalyze.cc:599] analyze timing path end vertex 131 total 4575 end
I20250912 20:27:47.442565 42512 StaAnalyze.cc:565] analyze timing path end vertex 141 total 4575 start
I20250912 20:27:47.442596 42512 StaAnalyze.cc:599] analyze timing path end vertex 141 total 4575 end
I20250912 20:27:47.442628 42512 StaAnalyze.cc:565] analyze timing path end vertex 151 total 4575 start
I20250912 20:27:47.442668 42512 StaAnalyze.cc:599] analyze timing path end vertex 151 total 4575 end
I20250912 20:27:47.442703 42512 StaAnalyze.cc:565] analyze timing path end vertex 161 total 4575 start
I20250912 20:27:47.442734 42512 StaAnalyze.cc:599] analyze timing path end vertex 161 total 4575 end
I20250912 20:27:47.442793 42512 StaAnalyze.cc:303] add path data num 2 to clint/_662_:D
I20250912 20:27:47.442842 42512 StaAnalyze.cc:565] analyze timing path end vertex 171 total 4575 start
I20250912 20:27:47.442881 42512 StaAnalyze.cc:599] analyze timing path end vertex 171 total 4575 end
I20250912 20:27:47.442968 42512 StaAnalyze.cc:565] analyze timing path end vertex 181 total 4575 start
I20250912 20:27:47.443009 42512 StaAnalyze.cc:599] analyze timing path end vertex 181 total 4575 end
I20250912 20:27:47.443077 42512 StaAnalyze.cc:565] analyze timing path end vertex 191 total 4575 start
I20250912 20:27:47.443121 42512 StaAnalyze.cc:599] analyze timing path end vertex 191 total 4575 end
I20250912 20:27:47.443197 42512 StaAnalyze.cc:565] analyze timing path end vertex 201 total 4575 start
I20250912 20:27:47.443239 42512 StaAnalyze.cc:599] analyze timing path end vertex 201 total 4575 end
I20250912 20:27:47.443583 42512 StaAnalyze.cc:565] analyze timing path end vertex 211 total 4575 start
I20250912 20:27:47.443636 42512 StaAnalyze.cc:599] analyze timing path end vertex 211 total 4575 end
I20250912 20:27:47.443688 42512 StaAnalyze.cc:303] add path data num 2 to clint/_683_:D
I20250912 20:27:47.443755 42512 StaAnalyze.cc:565] analyze timing path end vertex 221 total 4575 start
I20250912 20:27:47.443799 42512 StaAnalyze.cc:599] analyze timing path end vertex 221 total 4575 end
I20250912 20:27:47.443876 42512 StaAnalyze.cc:565] analyze timing path end vertex 231 total 4575 start
I20250912 20:27:47.444137 42512 StaAnalyze.cc:599] analyze timing path end vertex 231 total 4575 end
I20250912 20:27:47.444217 42512 StaAnalyze.cc:565] analyze timing path end vertex 241 total 4575 start
I20250912 20:27:47.444262 42512 StaAnalyze.cc:599] analyze timing path end vertex 241 total 4575 end
I20250912 20:27:47.444344 42512 StaAnalyze.cc:565] analyze timing path end vertex 251 total 4575 start
I20250912 20:27:47.444387 42512 StaAnalyze.cc:599] analyze timing path end vertex 251 total 4575 end
I20250912 20:27:47.444442 42512 StaAnalyze.cc:565] analyze timing path end vertex 261 total 4575 start
I20250912 20:27:47.444481 42512 StaAnalyze.cc:599] analyze timing path end vertex 261 total 4575 end
I20250912 20:27:47.444525 42512 StaAnalyze.cc:303] add path data num 2 to clint/_708_:D
I20250912 20:27:47.444572 42512 StaAnalyze.cc:565] analyze timing path end vertex 271 total 4575 start
I20250912 20:27:47.444634 42512 StaAnalyze.cc:599] analyze timing path end vertex 271 total 4575 end
I20250912 20:27:47.444700 42512 StaAnalyze.cc:565] analyze timing path end vertex 281 total 4575 start
I20250912 20:27:47.444748 42512 StaAnalyze.cc:599] analyze timing path end vertex 281 total 4575 end
I20250912 20:27:47.444830 42512 StaAnalyze.cc:565] analyze timing path end vertex 291 total 4575 start
I20250912 20:27:47.444871 42512 StaAnalyze.cc:599] analyze timing path end vertex 291 total 4575 end
I20250912 20:27:47.444957 42512 StaAnalyze.cc:565] analyze timing path end vertex 301 total 4575 start
I20250912 20:27:47.444996 42512 StaAnalyze.cc:599] analyze timing path end vertex 301 total 4575 end
I20250912 20:27:47.445051 42512 StaAnalyze.cc:565] analyze timing path end vertex 311 total 4575 start
I20250912 20:27:47.445091 42512 StaAnalyze.cc:599] analyze timing path end vertex 311 total 4575 end
I20250912 20:27:47.445135 42512 StaAnalyze.cc:303] add path data num 2 to clint/_733_:D
I20250912 20:27:47.445174 42512 StaAnalyze.cc:565] analyze timing path end vertex 321 total 4575 start
I20250912 20:27:47.445212 42512 StaAnalyze.cc:599] analyze timing path end vertex 321 total 4575 end
I20250912 20:27:47.445245 42512 StaAnalyze.cc:565] analyze timing path end vertex 331 total 4575 start
I20250912 20:27:47.445276 42512 StaAnalyze.cc:599] analyze timing path end vertex 331 total 4575 end
I20250912 20:27:47.445309 42512 StaAnalyze.cc:565] analyze timing path end vertex 341 total 4575 start
I20250912 20:27:47.445343 42512 StaAnalyze.cc:599] analyze timing path end vertex 341 total 4575 end
I20250912 20:27:47.445412 42512 StaAnalyze.cc:565] analyze timing path end vertex 351 total 4575 start
I20250912 20:27:47.445451 42512 StaAnalyze.cc:599] analyze timing path end vertex 351 total 4575 end
I20250912 20:27:47.445511 42512 StaAnalyze.cc:565] analyze timing path end vertex 361 total 4575 start
I20250912 20:27:47.445544 42512 StaAnalyze.cc:599] analyze timing path end vertex 361 total 4575 end
I20250912 20:27:47.445602 42512 StaAnalyze.cc:565] analyze timing path end vertex 371 total 4575 start
I20250912 20:27:47.445634 42512 StaAnalyze.cc:599] analyze timing path end vertex 371 total 4575 end
I20250912 20:27:47.445690 42512 StaAnalyze.cc:565] analyze timing path end vertex 381 total 4575 start
I20250912 20:27:47.445722 42512 StaAnalyze.cc:599] analyze timing path end vertex 381 total 4575 end
I20250912 20:27:47.445815 42512 StaAnalyze.cc:565] analyze timing path end vertex 391 total 4575 start
I20250912 20:27:47.445847 42512 StaAnalyze.cc:303] add path data num 0 to exu/_6747_:RN
I20250912 20:27:47.445880 42512 StaAnalyze.cc:599] analyze timing path end vertex 391 total 4575 end
I20250912 20:27:47.445959 42512 StaAnalyze.cc:565] analyze timing path end vertex 401 total 4575 start
I20250912 20:27:47.445997 42512 StaAnalyze.cc:599] analyze timing path end vertex 401 total 4575 end
I20250912 20:27:47.446054 42512 StaAnalyze.cc:565] analyze timing path end vertex 411 total 4575 start
I20250912 20:27:47.446087 42512 StaAnalyze.cc:599] analyze timing path end vertex 411 total 4575 end
I20250912 20:27:47.446142 42512 StaAnalyze.cc:565] analyze timing path end vertex 421 total 4575 start
I20250912 20:27:47.446177 42512 StaAnalyze.cc:599] analyze timing path end vertex 421 total 4575 end
I20250912 20:27:47.446235 42512 StaAnalyze.cc:565] analyze timing path end vertex 431 total 4575 start
I20250912 20:27:47.446269 42512 StaAnalyze.cc:599] analyze timing path end vertex 431 total 4575 end
I20250912 20:27:47.446347 42512 StaAnalyze.cc:565] analyze timing path end vertex 441 total 4575 start
I20250912 20:27:47.446380 42512 StaAnalyze.cc:303] add path data num 0 to exu/_6772_:RN
I20250912 20:27:47.446412 42512 StaAnalyze.cc:599] analyze timing path end vertex 441 total 4575 end
I20250912 20:27:47.446475 42512 StaAnalyze.cc:565] analyze timing path end vertex 451 total 4575 start
I20250912 20:27:47.446507 42512 StaAnalyze.cc:599] analyze timing path end vertex 451 total 4575 end
I20250912 20:27:47.446580 42512 StaAnalyze.cc:565] analyze timing path end vertex 461 total 4575 start
I20250912 20:27:47.446619 42512 StaAnalyze.cc:599] analyze timing path end vertex 461 total 4575 end
I20250912 20:27:47.446689 42512 StaAnalyze.cc:565] analyze timing path end vertex 471 total 4575 start
I20250912 20:27:47.446724 42512 StaAnalyze.cc:599] analyze timing path end vertex 471 total 4575 end
I20250912 20:27:47.446784 42512 StaAnalyze.cc:565] analyze timing path end vertex 481 total 4575 start
I20250912 20:27:47.446823 42512 StaAnalyze.cc:599] analyze timing path end vertex 481 total 4575 end
I20250912 20:27:47.446882 42512 StaAnalyze.cc:565] analyze timing path end vertex 491 total 4575 start
I20250912 20:27:47.446954 42512 StaAnalyze.cc:303] add path data num 0 to exu/_6797_:RN
I20250912 20:27:47.446991 42512 StaAnalyze.cc:599] analyze timing path end vertex 491 total 4575 end
I20250912 20:27:47.447052 42512 StaAnalyze.cc:565] analyze timing path end vertex 501 total 4575 start
I20250912 20:27:47.447454 42512 StaAnalyze.cc:599] analyze timing path end vertex 501 total 4575 end
I20250912 20:27:47.447515 42512 StaAnalyze.cc:565] analyze timing path end vertex 511 total 4575 start
I20250912 20:27:47.447554 42512 StaAnalyze.cc:599] analyze timing path end vertex 511 total 4575 end
I20250912 20:27:47.447613 42512 StaAnalyze.cc:565] analyze timing path end vertex 521 total 4575 start
I20250912 20:27:47.447646 42512 StaAnalyze.cc:599] analyze timing path end vertex 521 total 4575 end
I20250912 20:27:47.447707 42512 StaAnalyze.cc:565] analyze timing path end vertex 531 total 4575 start
I20250912 20:27:47.447741 42512 StaAnalyze.cc:599] analyze timing path end vertex 531 total 4575 end
I20250912 20:27:47.447795 42512 StaAnalyze.cc:565] analyze timing path end vertex 541 total 4575 start
I20250912 20:27:47.447827 42512 StaAnalyze.cc:303] add path data num 0 to exu/_6822_:RN
I20250912 20:27:47.447860 42512 StaAnalyze.cc:599] analyze timing path end vertex 541 total 4575 end
I20250912 20:27:47.447944 42512 StaAnalyze.cc:565] analyze timing path end vertex 551 total 4575 start
I20250912 20:27:47.447976 42512 StaAnalyze.cc:599] analyze timing path end vertex 551 total 4575 end
I20250912 20:27:47.448035 42512 StaAnalyze.cc:565] analyze timing path end vertex 561 total 4575 start
I20250912 20:27:47.448067 42512 StaAnalyze.cc:599] analyze timing path end vertex 561 total 4575 end
I20250912 20:27:47.448164 42512 StaAnalyze.cc:565] analyze timing path end vertex 571 total 4575 start
I20250912 20:27:47.448196 42512 StaAnalyze.cc:599] analyze timing path end vertex 571 total 4575 end
I20250912 20:27:47.448254 42512 StaAnalyze.cc:565] analyze timing path end vertex 581 total 4575 start
I20250912 20:27:47.448285 42512 StaAnalyze.cc:599] analyze timing path end vertex 581 total 4575 end
I20250912 20:27:47.448344 42512 StaAnalyze.cc:565] analyze timing path end vertex 591 total 4575 start
I20250912 20:27:47.448382 42512 StaAnalyze.cc:303] add path data num 0 to exu/_6847_:RN
I20250912 20:27:47.448414 42512 StaAnalyze.cc:599] analyze timing path end vertex 591 total 4575 end
I20250912 20:27:47.448472 42512 StaAnalyze.cc:565] analyze timing path end vertex 601 total 4575 start
I20250912 20:27:47.448503 42512 StaAnalyze.cc:599] analyze timing path end vertex 601 total 4575 end
I20250912 20:27:47.448558 42512 StaAnalyze.cc:565] analyze timing path end vertex 611 total 4575 start
I20250912 20:27:47.448596 42512 StaAnalyze.cc:599] analyze timing path end vertex 611 total 4575 end
I20250912 20:27:47.448649 42512 StaAnalyze.cc:565] analyze timing path end vertex 621 total 4575 start
I20250912 20:27:47.448689 42512 StaAnalyze.cc:599] analyze timing path end vertex 621 total 4575 end
I20250912 20:27:47.448747 42512 StaAnalyze.cc:565] analyze timing path end vertex 631 total 4575 start
I20250912 20:27:47.448779 42512 StaAnalyze.cc:599] analyze timing path end vertex 631 total 4575 end
I20250912 20:27:47.448832 42512 StaAnalyze.cc:565] analyze timing path end vertex 641 total 4575 start
I20250912 20:27:47.448864 42512 StaAnalyze.cc:303] add path data num 0 to exu/_6872_:RN
I20250912 20:27:47.448961 42512 StaAnalyze.cc:599] analyze timing path end vertex 641 total 4575 end
I20250912 20:27:47.449016 42512 StaAnalyze.cc:565] analyze timing path end vertex 651 total 4575 start
I20250912 20:27:47.449048 42512 StaAnalyze.cc:599] analyze timing path end vertex 651 total 4575 end
I20250912 20:27:47.449108 42512 StaAnalyze.cc:565] analyze timing path end vertex 661 total 4575 start
I20250912 20:27:47.449141 42512 StaAnalyze.cc:599] analyze timing path end vertex 661 total 4575 end
I20250912 20:27:47.449270 42512 StaAnalyze.cc:565] analyze timing path end vertex 671 total 4575 start
I20250912 20:27:47.449309 42512 StaAnalyze.cc:599] analyze timing path end vertex 671 total 4575 end
I20250912 20:27:47.449368 42512 StaAnalyze.cc:565] analyze timing path end vertex 681 total 4575 start
I20250912 20:27:47.449401 42512 StaAnalyze.cc:599] analyze timing path end vertex 681 total 4575 end
I20250912 20:27:47.449462 42512 StaAnalyze.cc:565] analyze timing path end vertex 691 total 4575 start
I20250912 20:27:47.449496 42512 StaAnalyze.cc:303] add path data num 0 to exu/_6897_:RN
I20250912 20:27:47.449563 42512 StaAnalyze.cc:599] analyze timing path end vertex 691 total 4575 end
I20250912 20:27:47.449726 42512 StaAnalyze.cc:565] analyze timing path end vertex 701 total 4575 start
I20250912 20:27:47.449766 42512 StaAnalyze.cc:599] analyze timing path end vertex 701 total 4575 end
I20250912 20:27:47.449823 42512 StaAnalyze.cc:565] analyze timing path end vertex 711 total 4575 start
I20250912 20:27:47.449856 42512 StaAnalyze.cc:599] analyze timing path end vertex 711 total 4575 end
I20250912 20:27:47.449966 42512 StaAnalyze.cc:565] analyze timing path end vertex 721 total 4575 start
I20250912 20:27:47.450012 42512 StaAnalyze.cc:599] analyze timing path end vertex 721 total 4575 end
I20250912 20:27:47.450088 42512 StaAnalyze.cc:565] analyze timing path end vertex 731 total 4575 start
I20250912 20:27:47.450126 42512 StaAnalyze.cc:599] analyze timing path end vertex 731 total 4575 end
I20250912 20:27:47.450201 42512 StaAnalyze.cc:565] analyze timing path end vertex 741 total 4575 start
I20250912 20:27:47.450243 42512 StaAnalyze.cc:303] add path data num 2 to lsu/_2888_:D
I20250912 20:27:47.450278 42512 StaAnalyze.cc:599] analyze timing path end vertex 741 total 4575 end
I20250912 20:27:47.450331 42512 StaAnalyze.cc:565] analyze timing path end vertex 751 total 4575 start
I20250912 20:27:47.450369 42512 StaAnalyze.cc:599] analyze timing path end vertex 751 total 4575 end
I20250912 20:27:47.450435 42512 StaAnalyze.cc:565] analyze timing path end vertex 761 total 4575 start
I20250912 20:27:47.450476 42512 StaAnalyze.cc:599] analyze timing path end vertex 761 total 4575 end
I20250912 20:27:47.450525 42512 StaAnalyze.cc:565] analyze timing path end vertex 771 total 4575 start
I20250912 20:27:47.450562 42512 StaAnalyze.cc:599] analyze timing path end vertex 771 total 4575 end
I20250912 20:27:47.450611 42512 StaAnalyze.cc:565] analyze timing path end vertex 781 total 4575 start
I20250912 20:27:47.450654 42512 StaAnalyze.cc:599] analyze timing path end vertex 781 total 4575 end
I20250912 20:27:47.450721 42512 StaAnalyze.cc:565] analyze timing path end vertex 791 total 4575 start
I20250912 20:27:47.450758 42512 StaAnalyze.cc:303] add path data num 2 to lsu/_2913_:D
I20250912 20:27:47.450794 42512 StaAnalyze.cc:599] analyze timing path end vertex 791 total 4575 end
I20250912 20:27:47.450855 42512 StaAnalyze.cc:565] analyze timing path end vertex 801 total 4575 start
I20250912 20:27:47.450928 42512 StaAnalyze.cc:599] analyze timing path end vertex 801 total 4575 end
I20250912 20:27:47.450991 42512 StaAnalyze.cc:565] analyze timing path end vertex 811 total 4575 start
I20250912 20:27:47.451036 42512 StaAnalyze.cc:599] analyze timing path end vertex 811 total 4575 end
I20250912 20:27:47.451097 42512 StaAnalyze.cc:565] analyze timing path end vertex 821 total 4575 start
I20250912 20:27:47.451140 42512 StaAnalyze.cc:599] analyze timing path end vertex 821 total 4575 end
I20250912 20:27:47.451216 42512 StaAnalyze.cc:565] analyze timing path end vertex 831 total 4575 start
I20250912 20:27:47.451256 42512 StaAnalyze.cc:599] analyze timing path end vertex 831 total 4575 end
I20250912 20:27:47.451318 42512 StaAnalyze.cc:565] analyze timing path end vertex 841 total 4575 start
I20250912 20:27:47.451361 42512 StaAnalyze.cc:303] add path data num 2 to lsu/_2938_:D
I20250912 20:27:47.451397 42512 StaAnalyze.cc:599] analyze timing path end vertex 841 total 4575 end
I20250912 20:27:47.451454 42512 StaAnalyze.cc:565] analyze timing path end vertex 851 total 4575 start
I20250912 20:27:47.451501 42512 StaAnalyze.cc:599] analyze timing path end vertex 851 total 4575 end
I20250912 20:27:47.451561 42512 StaAnalyze.cc:565] analyze timing path end vertex 861 total 4575 start
I20250912 20:27:47.451607 42512 StaAnalyze.cc:599] analyze timing path end vertex 861 total 4575 end
I20250912 20:27:47.451678 42512 StaAnalyze.cc:565] analyze timing path end vertex 871 total 4575 start
I20250912 20:27:47.451719 42512 StaAnalyze.cc:599] analyze timing path end vertex 871 total 4575 end
I20250912 20:27:47.451814 42512 StaAnalyze.cc:565] analyze timing path end vertex 881 total 4575 start
I20250912 20:27:47.451855 42512 StaAnalyze.cc:599] analyze timing path end vertex 881 total 4575 end
I20250912 20:27:47.451982 42512 StaAnalyze.cc:565] analyze timing path end vertex 891 total 4575 start
I20250912 20:27:47.452025 42512 StaAnalyze.cc:303] add path data num 2 to exu/csr_regfile_init/_2723_:D
I20250912 20:27:47.452062 42512 StaAnalyze.cc:599] analyze timing path end vertex 891 total 4575 end
I20250912 20:27:47.452150 42512 StaAnalyze.cc:565] analyze timing path end vertex 901 total 4575 start
I20250912 20:27:47.452189 42512 StaAnalyze.cc:599] analyze timing path end vertex 901 total 4575 end
I20250912 20:27:47.452282 42512 StaAnalyze.cc:565] analyze timing path end vertex 911 total 4575 start
I20250912 20:27:47.452320 42512 StaAnalyze.cc:599] analyze timing path end vertex 911 total 4575 end
I20250912 20:27:47.452423 42512 StaAnalyze.cc:565] analyze timing path end vertex 921 total 4575 start
I20250912 20:27:47.452462 42512 StaAnalyze.cc:599] analyze timing path end vertex 921 total 4575 end
I20250912 20:27:47.452554 42512 StaAnalyze.cc:565] analyze timing path end vertex 931 total 4575 start
I20250912 20:27:47.452601 42512 StaAnalyze.cc:599] analyze timing path end vertex 931 total 4575 end
I20250912 20:27:47.452692 42512 StaAnalyze.cc:565] analyze timing path end vertex 941 total 4575 start
I20250912 20:27:47.452729 42512 StaAnalyze.cc:303] add path data num 2 to exu/csr_regfile_init/_2773_:D
I20250912 20:27:47.452764 42512 StaAnalyze.cc:599] analyze timing path end vertex 941 total 4575 end
I20250912 20:27:47.452847 42512 StaAnalyze.cc:565] analyze timing path end vertex 951 total 4575 start
I20250912 20:27:47.452932 42512 StaAnalyze.cc:599] analyze timing path end vertex 951 total 4575 end
I20250912 20:27:47.453018 42512 StaAnalyze.cc:565] analyze timing path end vertex 961 total 4575 start
I20250912 20:27:47.453058 42512 StaAnalyze.cc:599] analyze timing path end vertex 961 total 4575 end
I20250912 20:27:47.453151 42512 StaAnalyze.cc:565] analyze timing path end vertex 971 total 4575 start
I20250912 20:27:47.453192 42512 StaAnalyze.cc:599] analyze timing path end vertex 971 total 4575 end
I20250912 20:27:47.453323 42512 StaAnalyze.cc:565] analyze timing path end vertex 981 total 4575 start
I20250912 20:27:47.453369 42512 StaAnalyze.cc:599] analyze timing path end vertex 981 total 4575 end
I20250912 20:27:47.453460 42512 StaAnalyze.cc:565] analyze timing path end vertex 991 total 4575 start
I20250912 20:27:47.453505 42512 StaAnalyze.cc:303] add path data num 2 to exu/csr_regfile_init/_2823_:D
I20250912 20:27:47.453541 42512 StaAnalyze.cc:599] analyze timing path end vertex 991 total 4575 end
I20250912 20:27:47.453629 42512 StaAnalyze.cc:565] analyze timing path end vertex 1001 total 4575 start
I20250912 20:27:47.453666 42512 StaAnalyze.cc:599] analyze timing path end vertex 1001 total 4575 end
I20250912 20:27:47.453753 42512 StaAnalyze.cc:565] analyze timing path end vertex 1011 total 4575 start
I20250912 20:27:47.453827 42512 StaAnalyze.cc:599] analyze timing path end vertex 1011 total 4575 end
I20250912 20:27:47.453954 42512 StaAnalyze.cc:565] analyze timing path end vertex 1021 total 4575 start
I20250912 20:27:47.454000 42512 StaAnalyze.cc:599] analyze timing path end vertex 1021 total 4575 end
I20250912 20:27:47.454089 42512 StaAnalyze.cc:565] analyze timing path end vertex 1031 total 4575 start
I20250912 20:27:47.454164 42512 StaAnalyze.cc:599] analyze timing path end vertex 1031 total 4575 end
I20250912 20:27:47.454262 42512 StaAnalyze.cc:565] analyze timing path end vertex 1041 total 4575 start
I20250912 20:27:47.454298 42512 StaAnalyze.cc:303] add path data num 2 to exu/csr_regfile_init/_2873_:D
I20250912 20:27:47.454335 42512 StaAnalyze.cc:599] analyze timing path end vertex 1041 total 4575 end
I20250912 20:27:47.454437 42512 StaAnalyze.cc:565] analyze timing path end vertex 1051 total 4575 start
I20250912 20:27:47.454480 42512 StaAnalyze.cc:599] analyze timing path end vertex 1051 total 4575 end
I20250912 20:27:47.454622 42512 StaAnalyze.cc:565] analyze timing path end vertex 1061 total 4575 start
I20250912 20:27:47.454661 42512 StaAnalyze.cc:599] analyze timing path end vertex 1061 total 4575 end
I20250912 20:27:47.454747 42512 StaAnalyze.cc:565] analyze timing path end vertex 1071 total 4575 start
I20250912 20:27:47.454787 42512 StaAnalyze.cc:599] analyze timing path end vertex 1071 total 4575 end
I20250912 20:27:47.454856 42512 StaAnalyze.cc:565] analyze timing path end vertex 1081 total 4575 start
I20250912 20:27:47.454933 42512 StaAnalyze.cc:599] analyze timing path end vertex 1081 total 4575 end
I20250912 20:27:47.454998 42512 StaAnalyze.cc:565] analyze timing path end vertex 1091 total 4575 start
I20250912 20:27:47.455071 42512 StaAnalyze.cc:303] add path data num 2 to idu/_1728_:D
I20250912 20:27:47.455107 42512 StaAnalyze.cc:599] analyze timing path end vertex 1091 total 4575 end
I20250912 20:27:47.455169 42512 StaAnalyze.cc:565] analyze timing path end vertex 1101 total 4575 start
I20250912 20:27:47.455210 42512 StaAnalyze.cc:599] analyze timing path end vertex 1101 total 4575 end
I20250912 20:27:47.455273 42512 StaAnalyze.cc:565] analyze timing path end vertex 1111 total 4575 start
I20250912 20:27:47.455317 42512 StaAnalyze.cc:599] analyze timing path end vertex 1111 total 4575 end
I20250912 20:27:47.455377 42512 StaAnalyze.cc:565] analyze timing path end vertex 1121 total 4575 start
I20250912 20:27:47.455417 42512 StaAnalyze.cc:599] analyze timing path end vertex 1121 total 4575 end
I20250912 20:27:47.455475 42512 StaAnalyze.cc:565] analyze timing path end vertex 1131 total 4575 start
I20250912 20:27:47.455528 42512 StaAnalyze.cc:599] analyze timing path end vertex 1131 total 4575 end
I20250912 20:27:47.455579 42512 StaAnalyze.cc:565] analyze timing path end vertex 1141 total 4575 start
I20250912 20:27:47.455623 42512 StaAnalyze.cc:303] add path data num 2 to idu/_1753_:D
I20250912 20:27:47.455658 42512 StaAnalyze.cc:599] analyze timing path end vertex 1141 total 4575 end
I20250912 20:27:47.455717 42512 StaAnalyze.cc:565] analyze timing path end vertex 1151 total 4575 start
I20250912 20:27:47.455761 42512 StaAnalyze.cc:599] analyze timing path end vertex 1151 total 4575 end
I20250912 20:27:47.455821 42512 StaAnalyze.cc:565] analyze timing path end vertex 1161 total 4575 start
I20250912 20:27:47.455861 42512 StaAnalyze.cc:599] analyze timing path end vertex 1161 total 4575 end
I20250912 20:27:47.455958 42512 StaAnalyze.cc:565] analyze timing path end vertex 1171 total 4575 start
I20250912 20:27:47.455996 42512 StaAnalyze.cc:599] analyze timing path end vertex 1171 total 4575 end
I20250912 20:27:47.456076 42512 StaAnalyze.cc:565] analyze timing path end vertex 1181 total 4575 start
I20250912 20:27:47.456116 42512 StaAnalyze.cc:599] analyze timing path end vertex 1181 total 4575 end
I20250912 20:27:47.456185 42512 StaAnalyze.cc:565] analyze timing path end vertex 1191 total 4575 start
I20250912 20:27:47.456223 42512 StaAnalyze.cc:303] add path data num 2 to idu/_1778_:D
I20250912 20:27:47.456274 42512 StaAnalyze.cc:599] analyze timing path end vertex 1191 total 4575 end
I20250912 20:27:47.456341 42512 StaAnalyze.cc:565] analyze timing path end vertex 1201 total 4575 start
[0;31mE20250912 20:27:47.456373 42512 StaAnalyze.cc:306] end vertex idu/_1783_:D has no clock data.
[m[0;31mE20250912 20:27:47.456461 42512 StaAnalyze.cc:306] end vertex idu/_1783_:D has no clock data.
[mI20250912 20:27:47.456538 42512 StaAnalyze.cc:599] analyze timing path end vertex 1201 total 4575 end
[0;31mE20250912 20:27:47.456570 42512 StaAnalyze.cc:306] end vertex idu/_1784_:D has no clock data.
[m[0;31mE20250912 20:27:47.456784 42512 StaAnalyze.cc:306] end vertex idu/_1784_:D has no clock data.
[m[0;31mE20250912 20:27:47.456854 42512 StaAnalyze.cc:306] end vertex idu/_1785_:D has no clock data.
[m[0;31mE20250912 20:27:47.456964 42512 StaAnalyze.cc:306] end vertex idu/_1785_:D has no clock data.
[m[0;31mE20250912 20:27:47.457038 42512 StaAnalyze.cc:306] end vertex idu/_1786_:D has no clock data.
[m[0;31mE20250912 20:27:47.457108 42512 StaAnalyze.cc:306] end vertex idu/_1786_:D has no clock data.
[m[0;31mE20250912 20:27:47.457182 42512 StaAnalyze.cc:306] end vertex idu/_1787_:D has no clock data.
[m[0;31mE20250912 20:27:47.457252 42512 StaAnalyze.cc:306] end vertex idu/_1787_:D has no clock data.
[m[0;31mE20250912 20:27:47.457326 42512 StaAnalyze.cc:306] end vertex idu/_1788_:D has no clock data.
[m[0;31mE20250912 20:27:47.457396 42512 StaAnalyze.cc:306] end vertex idu/_1788_:D has no clock data.
[m[0;31mE20250912 20:27:47.457465 42512 StaAnalyze.cc:306] end vertex idu/_1789_:D has no clock data.
[m[0;31mE20250912 20:27:47.457749 42512 StaAnalyze.cc:306] end vertex idu/_1789_:D has no clock data.
[m[0;31mE20250912 20:27:47.457960 42512 StaAnalyze.cc:306] end vertex idu/_1790_:D has no clock data.
[m[0;31mE20250912 20:27:47.458040 42512 StaAnalyze.cc:306] end vertex idu/_1790_:D has no clock data.
[m[0;31mE20250912 20:27:47.458112 42512 StaAnalyze.cc:306] end vertex idu/_1791_:D has no clock data.
[m[0;31mE20250912 20:27:47.458197 42512 StaAnalyze.cc:306] end vertex idu/_1791_:D has no clock data.
[m[0;31mE20250912 20:27:47.458267 42512 StaAnalyze.cc:306] end vertex idu/_1792_:D has no clock data.
[m[0;31mE20250912 20:27:47.458343 42512 StaAnalyze.cc:306] end vertex idu/_1792_:D has no clock data.
[mI20250912 20:27:47.458411 42512 StaAnalyze.cc:565] analyze timing path end vertex 1211 total 4575 start
[0;31mE20250912 20:27:47.458443 42512 StaAnalyze.cc:306] end vertex idu/_1793_:D has no clock data.
[m[0;31mE20250912 20:27:47.458514 42512 StaAnalyze.cc:306] end vertex idu/_1793_:D has no clock data.
[mI20250912 20:27:47.458588 42512 StaAnalyze.cc:599] analyze timing path end vertex 1211 total 4575 end
[0;31mE20250912 20:27:47.458621 42512 StaAnalyze.cc:306] end vertex idu/_1794_:D has no clock data.
[m[0;31mE20250912 20:27:47.458690 42512 StaAnalyze.cc:306] end vertex idu/_1794_:D has no clock data.
[m[0;31mE20250912 20:27:47.458760 42512 StaAnalyze.cc:306] end vertex idu/_1795_:D has no clock data.
[m[0;31mE20250912 20:27:47.458829 42512 StaAnalyze.cc:306] end vertex idu/_1795_:D has no clock data.
[m[0;31mE20250912 20:27:47.458933 42512 StaAnalyze.cc:306] end vertex idu/_1796_:D has no clock data.
[m[0;31mE20250912 20:27:47.459010 42512 StaAnalyze.cc:306] end vertex idu/_1796_:D has no clock data.
[m[0;31mE20250912 20:27:47.459080 42512 StaAnalyze.cc:306] end vertex idu/_1797_:D has no clock data.
[m[0;31mE20250912 20:27:47.459149 42512 StaAnalyze.cc:306] end vertex idu/_1797_:D has no clock data.
[m[0;31mE20250912 20:27:47.459218 42512 StaAnalyze.cc:306] end vertex idu/_1798_:D has no clock data.
[m[0;31mE20250912 20:27:47.459295 42512 StaAnalyze.cc:306] end vertex idu/_1798_:D has no clock data.
[m[0;31mE20250912 20:27:47.459363 42512 StaAnalyze.cc:306] end vertex idu/_1799_:D has no clock data.
[m[0;31mE20250912 20:27:47.459439 42512 StaAnalyze.cc:306] end vertex idu/_1799_:D has no clock data.
[m[0;31mE20250912 20:27:47.459509 42512 StaAnalyze.cc:306] end vertex idu/_1800_:D has no clock data.
[m[0;31mE20250912 20:27:47.459584 42512 StaAnalyze.cc:306] end vertex idu/_1800_:D has no clock data.
[m[0;31mE20250912 20:27:47.459664 42512 StaAnalyze.cc:306] end vertex idu/_1801_:D has no clock data.
[m[0;31mE20250912 20:27:47.459734 42512 StaAnalyze.cc:306] end vertex idu/_1801_:D has no clock data.
[m[0;31mE20250912 20:27:47.459815 42512 StaAnalyze.cc:306] end vertex idu/_1802_:D has no clock data.
[m[0;31mE20250912 20:27:47.459923 42512 StaAnalyze.cc:306] end vertex idu/_1802_:D has no clock data.
[mI20250912 20:27:47.460002 42512 StaAnalyze.cc:565] analyze timing path end vertex 1221 total 4575 start
[0;31mE20250912 20:27:47.460036 42512 StaAnalyze.cc:306] end vertex idu/_1803_:D has no clock data.
[m[0;31mE20250912 20:27:47.460111 42512 StaAnalyze.cc:306] end vertex idu/_1803_:D has no clock data.
[mI20250912 20:27:47.460182 42512 StaAnalyze.cc:599] analyze timing path end vertex 1221 total 4575 end
[0;31mE20250912 20:27:47.460214 42512 StaAnalyze.cc:306] end vertex idu/_1804_:D has no clock data.
[m[0;31mE20250912 20:27:47.460289 42512 StaAnalyze.cc:306] end vertex idu/_1804_:D has no clock data.
[m[0;31mE20250912 20:27:47.460460 42512 StaAnalyze.cc:306] end vertex idu/_1805_:D has no clock data.
[m[0;31mE20250912 20:27:47.460544 42512 StaAnalyze.cc:306] end vertex idu/_1805_:D has no clock data.
[m[0;31mE20250912 20:27:47.460615 42512 StaAnalyze.cc:306] end vertex idu/_1806_:D has no clock data.
[m[0;31mE20250912 20:27:47.460690 42512 StaAnalyze.cc:306] end vertex idu/_1806_:D has no clock data.
[m[0;31mE20250912 20:27:47.460762 42512 StaAnalyze.cc:306] end vertex idu/_1807_:D has no clock data.
[m[0;31mE20250912 20:27:47.460834 42512 StaAnalyze.cc:306] end vertex idu/_1807_:D has no clock data.
[m[0;31mE20250912 20:27:47.460968 42512 StaAnalyze.cc:306] end vertex idu/_1808_:D has no clock data.
[m[0;31mE20250912 20:27:47.461043 42512 StaAnalyze.cc:306] end vertex idu/_1808_:D has no clock data.
[m[0;31mE20250912 20:27:47.461114 42512 StaAnalyze.cc:306] end vertex idu/_1809_:D has no clock data.
[m[0;31mE20250912 20:27:47.461221 42512 StaAnalyze.cc:306] end vertex idu/_1809_:D has no clock data.
[m[0;31mE20250912 20:27:47.461293 42512 StaAnalyze.cc:306] end vertex idu/_1810_:D has no clock data.
[m[0;31mE20250912 20:27:47.461364 42512 StaAnalyze.cc:306] end vertex idu/_1810_:D has no clock data.
[m[0;31mE20250912 20:27:47.461434 42512 StaAnalyze.cc:306] end vertex idu/_1811_:D has no clock data.
[m[0;31mE20250912 20:27:47.461511 42512 StaAnalyze.cc:306] end vertex idu/_1811_:D has no clock data.
[m[0;31mE20250912 20:27:47.461582 42512 StaAnalyze.cc:306] end vertex idu/_1812_:D has no clock data.
[m[0;31mE20250912 20:27:47.461665 42512 StaAnalyze.cc:306] end vertex idu/_1812_:D has no clock data.
[mI20250912 20:27:47.461736 42512 StaAnalyze.cc:565] analyze timing path end vertex 1231 total 4575 start
[0;31mE20250912 20:27:47.461776 42512 StaAnalyze.cc:306] end vertex idu/_1813_:D has no clock data.
[m[0;31mE20250912 20:27:47.461853 42512 StaAnalyze.cc:306] end vertex idu/_1813_:D has no clock data.
[mI20250912 20:27:47.461961 42512 StaAnalyze.cc:599] analyze timing path end vertex 1231 total 4575 end
[0;31mE20250912 20:27:47.461995 42512 StaAnalyze.cc:306] end vertex idu/_1814_:D has no clock data.
[m[0;31mE20250912 20:27:47.462085 42512 StaAnalyze.cc:306] end vertex idu/_1814_:D has no clock data.
[mI20250912 20:27:47.462270 42512 StaAnalyze.cc:565] analyze timing path end vertex 1241 total 4575 start
I20250912 20:27:47.462317 42512 StaAnalyze.cc:303] add path data num 2 to ifbiu/_755_:D
I20250912 20:27:47.462396 42512 StaAnalyze.cc:599] analyze timing path end vertex 1241 total 4575 end
I20250912 20:27:47.462471 42512 StaAnalyze.cc:565] analyze timing path end vertex 1251 total 4575 start
I20250912 20:27:47.462503 42512 StaAnalyze.cc:599] analyze timing path end vertex 1251 total 4575 end
I20250912 20:27:47.462579 42512 StaAnalyze.cc:565] analyze timing path end vertex 1261 total 4575 start
I20250912 20:27:47.462613 42512 StaAnalyze.cc:599] analyze timing path end vertex 1261 total 4575 end
I20250912 20:27:47.462682 42512 StaAnalyze.cc:565] analyze timing path end vertex 1271 total 4575 start
I20250912 20:27:47.462714 42512 StaAnalyze.cc:599] analyze timing path end vertex 1271 total 4575 end
I20250912 20:27:47.462781 42512 StaAnalyze.cc:565] analyze timing path end vertex 1281 total 4575 start
I20250912 20:27:47.462817 42512 StaAnalyze.cc:599] analyze timing path end vertex 1281 total 4575 end
I20250912 20:27:47.462926 42512 StaAnalyze.cc:565] analyze timing path end vertex 1291 total 4575 start
I20250912 20:27:47.462970 42512 StaAnalyze.cc:303] add path data num 0 to ifbiu/_780_:RN
I20250912 20:27:47.463002 42512 StaAnalyze.cc:599] analyze timing path end vertex 1291 total 4575 end
I20250912 20:27:47.463071 42512 StaAnalyze.cc:565] analyze timing path end vertex 1301 total 4575 start
I20250912 20:27:47.463104 42512 StaAnalyze.cc:599] analyze timing path end vertex 1301 total 4575 end
I20250912 20:27:47.463182 42512 StaAnalyze.cc:565] analyze timing path end vertex 1311 total 4575 start
I20250912 20:27:47.463215 42512 StaAnalyze.cc:599] analyze timing path end vertex 1311 total 4575 end
I20250912 20:27:47.463287 42512 StaAnalyze.cc:565] analyze timing path end vertex 1321 total 4575 start
I20250912 20:27:47.463320 42512 StaAnalyze.cc:599] analyze timing path end vertex 1321 total 4575 end
I20250912 20:27:47.463384 42512 StaAnalyze.cc:565] analyze timing path end vertex 1331 total 4575 start
I20250912 20:27:47.463424 42512 StaAnalyze.cc:599] analyze timing path end vertex 1331 total 4575 end
I20250912 20:27:47.463492 42512 StaAnalyze.cc:565] analyze timing path end vertex 1341 total 4575 start
I20250912 20:27:47.463527 42512 StaAnalyze.cc:303] add path data num 0 to ifbiu/_805_:RN
I20250912 20:27:47.463562 42512 StaAnalyze.cc:599] analyze timing path end vertex 1341 total 4575 end
I20250912 20:27:47.463640 42512 StaAnalyze.cc:565] analyze timing path end vertex 1351 total 4575 start
I20250912 20:27:47.463677 42512 StaAnalyze.cc:599] analyze timing path end vertex 1351 total 4575 end
I20250912 20:27:47.463757 42512 StaAnalyze.cc:565] analyze timing path end vertex 1361 total 4575 start
I20250912 20:27:47.463793 42512 StaAnalyze.cc:599] analyze timing path end vertex 1361 total 4575 end
I20250912 20:27:47.463863 42512 StaAnalyze.cc:565] analyze timing path end vertex 1371 total 4575 start
I20250912 20:27:47.463932 42512 StaAnalyze.cc:599] analyze timing path end vertex 1371 total 4575 end
I20250912 20:27:47.464020 42512 StaAnalyze.cc:565] analyze timing path end vertex 1381 total 4575 start
I20250912 20:27:47.464059 42512 StaAnalyze.cc:599] analyze timing path end vertex 1381 total 4575 end
I20250912 20:27:47.464151 42512 StaAnalyze.cc:565] analyze timing path end vertex 1391 total 4575 start
I20250912 20:27:47.464190 42512 StaAnalyze.cc:303] add path data num 2 to ifu/_0927_:D
I20250912 20:27:47.464226 42512 StaAnalyze.cc:599] analyze timing path end vertex 1391 total 4575 end
I20250912 20:27:47.464315 42512 StaAnalyze.cc:565] analyze timing path end vertex 1401 total 4575 start
I20250912 20:27:47.464354 42512 StaAnalyze.cc:599] analyze timing path end vertex 1401 total 4575 end
I20250912 20:27:47.464443 42512 StaAnalyze.cc:565] analyze timing path end vertex 1411 total 4575 start
I20250912 20:27:47.464495 42512 StaAnalyze.cc:599] analyze timing path end vertex 1411 total 4575 end
I20250912 20:27:47.464584 42512 StaAnalyze.cc:565] analyze timing path end vertex 1421 total 4575 start
I20250912 20:27:47.464623 42512 StaAnalyze.cc:599] analyze timing path end vertex 1421 total 4575 end
I20250912 20:27:47.464715 42512 StaAnalyze.cc:565] analyze timing path end vertex 1431 total 4575 start
I20250912 20:27:47.464756 42512 StaAnalyze.cc:599] analyze timing path end vertex 1431 total 4575 end
I20250912 20:27:47.464980 42512 StaAnalyze.cc:565] analyze timing path end vertex 1441 total 4575 start
I20250912 20:27:47.465014 42512 StaAnalyze.cc:303] add path data num 0 to ifu/_0976_:SN
I20250912 20:27:47.465047 42512 StaAnalyze.cc:599] analyze timing path end vertex 1441 total 4575 end
I20250912 20:27:47.465116 42512 StaAnalyze.cc:565] analyze timing path end vertex 1451 total 4575 start
I20250912 20:27:47.465153 42512 StaAnalyze.cc:599] analyze timing path end vertex 1451 total 4575 end
I20250912 20:27:47.465225 42512 StaAnalyze.cc:565] analyze timing path end vertex 1461 total 4575 start
I20250912 20:27:47.465258 42512 StaAnalyze.cc:599] analyze timing path end vertex 1461 total 4575 end
I20250912 20:27:47.465361 42512 StaAnalyze.cc:565] analyze timing path end vertex 1471 total 4575 start
I20250912 20:27:47.465396 42512 StaAnalyze.cc:599] analyze timing path end vertex 1471 total 4575 end
I20250912 20:27:47.465519 42512 StaAnalyze.cc:565] analyze timing path end vertex 1481 total 4575 start
I20250912 20:27:47.465551 42512 StaAnalyze.cc:599] analyze timing path end vertex 1481 total 4575 end
I20250912 20:27:47.465631 42512 StaAnalyze.cc:565] analyze timing path end vertex 1491 total 4575 start
I20250912 20:27:47.465663 42512 StaAnalyze.cc:303] add path data num 0 to ifu/_1001_:RN
I20250912 20:27:47.465696 42512 StaAnalyze.cc:599] analyze timing path end vertex 1491 total 4575 end
I20250912 20:27:47.465760 42512 StaAnalyze.cc:565] analyze timing path end vertex 1501 total 4575 start
I20250912 20:27:47.465792 42512 StaAnalyze.cc:599] analyze timing path end vertex 1501 total 4575 end
I20250912 20:27:47.465863 42512 StaAnalyze.cc:565] analyze timing path end vertex 1511 total 4575 start
I20250912 20:27:47.465931 42512 StaAnalyze.cc:599] analyze timing path end vertex 1511 total 4575 end
[0;31mE20250912 20:27:47.465981 42512 StaAnalyze.cc:306] end vertex ifu/_1013_:D has no clock data.
[m[0;31mE20250912 20:27:47.466059 42512 StaAnalyze.cc:306] end vertex ifu/_1013_:D has no clock data.
[m[0;31mE20250912 20:27:47.466130 42512 StaAnalyze.cc:306] end vertex ifu/_1014_:D has no clock data.
[m[0;31mE20250912 20:27:47.466202 42512 StaAnalyze.cc:306] end vertex ifu/_1014_:D has no clock data.
[m[0;31mE20250912 20:27:47.466272 42512 StaAnalyze.cc:306] end vertex ifu/_1015_:D has no clock data.
[m[0;31mE20250912 20:27:47.466343 42512 StaAnalyze.cc:306] end vertex ifu/_1015_:D has no clock data.
[m[0;31mE20250912 20:27:47.466413 42512 StaAnalyze.cc:306] end vertex ifu/_1016_:D has no clock data.
[m[0;31mE20250912 20:27:47.466485 42512 StaAnalyze.cc:306] end vertex ifu/_1016_:D has no clock data.
[m[0;31mE20250912 20:27:47.466555 42512 StaAnalyze.cc:306] end vertex ifu/_1017_:D has no clock data.
[m[0;31mE20250912 20:27:47.466632 42512 StaAnalyze.cc:306] end vertex ifu/_1017_:D has no clock data.
[m[0;31mE20250912 20:27:47.466704 42512 StaAnalyze.cc:306] end vertex ifu/_1018_:D has no clock data.
[m[0;31mE20250912 20:27:47.466940 42512 StaAnalyze.cc:306] end vertex ifu/_1018_:D has no clock data.
[m[0;31mE20250912 20:27:47.467029 42512 StaAnalyze.cc:306] end vertex ifu/_1019_:D has no clock data.
[m[0;31mE20250912 20:27:47.467101 42512 StaAnalyze.cc:306] end vertex ifu/_1019_:D has no clock data.
[mI20250912 20:27:47.467195 42512 StaAnalyze.cc:565] analyze timing path end vertex 1521 total 4575 start
[0;31mE20250912 20:27:47.467231 42512 StaAnalyze.cc:306] end vertex ifu/_1020_:D has no clock data.
[m[0;31mE20250912 20:27:47.467303 42512 StaAnalyze.cc:306] end vertex ifu/_1020_:D has no clock data.
[mI20250912 20:27:47.467419 42512 StaAnalyze.cc:599] analyze timing path end vertex 1521 total 4575 end
[0;31mE20250912 20:27:47.467453 42512 StaAnalyze.cc:306] end vertex ifu/_1021_:D has no clock data.
[m[0;31mE20250912 20:27:47.467530 42512 StaAnalyze.cc:306] end vertex ifu/_1021_:D has no clock data.
[m[0;31mE20250912 20:27:47.467600 42512 StaAnalyze.cc:306] end vertex ifu/_1022_:D has no clock data.
[m[0;31mE20250912 20:27:47.467671 42512 StaAnalyze.cc:306] end vertex ifu/_1022_:D has no clock data.
[m[0;31mE20250912 20:27:47.467742 42512 StaAnalyze.cc:306] end vertex ifu/_1023_:D has no clock data.
[m[0;31mE20250912 20:27:47.467870 42512 StaAnalyze.cc:306] end vertex ifu/_1023_:D has no clock data.
[m[0;31mE20250912 20:27:47.467986 42512 StaAnalyze.cc:306] end vertex ifu/_1024_:D has no clock data.
[m[0;31mE20250912 20:27:47.468057 42512 StaAnalyze.cc:306] end vertex ifu/_1024_:D has no clock data.
[m[0;31mE20250912 20:27:47.468127 42512 StaAnalyze.cc:306] end vertex ifu/_1025_:D has no clock data.
[m[0;31mE20250912 20:27:47.468204 42512 StaAnalyze.cc:306] end vertex ifu/_1025_:D has no clock data.
[m[0;31mE20250912 20:27:47.468273 42512 StaAnalyze.cc:306] end vertex ifu/_1026_:D has no clock data.
[m[0;31mE20250912 20:27:47.468349 42512 StaAnalyze.cc:306] end vertex ifu/_1026_:D has no clock data.
[m[0;31mE20250912 20:27:47.468420 42512 StaAnalyze.cc:306] end vertex ifu/_1027_:D has no clock data.
[m[0;31mE20250912 20:27:47.468488 42512 StaAnalyze.cc:306] end vertex ifu/_1027_:D has no clock data.
[m[0;31mE20250912 20:27:47.468559 42512 StaAnalyze.cc:306] end vertex ifu/_1028_:D has no clock data.
[m[0;31mE20250912 20:27:47.468647 42512 StaAnalyze.cc:306] end vertex ifu/_1028_:D has no clock data.
[m[0;31mE20250912 20:27:47.468717 42512 StaAnalyze.cc:306] end vertex ifu/_1029_:D has no clock data.
[m[0;31mE20250912 20:27:47.468788 42512 StaAnalyze.cc:306] end vertex ifu/_1029_:D has no clock data.
[mI20250912 20:27:47.468858 42512 StaAnalyze.cc:565] analyze timing path end vertex 1531 total 4575 start
[0;31mE20250912 20:27:47.468925 42512 StaAnalyze.cc:306] end vertex ifu/_1030_:D has no clock data.
[m[0;31mE20250912 20:27:47.468997 42512 StaAnalyze.cc:306] end vertex ifu/_1030_:D has no clock data.
[mI20250912 20:27:47.469066 42512 StaAnalyze.cc:599] analyze timing path end vertex 1531 total 4575 end
[0;31mE20250912 20:27:47.469098 42512 StaAnalyze.cc:306] end vertex ifu/_1031_:D has no clock data.
[m[0;31mE20250912 20:27:47.469173 42512 StaAnalyze.cc:306] end vertex ifu/_1031_:D has no clock data.
[m[0;31mE20250912 20:27:47.469244 42512 StaAnalyze.cc:306] end vertex ifu/_1032_:D has no clock data.
[m[0;31mE20250912 20:27:47.469312 42512 StaAnalyze.cc:306] end vertex ifu/_1032_:D has no clock data.
[m[0;31mE20250912 20:27:47.469398 42512 StaAnalyze.cc:306] end vertex ifu/_1033_:D has no clock data.
[m[0;31mE20250912 20:27:47.469470 42512 StaAnalyze.cc:306] end vertex ifu/_1033_:D has no clock data.
[m[0;31mE20250912 20:27:47.469539 42512 StaAnalyze.cc:306] end vertex ifu/_1034_:D has no clock data.
[m[0;31mE20250912 20:27:47.469609 42512 StaAnalyze.cc:306] end vertex ifu/_1034_:D has no clock data.
[m[0;31mE20250912 20:27:47.469683 42512 StaAnalyze.cc:306] end vertex ifu/_1035_:D has no clock data.
[m[0;31mE20250912 20:27:47.469753 42512 StaAnalyze.cc:306] end vertex ifu/_1035_:D has no clock data.
[m[0;31mE20250912 20:27:47.469822 42512 StaAnalyze.cc:306] end vertex ifu/_1036_:D has no clock data.
[m[0;31mE20250912 20:27:47.469955 42512 StaAnalyze.cc:306] end vertex ifu/_1036_:D has no clock data.
[m[0;31mE20250912 20:27:47.470027 42512 StaAnalyze.cc:306] end vertex ifu/_1037_:D has no clock data.
[m[0;31mE20250912 20:27:47.470096 42512 StaAnalyze.cc:306] end vertex ifu/_1037_:D has no clock data.
[m[0;31mE20250912 20:27:47.470170 42512 StaAnalyze.cc:306] end vertex ifu/_1038_:D has no clock data.
[m[0;31mE20250912 20:27:47.470239 42512 StaAnalyze.cc:306] end vertex ifu/_1038_:D has no clock data.
[m[0;31mE20250912 20:27:47.470309 42512 StaAnalyze.cc:306] end vertex ifu/_1039_:D has no clock data.
[m[0;31mE20250912 20:27:47.470378 42512 StaAnalyze.cc:306] end vertex ifu/_1039_:D has no clock data.
[mI20250912 20:27:47.470453 42512 StaAnalyze.cc:565] analyze timing path end vertex 1541 total 4575 start
I20250912 20:27:47.470485 42512 StaAnalyze.cc:303] add path data num 0 to ifu/_1040_:D
[0;31mE20250912 20:27:47.470517 42512 StaAnalyze.cc:306] end vertex ifu/_1040_:D has no clock data.
[m[0;31mE20250912 20:27:47.470585 42512 StaAnalyze.cc:306] end vertex ifu/_1040_:D has no clock data.
[mI20250912 20:27:47.470660 42512 StaAnalyze.cc:599] analyze timing path end vertex 1541 total 4575 end
[0;31mE20250912 20:27:47.470692 42512 StaAnalyze.cc:306] end vertex ifu/_1041_:D has no clock data.
[m[0;31mE20250912 20:27:47.470767 42512 StaAnalyze.cc:306] end vertex ifu/_1041_:D has no clock data.
[m[0;31mE20250912 20:27:47.470836 42512 StaAnalyze.cc:306] end vertex ifu/_1042_:D has no clock data.
[m[0;31mE20250912 20:27:47.470952 42512 StaAnalyze.cc:306] end vertex ifu/_1042_:D has no clock data.
[m[0;31mE20250912 20:27:47.471028 42512 StaAnalyze.cc:306] end vertex ifu/_1043_:D has no clock data.
[m[0;31mE20250912 20:27:47.471098 42512 StaAnalyze.cc:306] end vertex ifu/_1043_:D has no clock data.
[m[0;31mE20250912 20:27:47.471172 42512 StaAnalyze.cc:306] end vertex ifu/_1044_:D has no clock data.
[m[0;31mE20250912 20:27:47.471242 42512 StaAnalyze.cc:306] end vertex ifu/_1044_:D has no clock data.
[mI20250912 20:27:47.471367 42512 StaAnalyze.cc:565] analyze timing path end vertex 1551 total 4575 start
I20250912 20:27:47.471410 42512 StaAnalyze.cc:599] analyze timing path end vertex 1551 total 4575 end
I20250912 20:27:47.471508 42512 StaAnalyze.cc:565] analyze timing path end vertex 1561 total 4575 start
I20250912 20:27:47.471549 42512 StaAnalyze.cc:599] analyze timing path end vertex 1561 total 4575 end
I20250912 20:27:47.471637 42512 StaAnalyze.cc:565] analyze timing path end vertex 1571 total 4575 start
I20250912 20:27:47.471685 42512 StaAnalyze.cc:599] analyze timing path end vertex 1571 total 4575 end
I20250912 20:27:47.471771 42512 StaAnalyze.cc:565] analyze timing path end vertex 1581 total 4575 start
I20250912 20:27:47.471822 42512 StaAnalyze.cc:599] analyze timing path end vertex 1581 total 4575 end
I20250912 20:27:47.471954 42512 StaAnalyze.cc:565] analyze timing path end vertex 1591 total 4575 start
I20250912 20:27:47.471998 42512 StaAnalyze.cc:303] add path data num 2 to lsbiu/_2026_:D
I20250912 20:27:47.472035 42512 StaAnalyze.cc:599] analyze timing path end vertex 1591 total 4575 end
I20250912 20:27:47.472114 42512 StaAnalyze.cc:565] analyze timing path end vertex 1601 total 4575 start
I20250912 20:27:47.472147 42512 StaAnalyze.cc:599] analyze timing path end vertex 1601 total 4575 end
I20250912 20:27:47.472218 42512 StaAnalyze.cc:565] analyze timing path end vertex 1611 total 4575 start
I20250912 20:27:47.472266 42512 StaAnalyze.cc:599] analyze timing path end vertex 1611 total 4575 end
I20250912 20:27:47.472335 42512 StaAnalyze.cc:565] analyze timing path end vertex 1621 total 4575 start
I20250912 20:27:47.472368 42512 StaAnalyze.cc:599] analyze timing path end vertex 1621 total 4575 end
I20250912 20:27:47.472429 42512 StaAnalyze.cc:565] analyze timing path end vertex 1631 total 4575 start
I20250912 20:27:47.472462 42512 StaAnalyze.cc:599] analyze timing path end vertex 1631 total 4575 end
I20250912 20:27:47.472524 42512 StaAnalyze.cc:565] analyze timing path end vertex 1641 total 4575 start
I20250912 20:27:47.472556 42512 StaAnalyze.cc:303] add path data num 0 to lsbiu/_2054_:RN
I20250912 20:27:47.472589 42512 StaAnalyze.cc:599] analyze timing path end vertex 1641 total 4575 end
I20250912 20:27:47.472661 42512 StaAnalyze.cc:565] analyze timing path end vertex 1651 total 4575 start
I20250912 20:27:47.472693 42512 StaAnalyze.cc:599] analyze timing path end vertex 1651 total 4575 end
I20250912 20:27:47.472764 42512 StaAnalyze.cc:565] analyze timing path end vertex 1661 total 4575 start
I20250912 20:27:47.472824 42512 StaAnalyze.cc:599] analyze timing path end vertex 1661 total 4575 end
I20250912 20:27:47.472927 42512 StaAnalyze.cc:565] analyze timing path end vertex 1671 total 4575 start
I20250912 20:27:47.472960 42512 StaAnalyze.cc:599] analyze timing path end vertex 1671 total 4575 end
I20250912 20:27:47.473026 42512 StaAnalyze.cc:565] analyze timing path end vertex 1681 total 4575 start
I20250912 20:27:47.473058 42512 StaAnalyze.cc:599] analyze timing path end vertex 1681 total 4575 end
I20250912 20:27:47.473132 42512 StaAnalyze.cc:565] analyze timing path end vertex 1691 total 4575 start
I20250912 20:27:47.473170 42512 StaAnalyze.cc:303] add path data num 0 to lsbiu/_2079_:RN
I20250912 20:27:47.473203 42512 StaAnalyze.cc:599] analyze timing path end vertex 1691 total 4575 end
I20250912 20:27:47.473275 42512 StaAnalyze.cc:565] analyze timing path end vertex 1701 total 4575 start
I20250912 20:27:47.473306 42512 StaAnalyze.cc:599] analyze timing path end vertex 1701 total 4575 end
I20250912 20:27:47.473374 42512 StaAnalyze.cc:565] analyze timing path end vertex 1711 total 4575 start
I20250912 20:27:47.473407 42512 StaAnalyze.cc:599] analyze timing path end vertex 1711 total 4575 end
I20250912 20:27:47.473573 42512 StaAnalyze.cc:565] analyze timing path end vertex 1721 total 4575 start
I20250912 20:27:47.473608 42512 StaAnalyze.cc:599] analyze timing path end vertex 1721 total 4575 end
I20250912 20:27:47.473675 42512 StaAnalyze.cc:565] analyze timing path end vertex 1731 total 4575 start
I20250912 20:27:47.473707 42512 StaAnalyze.cc:599] analyze timing path end vertex 1731 total 4575 end
I20250912 20:27:47.473778 42512 StaAnalyze.cc:565] analyze timing path end vertex 1741 total 4575 start
I20250912 20:27:47.473809 42512 StaAnalyze.cc:303] add path data num 0 to lsbiu/_2104_:RN
I20250912 20:27:47.473842 42512 StaAnalyze.cc:599] analyze timing path end vertex 1741 total 4575 end
I20250912 20:27:47.473955 42512 StaAnalyze.cc:565] analyze timing path end vertex 1751 total 4575 start
I20250912 20:27:47.474001 42512 StaAnalyze.cc:599] analyze timing path end vertex 1751 total 4575 end
I20250912 20:27:47.474071 42512 StaAnalyze.cc:565] analyze timing path end vertex 1761 total 4575 start
I20250912 20:27:47.474108 42512 StaAnalyze.cc:599] analyze timing path end vertex 1761 total 4575 end
I20250912 20:27:47.474179 42512 StaAnalyze.cc:565] analyze timing path end vertex 1771 total 4575 start
I20250912 20:27:47.474217 42512 StaAnalyze.cc:599] analyze timing path end vertex 1771 total 4575 end
I20250912 20:27:47.474287 42512 StaAnalyze.cc:565] analyze timing path end vertex 1781 total 4575 start
I20250912 20:27:47.474325 42512 StaAnalyze.cc:599] analyze timing path end vertex 1781 total 4575 end
I20250912 20:27:47.474393 42512 StaAnalyze.cc:565] analyze timing path end vertex 1791 total 4575 start
I20250912 20:27:47.474431 42512 StaAnalyze.cc:303] add path data num 0 to lsbiu/_2129_:RN
I20250912 20:27:47.474464 42512 StaAnalyze.cc:599] analyze timing path end vertex 1791 total 4575 end
I20250912 20:27:47.474531 42512 StaAnalyze.cc:565] analyze timing path end vertex 1801 total 4575 start
I20250912 20:27:47.474622 42512 StaAnalyze.cc:599] analyze timing path end vertex 1801 total 4575 end
I20250912 20:27:47.474695 42512 StaAnalyze.cc:565] analyze timing path end vertex 1811 total 4575 start
I20250912 20:27:47.474730 42512 StaAnalyze.cc:599] analyze timing path end vertex 1811 total 4575 end
I20250912 20:27:47.474802 42512 StaAnalyze.cc:565] analyze timing path end vertex 1821 total 4575 start
I20250912 20:27:47.474835 42512 StaAnalyze.cc:599] analyze timing path end vertex 1821 total 4575 end
I20250912 20:27:47.474943 42512 StaAnalyze.cc:565] analyze timing path end vertex 1831 total 4575 start
I20250912 20:27:47.474978 42512 StaAnalyze.cc:599] analyze timing path end vertex 1831 total 4575 end
I20250912 20:27:47.475044 42512 StaAnalyze.cc:565] analyze timing path end vertex 1841 total 4575 start
I20250912 20:27:47.475076 42512 StaAnalyze.cc:303] add path data num 0 to lsbiu/_2154_:RN
I20250912 20:27:47.475121 42512 StaAnalyze.cc:599] analyze timing path end vertex 1841 total 4575 end
I20250912 20:27:47.475199 42512 StaAnalyze.cc:565] analyze timing path end vertex 1851 total 4575 start
I20250912 20:27:47.475232 42512 StaAnalyze.cc:599] analyze timing path end vertex 1851 total 4575 end
I20250912 20:27:47.475299 42512 StaAnalyze.cc:565] analyze timing path end vertex 1861 total 4575 start
I20250912 20:27:47.475332 42512 StaAnalyze.cc:599] analyze timing path end vertex 1861 total 4575 end
I20250912 20:27:47.475397 42512 StaAnalyze.cc:565] analyze timing path end vertex 1871 total 4575 start
I20250912 20:27:47.475430 42512 StaAnalyze.cc:599] analyze timing path end vertex 1871 total 4575 end
I20250912 20:27:47.475494 42512 StaAnalyze.cc:565] analyze timing path end vertex 1881 total 4575 start
I20250912 20:27:47.475526 42512 StaAnalyze.cc:599] analyze timing path end vertex 1881 total 4575 end
I20250912 20:27:47.475593 42512 StaAnalyze.cc:565] analyze timing path end vertex 1891 total 4575 start
I20250912 20:27:47.475625 42512 StaAnalyze.cc:303] add path data num 0 to lsbiu/_2179_:RN
I20250912 20:27:47.475657 42512 StaAnalyze.cc:599] analyze timing path end vertex 1891 total 4575 end
I20250912 20:27:47.475721 42512 StaAnalyze.cc:565] analyze timing path end vertex 1901 total 4575 start
I20250912 20:27:47.475754 42512 StaAnalyze.cc:599] analyze timing path end vertex 1901 total 4575 end
I20250912 20:27:47.475831 42512 StaAnalyze.cc:565] analyze timing path end vertex 1911 total 4575 start
I20250912 20:27:47.475864 42512 StaAnalyze.cc:599] analyze timing path end vertex 1911 total 4575 end
I20250912 20:27:47.475970 42512 StaAnalyze.cc:565] analyze timing path end vertex 1921 total 4575 start
I20250912 20:27:47.476003 42512 StaAnalyze.cc:599] analyze timing path end vertex 1921 total 4575 end
I20250912 20:27:47.476073 42512 StaAnalyze.cc:565] analyze timing path end vertex 1931 total 4575 start
I20250912 20:27:47.476125 42512 StaAnalyze.cc:599] analyze timing path end vertex 1931 total 4575 end
I20250912 20:27:47.476212 42512 StaAnalyze.cc:565] analyze timing path end vertex 1941 total 4575 start
I20250912 20:27:47.476250 42512 StaAnalyze.cc:303] add path data num 2 to lsu/_2755_:D
I20250912 20:27:47.476292 42512 StaAnalyze.cc:599] analyze timing path end vertex 1941 total 4575 end
I20250912 20:27:47.476397 42512 StaAnalyze.cc:565] analyze timing path end vertex 1951 total 4575 start
I20250912 20:27:47.476441 42512 StaAnalyze.cc:599] analyze timing path end vertex 1951 total 4575 end
I20250912 20:27:47.476536 42512 StaAnalyze.cc:565] analyze timing path end vertex 1961 total 4575 start
I20250912 20:27:47.476584 42512 StaAnalyze.cc:599] analyze timing path end vertex 1961 total 4575 end
I20250912 20:27:47.476676 42512 StaAnalyze.cc:565] analyze timing path end vertex 1971 total 4575 start
I20250912 20:27:47.477679 42512 StaAnalyze.cc:599] analyze timing path end vertex 1971 total 4575 end
I20250912 20:27:47.477980 42512 StaAnalyze.cc:565] analyze timing path end vertex 1981 total 4575 start
I20250912 20:27:47.478029 42512 StaAnalyze.cc:599] analyze timing path end vertex 1981 total 4575 end
I20250912 20:27:47.478135 42512 StaAnalyze.cc:565] analyze timing path end vertex 1991 total 4575 start
I20250912 20:27:47.478178 42512 StaAnalyze.cc:303] add path data num 2 to lsu/_2805_:D
I20250912 20:27:47.478215 42512 StaAnalyze.cc:599] analyze timing path end vertex 1991 total 4575 end
I20250912 20:27:47.478472 42512 StaAnalyze.cc:565] analyze timing path end vertex 2001 total 4575 start
I20250912 20:27:47.478521 42512 StaAnalyze.cc:599] analyze timing path end vertex 2001 total 4575 end
I20250912 20:27:47.478623 42512 StaAnalyze.cc:565] analyze timing path end vertex 2011 total 4575 start
I20250912 20:27:47.478812 42512 StaAnalyze.cc:599] analyze timing path end vertex 2011 total 4575 end
I20250912 20:27:47.478952 42512 StaAnalyze.cc:565] analyze timing path end vertex 2021 total 4575 start
I20250912 20:27:47.478998 42512 StaAnalyze.cc:599] analyze timing path end vertex 2021 total 4575 end
I20250912 20:27:47.479089 42512 StaAnalyze.cc:565] analyze timing path end vertex 2031 total 4575 start
I20250912 20:27:47.479139 42512 StaAnalyze.cc:599] analyze timing path end vertex 2031 total 4575 end
I20250912 20:27:47.479377 42512 StaAnalyze.cc:565] analyze timing path end vertex 2041 total 4575 start
I20250912 20:27:47.479420 42512 StaAnalyze.cc:303] add path data num 2 to lsu/_2855_:D
I20250912 20:27:47.479458 42512 StaAnalyze.cc:599] analyze timing path end vertex 2041 total 4575 end
I20250912 20:27:47.479553 42512 StaAnalyze.cc:565] analyze timing path end vertex 2051 total 4575 start
I20250912 20:27:47.479596 42512 StaAnalyze.cc:599] analyze timing path end vertex 2051 total 4575 end
I20250912 20:27:47.479664 42512 StaAnalyze.cc:565] analyze timing path end vertex 2061 total 4575 start
I20250912 20:27:47.479707 42512 StaAnalyze.cc:599] analyze timing path end vertex 2061 total 4575 end
I20250912 20:27:47.479771 42512 StaAnalyze.cc:565] analyze timing path end vertex 2071 total 4575 start
I20250912 20:27:47.479811 42512 StaAnalyze.cc:599] analyze timing path end vertex 2071 total 4575 end
I20250912 20:27:47.479876 42512 StaAnalyze.cc:565] analyze timing path end vertex 2081 total 4575 start
I20250912 20:27:47.479954 42512 StaAnalyze.cc:599] analyze timing path end vertex 2081 total 4575 end
I20250912 20:27:47.480012 42512 StaAnalyze.cc:565] analyze timing path end vertex 2091 total 4575 start
I20250912 20:27:47.480054 42512 StaAnalyze.cc:303] add path data num 2 to lsu/_2974_:D
I20250912 20:27:47.480098 42512 StaAnalyze.cc:599] analyze timing path end vertex 2091 total 4575 end
I20250912 20:27:47.480178 42512 StaAnalyze.cc:565] analyze timing path end vertex 2101 total 4575 start
I20250912 20:27:47.480222 42512 StaAnalyze.cc:599] analyze timing path end vertex 2101 total 4575 end
I20250912 20:27:47.480309 42512 StaAnalyze.cc:565] analyze timing path end vertex 2111 total 4575 start
I20250912 20:27:47.480360 42512 StaAnalyze.cc:599] analyze timing path end vertex 2111 total 4575 end
I20250912 20:27:47.480469 42512 StaAnalyze.cc:565] analyze timing path end vertex 2121 total 4575 start
I20250912 20:27:47.480556 42512 StaAnalyze.cc:599] analyze timing path end vertex 2121 total 4575 end
I20250912 20:27:47.480671 42512 StaAnalyze.cc:565] analyze timing path end vertex 2131 total 4575 start
I20250912 20:27:47.480713 42512 StaAnalyze.cc:599] analyze timing path end vertex 2131 total 4575 end
I20250912 20:27:47.480788 42512 StaAnalyze.cc:565] analyze timing path end vertex 2141 total 4575 start
I20250912 20:27:47.480827 42512 StaAnalyze.cc:303] add path data num 0 to regfile/_15774_:RN
I20250912 20:27:47.480862 42512 StaAnalyze.cc:599] analyze timing path end vertex 2141 total 4575 end
I20250912 20:27:47.480975 42512 StaAnalyze.cc:565] analyze timing path end vertex 2151 total 4575 start
I20250912 20:27:47.481009 42512 StaAnalyze.cc:599] analyze timing path end vertex 2151 total 4575 end
I20250912 20:27:47.481189 42512 StaAnalyze.cc:565] analyze timing path end vertex 2161 total 4575 start
I20250912 20:27:47.481251 42512 StaAnalyze.cc:599] analyze timing path end vertex 2161 total 4575 end
I20250912 20:27:47.481333 42512 StaAnalyze.cc:565] analyze timing path end vertex 2171 total 4575 start
I20250912 20:27:47.481366 42512 StaAnalyze.cc:599] analyze timing path end vertex 2171 total 4575 end
I20250912 20:27:47.481444 42512 StaAnalyze.cc:565] analyze timing path end vertex 2181 total 4575 start
I20250912 20:27:47.481477 42512 StaAnalyze.cc:599] analyze timing path end vertex 2181 total 4575 end
I20250912 20:27:47.481546 42512 StaAnalyze.cc:565] analyze timing path end vertex 2191 total 4575 start
I20250912 20:27:47.481578 42512 StaAnalyze.cc:303] add path data num 0 to regfile/_15799_:RN
I20250912 20:27:47.481611 42512 StaAnalyze.cc:599] analyze timing path end vertex 2191 total 4575 end
I20250912 20:27:47.481684 42512 StaAnalyze.cc:565] analyze timing path end vertex 2201 total 4575 start
I20250912 20:27:47.481716 42512 StaAnalyze.cc:599] analyze timing path end vertex 2201 total 4575 end
I20250912 20:27:47.481779 42512 StaAnalyze.cc:565] analyze timing path end vertex 2211 total 4575 start
I20250912 20:27:47.481812 42512 StaAnalyze.cc:599] analyze timing path end vertex 2211 total 4575 end
I20250912 20:27:47.481881 42512 StaAnalyze.cc:565] analyze timing path end vertex 2221 total 4575 start
I20250912 20:27:47.481948 42512 StaAnalyze.cc:599] analyze timing path end vertex 2221 total 4575 end
I20250912 20:27:47.482014 42512 StaAnalyze.cc:565] analyze timing path end vertex 2231 total 4575 start
I20250912 20:27:47.482052 42512 StaAnalyze.cc:599] analyze timing path end vertex 2231 total 4575 end
I20250912 20:27:47.482113 42512 StaAnalyze.cc:565] analyze timing path end vertex 2241 total 4575 start
I20250912 20:27:47.482182 42512 StaAnalyze.cc:303] add path data num 0 to regfile/_15824_:RN
I20250912 20:27:47.482213 42512 StaAnalyze.cc:599] analyze timing path end vertex 2241 total 4575 end
I20250912 20:27:47.482282 42512 StaAnalyze.cc:565] analyze timing path end vertex 2251 total 4575 start
I20250912 20:27:47.482314 42512 StaAnalyze.cc:599] analyze timing path end vertex 2251 total 4575 end
I20250912 20:27:47.482379 42512 StaAnalyze.cc:565] analyze timing path end vertex 2261 total 4575 start
I20250912 20:27:47.482412 42512 StaAnalyze.cc:599] analyze timing path end vertex 2261 total 4575 end
I20250912 20:27:47.482508 42512 StaAnalyze.cc:565] analyze timing path end vertex 2271 total 4575 start
I20250912 20:27:47.482545 42512 StaAnalyze.cc:599] analyze timing path end vertex 2271 total 4575 end
I20250912 20:27:47.482609 42512 StaAnalyze.cc:565] analyze timing path end vertex 2281 total 4575 start
I20250912 20:27:47.482648 42512 StaAnalyze.cc:599] analyze timing path end vertex 2281 total 4575 end
I20250912 20:27:47.482717 42512 StaAnalyze.cc:565] analyze timing path end vertex 2291 total 4575 start
I20250912 20:27:47.482748 42512 StaAnalyze.cc:303] add path data num 0 to regfile/_15849_:RN
I20250912 20:27:47.482781 42512 StaAnalyze.cc:599] analyze timing path end vertex 2291 total 4575 end
I20250912 20:27:47.482848 42512 StaAnalyze.cc:565] analyze timing path end vertex 2301 total 4575 start
I20250912 20:27:47.482926 42512 StaAnalyze.cc:599] analyze timing path end vertex 2301 total 4575 end
I20250912 20:27:47.482996 42512 StaAnalyze.cc:565] analyze timing path end vertex 2311 total 4575 start
I20250912 20:27:47.483029 42512 StaAnalyze.cc:599] analyze timing path end vertex 2311 total 4575 end
I20250912 20:27:47.483101 42512 StaAnalyze.cc:565] analyze timing path end vertex 2321 total 4575 start
I20250912 20:27:47.483144 42512 StaAnalyze.cc:599] analyze timing path end vertex 2321 total 4575 end
I20250912 20:27:47.483215 42512 StaAnalyze.cc:565] analyze timing path end vertex 2331 total 4575 start
I20250912 20:27:47.483247 42512 StaAnalyze.cc:599] analyze timing path end vertex 2331 total 4575 end
I20250912 20:27:47.483318 42512 StaAnalyze.cc:565] analyze timing path end vertex 2341 total 4575 start
I20250912 20:27:47.483355 42512 StaAnalyze.cc:303] add path data num 0 to regfile/_15874_:RN
I20250912 20:27:47.483388 42512 StaAnalyze.cc:599] analyze timing path end vertex 2341 total 4575 end
I20250912 20:27:47.483453 42512 StaAnalyze.cc:565] analyze timing path end vertex 2351 total 4575 start
I20250912 20:27:47.483486 42512 StaAnalyze.cc:599] analyze timing path end vertex 2351 total 4575 end
I20250912 20:27:47.483553 42512 StaAnalyze.cc:565] analyze timing path end vertex 2361 total 4575 start
I20250912 20:27:47.483587 42512 StaAnalyze.cc:599] analyze timing path end vertex 2361 total 4575 end
I20250912 20:27:47.483649 42512 StaAnalyze.cc:565] analyze timing path end vertex 2371 total 4575 start
I20250912 20:27:47.483686 42512 StaAnalyze.cc:599] analyze timing path end vertex 2371 total 4575 end
I20250912 20:27:47.483754 42512 StaAnalyze.cc:565] analyze timing path end vertex 2381 total 4575 start
I20250912 20:27:47.483786 42512 StaAnalyze.cc:599] analyze timing path end vertex 2381 total 4575 end
I20250912 20:27:47.483856 42512 StaAnalyze.cc:565] analyze timing path end vertex 2391 total 4575 start
I20250912 20:27:47.483937 42512 StaAnalyze.cc:303] add path data num 0 to regfile/_15899_:RN
I20250912 20:27:47.483973 42512 StaAnalyze.cc:599] analyze timing path end vertex 2391 total 4575 end
I20250912 20:27:47.484040 42512 StaAnalyze.cc:565] analyze timing path end vertex 2401 total 4575 start
I20250912 20:27:47.484072 42512 StaAnalyze.cc:599] analyze timing path end vertex 2401 total 4575 end
I20250912 20:27:47.484192 42512 StaAnalyze.cc:565] analyze timing path end vertex 2411 total 4575 start
I20250912 20:27:47.484227 42512 StaAnalyze.cc:599] analyze timing path end vertex 2411 total 4575 end
I20250912 20:27:47.484297 42512 StaAnalyze.cc:565] analyze timing path end vertex 2421 total 4575 start
I20250912 20:27:47.484330 42512 StaAnalyze.cc:599] analyze timing path end vertex 2421 total 4575 end
I20250912 20:27:47.484393 42512 StaAnalyze.cc:565] analyze timing path end vertex 2431 total 4575 start
I20250912 20:27:47.484426 42512 StaAnalyze.cc:599] analyze timing path end vertex 2431 total 4575 end
I20250912 20:27:47.484489 42512 StaAnalyze.cc:565] analyze timing path end vertex 2441 total 4575 start
I20250912 20:27:47.484522 42512 StaAnalyze.cc:303] add path data num 0 to regfile/_15924_:RN
I20250912 20:27:47.484593 42512 StaAnalyze.cc:599] analyze timing path end vertex 2441 total 4575 end
I20250912 20:27:47.484660 42512 StaAnalyze.cc:565] analyze timing path end vertex 2451 total 4575 start
I20250912 20:27:47.484692 42512 StaAnalyze.cc:599] analyze timing path end vertex 2451 total 4575 end
I20250912 20:27:47.484810 42512 StaAnalyze.cc:565] analyze timing path end vertex 2461 total 4575 start
I20250912 20:27:47.484843 42512 StaAnalyze.cc:599] analyze timing path end vertex 2461 total 4575 end
I20250912 20:27:47.484944 42512 StaAnalyze.cc:565] analyze timing path end vertex 2471 total 4575 start
I20250912 20:27:47.484977 42512 StaAnalyze.cc:599] analyze timing path end vertex 2471 total 4575 end
I20250912 20:27:47.485052 42512 StaAnalyze.cc:565] analyze timing path end vertex 2481 total 4575 start
I20250912 20:27:47.485085 42512 StaAnalyze.cc:599] analyze timing path end vertex 2481 total 4575 end
I20250912 20:27:47.485180 42512 StaAnalyze.cc:565] analyze timing path end vertex 2491 total 4575 start
I20250912 20:27:47.485213 42512 StaAnalyze.cc:303] add path data num 0 to regfile/_15949_:RN
I20250912 20:27:47.485246 42512 StaAnalyze.cc:599] analyze timing path end vertex 2491 total 4575 end
I20250912 20:27:47.485344 42512 StaAnalyze.cc:565] analyze timing path end vertex 2501 total 4575 start
I20250912 20:27:47.485376 42512 StaAnalyze.cc:599] analyze timing path end vertex 2501 total 4575 end
I20250912 20:27:47.485445 42512 StaAnalyze.cc:565] analyze timing path end vertex 2511 total 4575 start
I20250912 20:27:47.485482 42512 StaAnalyze.cc:599] analyze timing path end vertex 2511 total 4575 end
I20250912 20:27:47.485553 42512 StaAnalyze.cc:565] analyze timing path end vertex 2521 total 4575 start
I20250912 20:27:47.485584 42512 StaAnalyze.cc:599] analyze timing path end vertex 2521 total 4575 end
I20250912 20:27:47.485647 42512 StaAnalyze.cc:565] analyze timing path end vertex 2531 total 4575 start
I20250912 20:27:47.485680 42512 StaAnalyze.cc:599] analyze timing path end vertex 2531 total 4575 end
I20250912 20:27:47.485750 42512 StaAnalyze.cc:565] analyze timing path end vertex 2541 total 4575 start
I20250912 20:27:47.485841 42512 StaAnalyze.cc:303] add path data num 0 to regfile/_15974_:RN
I20250912 20:27:47.485874 42512 StaAnalyze.cc:599] analyze timing path end vertex 2541 total 4575 end
I20250912 20:27:47.485975 42512 StaAnalyze.cc:565] analyze timing path end vertex 2551 total 4575 start
I20250912 20:27:47.486011 42512 StaAnalyze.cc:599] analyze timing path end vertex 2551 total 4575 end
I20250912 20:27:47.486078 42512 StaAnalyze.cc:565] analyze timing path end vertex 2561 total 4575 start
I20250912 20:27:47.486110 42512 StaAnalyze.cc:599] analyze timing path end vertex 2561 total 4575 end
I20250912 20:27:47.486173 42512 StaAnalyze.cc:565] analyze timing path end vertex 2571 total 4575 start
I20250912 20:27:47.486212 42512 StaAnalyze.cc:599] analyze timing path end vertex 2571 total 4575 end
I20250912 20:27:47.486279 42512 StaAnalyze.cc:565] analyze timing path end vertex 2581 total 4575 start
I20250912 20:27:47.486316 42512 StaAnalyze.cc:599] analyze timing path end vertex 2581 total 4575 end
I20250912 20:27:47.486383 42512 StaAnalyze.cc:565] analyze timing path end vertex 2591 total 4575 start
I20250912 20:27:47.486416 42512 StaAnalyze.cc:303] add path data num 0 to regfile/_15999_:RN
I20250912 20:27:47.486449 42512 StaAnalyze.cc:599] analyze timing path end vertex 2591 total 4575 end
I20250912 20:27:47.486513 42512 StaAnalyze.cc:565] analyze timing path end vertex 2601 total 4575 start
I20250912 20:27:47.486550 42512 StaAnalyze.cc:599] analyze timing path end vertex 2601 total 4575 end
I20250912 20:27:47.486616 42512 StaAnalyze.cc:565] analyze timing path end vertex 2611 total 4575 start
I20250912 20:27:47.486649 42512 StaAnalyze.cc:599] analyze timing path end vertex 2611 total 4575 end
I20250912 20:27:47.486712 42512 StaAnalyze.cc:565] analyze timing path end vertex 2621 total 4575 start
I20250912 20:27:47.486744 42512 StaAnalyze.cc:599] analyze timing path end vertex 2621 total 4575 end
I20250912 20:27:47.486814 42512 StaAnalyze.cc:565] analyze timing path end vertex 2631 total 4575 start
I20250912 20:27:47.486852 42512 StaAnalyze.cc:599] analyze timing path end vertex 2631 total 4575 end
I20250912 20:27:47.486953 42512 StaAnalyze.cc:565] analyze timing path end vertex 2641 total 4575 start
I20250912 20:27:47.486986 42512 StaAnalyze.cc:303] add path data num 0 to regfile/_16024_:RN
I20250912 20:27:47.487018 42512 StaAnalyze.cc:599] analyze timing path end vertex 2641 total 4575 end
I20250912 20:27:47.487084 42512 StaAnalyze.cc:565] analyze timing path end vertex 2651 total 4575 start
I20250912 20:27:47.487131 42512 StaAnalyze.cc:599] analyze timing path end vertex 2651 total 4575 end
I20250912 20:27:47.487202 42512 StaAnalyze.cc:565] analyze timing path end vertex 2661 total 4575 start
I20250912 20:27:47.487236 42512 StaAnalyze.cc:599] analyze timing path end vertex 2661 total 4575 end
I20250912 20:27:47.487316 42512 StaAnalyze.cc:565] analyze timing path end vertex 2671 total 4575 start
I20250912 20:27:47.487354 42512 StaAnalyze.cc:599] analyze timing path end vertex 2671 total 4575 end
I20250912 20:27:47.487421 42512 StaAnalyze.cc:565] analyze timing path end vertex 2681 total 4575 start
I20250912 20:27:47.487453 42512 StaAnalyze.cc:599] analyze timing path end vertex 2681 total 4575 end
I20250912 20:27:47.487520 42512 StaAnalyze.cc:565] analyze timing path end vertex 2691 total 4575 start
I20250912 20:27:47.487553 42512 StaAnalyze.cc:303] add path data num 0 to regfile/_16049_:RN
I20250912 20:27:47.487586 42512 StaAnalyze.cc:599] analyze timing path end vertex 2691 total 4575 end
I20250912 20:27:47.487653 42512 StaAnalyze.cc:565] analyze timing path end vertex 2701 total 4575 start
I20250912 20:27:47.487685 42512 StaAnalyze.cc:599] analyze timing path end vertex 2701 total 4575 end
I20250912 20:27:47.487748 42512 StaAnalyze.cc:565] analyze timing path end vertex 2711 total 4575 start
I20250912 20:27:47.487787 42512 StaAnalyze.cc:599] analyze timing path end vertex 2711 total 4575 end
I20250912 20:27:47.487856 42512 StaAnalyze.cc:565] analyze timing path end vertex 2721 total 4575 start
I20250912 20:27:47.487926 42512 StaAnalyze.cc:599] analyze timing path end vertex 2721 total 4575 end
I20250912 20:27:47.487989 42512 StaAnalyze.cc:565] analyze timing path end vertex 2731 total 4575 start
I20250912 20:27:47.488022 42512 StaAnalyze.cc:599] analyze timing path end vertex 2731 total 4575 end
I20250912 20:27:47.488086 42512 StaAnalyze.cc:565] analyze timing path end vertex 2741 total 4575 start
I20250912 20:27:47.488119 42512 StaAnalyze.cc:303] add path data num 0 to regfile/_16074_:RN
I20250912 20:27:47.488152 42512 StaAnalyze.cc:599] analyze timing path end vertex 2741 total 4575 end
I20250912 20:27:47.488215 42512 StaAnalyze.cc:565] analyze timing path end vertex 2751 total 4575 start
I20250912 20:27:47.488252 42512 StaAnalyze.cc:599] analyze timing path end vertex 2751 total 4575 end
I20250912 20:27:47.488366 42512 StaAnalyze.cc:565] analyze timing path end vertex 2761 total 4575 start
I20250912 20:27:47.488399 42512 StaAnalyze.cc:599] analyze timing path end vertex 2761 total 4575 end
I20250912 20:27:47.488473 42512 StaAnalyze.cc:565] analyze timing path end vertex 2771 total 4575 start
I20250912 20:27:47.488507 42512 StaAnalyze.cc:599] analyze timing path end vertex 2771 total 4575 end
I20250912 20:27:47.488577 42512 StaAnalyze.cc:565] analyze timing path end vertex 2781 total 4575 start
I20250912 20:27:47.488615 42512 StaAnalyze.cc:599] analyze timing path end vertex 2781 total 4575 end
I20250912 20:27:47.488682 42512 StaAnalyze.cc:565] analyze timing path end vertex 2791 total 4575 start
I20250912 20:27:47.488713 42512 StaAnalyze.cc:303] add path data num 0 to regfile/_16099_:RN
I20250912 20:27:47.488746 42512 StaAnalyze.cc:599] analyze timing path end vertex 2791 total 4575 end
I20250912 20:27:47.488811 42512 StaAnalyze.cc:565] analyze timing path end vertex 2801 total 4575 start
I20250912 20:27:47.488849 42512 StaAnalyze.cc:599] analyze timing path end vertex 2801 total 4575 end
I20250912 20:27:47.488950 42512 StaAnalyze.cc:565] analyze timing path end vertex 2811 total 4575 start
I20250912 20:27:47.488984 42512 StaAnalyze.cc:599] analyze timing path end vertex 2811 total 4575 end
I20250912 20:27:47.489054 42512 StaAnalyze.cc:565] analyze timing path end vertex 2821 total 4575 start
I20250912 20:27:47.489087 42512 StaAnalyze.cc:599] analyze timing path end vertex 2821 total 4575 end
I20250912 20:27:47.489177 42512 StaAnalyze.cc:565] analyze timing path end vertex 2831 total 4575 start
I20250912 20:27:47.489217 42512 StaAnalyze.cc:599] analyze timing path end vertex 2831 total 4575 end
I20250912 20:27:47.489281 42512 StaAnalyze.cc:565] analyze timing path end vertex 2841 total 4575 start
I20250912 20:27:47.489313 42512 StaAnalyze.cc:303] add path data num 0 to regfile/_16124_:RN
I20250912 20:27:47.489346 42512 StaAnalyze.cc:599] analyze timing path end vertex 2841 total 4575 end
I20250912 20:27:47.489420 42512 StaAnalyze.cc:565] analyze timing path end vertex 2851 total 4575 start
I20250912 20:27:47.489459 42512 StaAnalyze.cc:599] analyze timing path end vertex 2851 total 4575 end
I20250912 20:27:47.489524 42512 StaAnalyze.cc:565] analyze timing path end vertex 2861 total 4575 start
I20250912 20:27:47.489557 42512 StaAnalyze.cc:599] analyze timing path end vertex 2861 total 4575 end
I20250912 20:27:47.489622 42512 StaAnalyze.cc:565] analyze timing path end vertex 2871 total 4575 start
I20250912 20:27:47.489655 42512 StaAnalyze.cc:599] analyze timing path end vertex 2871 total 4575 end
I20250912 20:27:47.489717 42512 StaAnalyze.cc:565] analyze timing path end vertex 2881 total 4575 start
I20250912 20:27:47.489755 42512 StaAnalyze.cc:599] analyze timing path end vertex 2881 total 4575 end
I20250912 20:27:47.489818 42512 StaAnalyze.cc:565] analyze timing path end vertex 2891 total 4575 start
I20250912 20:27:47.489856 42512 StaAnalyze.cc:303] add path data num 0 to regfile/_16149_:RN
I20250912 20:27:47.489921 42512 StaAnalyze.cc:599] analyze timing path end vertex 2891 total 4575 end
I20250912 20:27:47.489987 42512 StaAnalyze.cc:565] analyze timing path end vertex 2901 total 4575 start
I20250912 20:27:47.490020 42512 StaAnalyze.cc:599] analyze timing path end vertex 2901 total 4575 end
I20250912 20:27:47.490083 42512 StaAnalyze.cc:565] analyze timing path end vertex 2911 total 4575 start
I20250912 20:27:47.490115 42512 StaAnalyze.cc:599] analyze timing path end vertex 2911 total 4575 end
I20250912 20:27:47.490183 42512 StaAnalyze.cc:565] analyze timing path end vertex 2921 total 4575 start
I20250912 20:27:47.490221 42512 StaAnalyze.cc:599] analyze timing path end vertex 2921 total 4575 end
I20250912 20:27:47.490283 42512 StaAnalyze.cc:565] analyze timing path end vertex 2931 total 4575 start
I20250912 20:27:47.490319 42512 StaAnalyze.cc:599] analyze timing path end vertex 2931 total 4575 end
I20250912 20:27:47.490382 42512 StaAnalyze.cc:565] analyze timing path end vertex 2941 total 4575 start
I20250912 20:27:47.490414 42512 StaAnalyze.cc:303] add path data num 0 to regfile/_16174_:RN
I20250912 20:27:47.490447 42512 StaAnalyze.cc:599] analyze timing path end vertex 2941 total 4575 end
I20250912 20:27:47.490512 42512 StaAnalyze.cc:565] analyze timing path end vertex 2951 total 4575 start
I20250912 20:27:47.490549 42512 StaAnalyze.cc:599] analyze timing path end vertex 2951 total 4575 end
I20250912 20:27:47.490617 42512 StaAnalyze.cc:565] analyze timing path end vertex 2961 total 4575 start
I20250912 20:27:47.490649 42512 StaAnalyze.cc:599] analyze timing path end vertex 2961 total 4575 end
I20250912 20:27:47.490721 42512 StaAnalyze.cc:565] analyze timing path end vertex 2971 total 4575 start
I20250912 20:27:47.490754 42512 StaAnalyze.cc:599] analyze timing path end vertex 2971 total 4575 end
I20250912 20:27:47.490818 42512 StaAnalyze.cc:565] analyze timing path end vertex 2981 total 4575 start
I20250912 20:27:47.490850 42512 StaAnalyze.cc:599] analyze timing path end vertex 2981 total 4575 end
I20250912 20:27:47.491158 42512 StaAnalyze.cc:565] analyze timing path end vertex 2991 total 4575 start
I20250912 20:27:47.491210 42512 StaAnalyze.cc:303] add path data num 0 to regfile/_16199_:RN
I20250912 20:27:47.491245 42512 StaAnalyze.cc:599] analyze timing path end vertex 2991 total 4575 end
I20250912 20:27:47.491357 42512 StaAnalyze.cc:565] analyze timing path end vertex 3001 total 4575 start
I20250912 20:27:47.491391 42512 StaAnalyze.cc:599] analyze timing path end vertex 3001 total 4575 end
I20250912 20:27:47.491474 42512 StaAnalyze.cc:565] analyze timing path end vertex 3011 total 4575 start
I20250912 20:27:47.491506 42512 StaAnalyze.cc:599] analyze timing path end vertex 3011 total 4575 end
I20250912 20:27:47.491576 42512 StaAnalyze.cc:565] analyze timing path end vertex 3021 total 4575 start
I20250912 20:27:47.491608 42512 StaAnalyze.cc:599] analyze timing path end vertex 3021 total 4575 end
I20250912 20:27:47.491680 42512 StaAnalyze.cc:565] analyze timing path end vertex 3031 total 4575 start
I20250912 20:27:47.491730 42512 StaAnalyze.cc:599] analyze timing path end vertex 3031 total 4575 end
I20250912 20:27:47.491801 42512 StaAnalyze.cc:565] analyze timing path end vertex 3041 total 4575 start
I20250912 20:27:47.491834 42512 StaAnalyze.cc:303] add path data num 0 to regfile/_16224_:RN
I20250912 20:27:47.491866 42512 StaAnalyze.cc:599] analyze timing path end vertex 3041 total 4575 end
I20250912 20:27:47.491979 42512 StaAnalyze.cc:565] analyze timing path end vertex 3051 total 4575 start
I20250912 20:27:47.492014 42512 StaAnalyze.cc:599] analyze timing path end vertex 3051 total 4575 end
I20250912 20:27:47.492185 42512 StaAnalyze.cc:565] analyze timing path end vertex 3061 total 4575 start
I20250912 20:27:47.492225 42512 StaAnalyze.cc:599] analyze timing path end vertex 3061 total 4575 end
I20250912 20:27:47.492312 42512 StaAnalyze.cc:565] analyze timing path end vertex 3071 total 4575 start
I20250912 20:27:47.492355 42512 StaAnalyze.cc:599] analyze timing path end vertex 3071 total 4575 end
I20250912 20:27:47.492449 42512 StaAnalyze.cc:565] analyze timing path end vertex 3081 total 4575 start
I20250912 20:27:47.492496 42512 StaAnalyze.cc:599] analyze timing path end vertex 3081 total 4575 end
I20250912 20:27:47.492569 42512 StaAnalyze.cc:565] analyze timing path end vertex 3091 total 4575 start
I20250912 20:27:47.492604 42512 StaAnalyze.cc:303] add path data num 0 to regfile/_16249_:RN
I20250912 20:27:47.492645 42512 StaAnalyze.cc:599] analyze timing path end vertex 3091 total 4575 end
I20250912 20:27:47.492714 42512 StaAnalyze.cc:565] analyze timing path end vertex 3101 total 4575 start
I20250912 20:27:47.492748 42512 StaAnalyze.cc:599] analyze timing path end vertex 3101 total 4575 end
I20250912 20:27:47.492836 42512 StaAnalyze.cc:565] analyze timing path end vertex 3111 total 4575 start
I20250912 20:27:47.492874 42512 StaAnalyze.cc:599] analyze timing path end vertex 3111 total 4575 end
I20250912 20:27:47.492992 42512 StaAnalyze.cc:565] analyze timing path end vertex 3121 total 4575 start
I20250912 20:27:47.493028 42512 StaAnalyze.cc:599] analyze timing path end vertex 3121 total 4575 end
I20250912 20:27:47.493101 42512 StaAnalyze.cc:565] analyze timing path end vertex 3131 total 4575 start
I20250912 20:27:47.493135 42512 StaAnalyze.cc:599] analyze timing path end vertex 3131 total 4575 end
I20250912 20:27:47.493206 42512 StaAnalyze.cc:565] analyze timing path end vertex 3141 total 4575 start
I20250912 20:27:47.493247 42512 StaAnalyze.cc:303] add path data num 0 to regfile/_16274_:RN
I20250912 20:27:47.493280 42512 StaAnalyze.cc:599] analyze timing path end vertex 3141 total 4575 end
I20250912 20:27:47.493348 42512 StaAnalyze.cc:565] analyze timing path end vertex 3151 total 4575 start
I20250912 20:27:47.493386 42512 StaAnalyze.cc:599] analyze timing path end vertex 3151 total 4575 end
I20250912 20:27:47.493458 42512 StaAnalyze.cc:565] analyze timing path end vertex 3161 total 4575 start
I20250912 20:27:47.493496 42512 StaAnalyze.cc:599] analyze timing path end vertex 3161 total 4575 end
I20250912 20:27:47.493582 42512 StaAnalyze.cc:565] analyze timing path end vertex 3171 total 4575 start
I20250912 20:27:47.493618 42512 StaAnalyze.cc:599] analyze timing path end vertex 3171 total 4575 end
I20250912 20:27:47.493688 42512 StaAnalyze.cc:565] analyze timing path end vertex 3181 total 4575 start
I20250912 20:27:47.493727 42512 StaAnalyze.cc:599] analyze timing path end vertex 3181 total 4575 end
I20250912 20:27:47.493794 42512 StaAnalyze.cc:565] analyze timing path end vertex 3191 total 4575 start
I20250912 20:27:47.493827 42512 StaAnalyze.cc:303] add path data num 0 to regfile/_16299_:RN
I20250912 20:27:47.493860 42512 StaAnalyze.cc:599] analyze timing path end vertex 3191 total 4575 end
I20250912 20:27:47.493958 42512 StaAnalyze.cc:565] analyze timing path end vertex 3201 total 4575 start
I20250912 20:27:47.493991 42512 StaAnalyze.cc:599] analyze timing path end vertex 3201 total 4575 end
I20250912 20:27:47.494065 42512 StaAnalyze.cc:565] analyze timing path end vertex 3211 total 4575 start
I20250912 20:27:47.494112 42512 StaAnalyze.cc:599] analyze timing path end vertex 3211 total 4575 end
I20250912 20:27:47.494180 42512 StaAnalyze.cc:565] analyze timing path end vertex 3221 total 4575 start
I20250912 20:27:47.494217 42512 StaAnalyze.cc:599] analyze timing path end vertex 3221 total 4575 end
I20250912 20:27:47.494285 42512 StaAnalyze.cc:565] analyze timing path end vertex 3231 total 4575 start
I20250912 20:27:47.494318 42512 StaAnalyze.cc:599] analyze timing path end vertex 3231 total 4575 end
I20250912 20:27:47.494386 42512 StaAnalyze.cc:565] analyze timing path end vertex 3241 total 4575 start
I20250912 20:27:47.494418 42512 StaAnalyze.cc:303] add path data num 0 to regfile/_16324_:RN
I20250912 20:27:47.494450 42512 StaAnalyze.cc:599] analyze timing path end vertex 3241 total 4575 end
I20250912 20:27:47.494519 42512 StaAnalyze.cc:565] analyze timing path end vertex 3251 total 4575 start
I20250912 20:27:47.494556 42512 StaAnalyze.cc:599] analyze timing path end vertex 3251 total 4575 end
I20250912 20:27:47.494624 42512 StaAnalyze.cc:565] analyze timing path end vertex 3261 total 4575 start
I20250912 20:27:47.494719 42512 StaAnalyze.cc:599] analyze timing path end vertex 3261 total 4575 end
I20250912 20:27:47.494789 42512 StaAnalyze.cc:565] analyze timing path end vertex 3271 total 4575 start
I20250912 20:27:47.494858 42512 StaAnalyze.cc:599] analyze timing path end vertex 3271 total 4575 end
I20250912 20:27:47.494972 42512 StaAnalyze.cc:565] analyze timing path end vertex 3281 total 4575 start
I20250912 20:27:47.495060 42512 StaAnalyze.cc:599] analyze timing path end vertex 3281 total 4575 end
I20250912 20:27:47.495132 42512 StaAnalyze.cc:565] analyze timing path end vertex 3291 total 4575 start
I20250912 20:27:47.495164 42512 StaAnalyze.cc:303] add path data num 0 to regfile/_16349_:RN
I20250912 20:27:47.495198 42512 StaAnalyze.cc:599] analyze timing path end vertex 3291 total 4575 end
I20250912 20:27:47.495263 42512 StaAnalyze.cc:565] analyze timing path end vertex 3301 total 4575 start
I20250912 20:27:47.495301 42512 StaAnalyze.cc:599] analyze timing path end vertex 3301 total 4575 end
I20250912 20:27:47.495365 42512 StaAnalyze.cc:565] analyze timing path end vertex 3311 total 4575 start
I20250912 20:27:47.495397 42512 StaAnalyze.cc:599] analyze timing path end vertex 3311 total 4575 end
I20250912 20:27:47.495468 42512 StaAnalyze.cc:565] analyze timing path end vertex 3321 total 4575 start
I20250912 20:27:47.495501 42512 StaAnalyze.cc:599] analyze timing path end vertex 3321 total 4575 end
I20250912 20:27:47.495564 42512 StaAnalyze.cc:565] analyze timing path end vertex 3331 total 4575 start
I20250912 20:27:47.495596 42512 StaAnalyze.cc:599] analyze timing path end vertex 3331 total 4575 end
I20250912 20:27:47.495666 42512 StaAnalyze.cc:565] analyze timing path end vertex 3341 total 4575 start
I20250912 20:27:47.495702 42512 StaAnalyze.cc:303] add path data num 0 to regfile/_16374_:RN
I20250912 20:27:47.495734 42512 StaAnalyze.cc:599] analyze timing path end vertex 3341 total 4575 end
I20250912 20:27:47.495803 42512 StaAnalyze.cc:565] analyze timing path end vertex 3351 total 4575 start
I20250912 20:27:47.495836 42512 StaAnalyze.cc:599] analyze timing path end vertex 3351 total 4575 end
I20250912 20:27:47.495970 42512 StaAnalyze.cc:565] analyze timing path end vertex 3361 total 4575 start
I20250912 20:27:47.496009 42512 StaAnalyze.cc:599] analyze timing path end vertex 3361 total 4575 end
I20250912 20:27:47.496078 42512 StaAnalyze.cc:565] analyze timing path end vertex 3371 total 4575 start
I20250912 20:27:47.496109 42512 StaAnalyze.cc:599] analyze timing path end vertex 3371 total 4575 end
I20250912 20:27:47.496222 42512 StaAnalyze.cc:565] analyze timing path end vertex 3381 total 4575 start
I20250912 20:27:47.496260 42512 StaAnalyze.cc:599] analyze timing path end vertex 3381 total 4575 end
I20250912 20:27:47.496327 42512 StaAnalyze.cc:565] analyze timing path end vertex 3391 total 4575 start
I20250912 20:27:47.496366 42512 StaAnalyze.cc:303] add path data num 0 to regfile/_16399_:RN
I20250912 20:27:47.496398 42512 StaAnalyze.cc:599] analyze timing path end vertex 3391 total 4575 end
I20250912 20:27:47.496490 42512 StaAnalyze.cc:565] analyze timing path end vertex 3401 total 4575 start
I20250912 20:27:47.496522 42512 StaAnalyze.cc:599] analyze timing path end vertex 3401 total 4575 end
I20250912 20:27:47.496593 42512 StaAnalyze.cc:565] analyze timing path end vertex 3411 total 4575 start
I20250912 20:27:47.496706 42512 StaAnalyze.cc:599] analyze timing path end vertex 3411 total 4575 end
I20250912 20:27:47.496773 42512 StaAnalyze.cc:565] analyze timing path end vertex 3421 total 4575 start
I20250912 20:27:47.496805 42512 StaAnalyze.cc:599] analyze timing path end vertex 3421 total 4575 end
I20250912 20:27:47.496878 42512 StaAnalyze.cc:565] analyze timing path end vertex 3431 total 4575 start
I20250912 20:27:47.496948 42512 StaAnalyze.cc:599] analyze timing path end vertex 3431 total 4575 end
I20250912 20:27:47.497022 42512 StaAnalyze.cc:565] analyze timing path end vertex 3441 total 4575 start
I20250912 20:27:47.497054 42512 StaAnalyze.cc:303] add path data num 0 to regfile/_16424_:RN
I20250912 20:27:47.497087 42512 StaAnalyze.cc:599] analyze timing path end vertex 3441 total 4575 end
I20250912 20:27:47.497154 42512 StaAnalyze.cc:565] analyze timing path end vertex 3451 total 4575 start
I20250912 20:27:47.497186 42512 StaAnalyze.cc:599] analyze timing path end vertex 3451 total 4575 end
I20250912 20:27:47.497253 42512 StaAnalyze.cc:565] analyze timing path end vertex 3461 total 4575 start
I20250912 20:27:47.497320 42512 StaAnalyze.cc:599] analyze timing path end vertex 3461 total 4575 end
I20250912 20:27:47.497390 42512 StaAnalyze.cc:565] analyze timing path end vertex 3471 total 4575 start
I20250912 20:27:47.497426 42512 StaAnalyze.cc:599] analyze timing path end vertex 3471 total 4575 end
I20250912 20:27:47.497629 42512 StaAnalyze.cc:565] analyze timing path end vertex 3481 total 4575 start
I20250912 20:27:47.497671 42512 StaAnalyze.cc:599] analyze timing path end vertex 3481 total 4575 end
I20250912 20:27:47.497742 42512 StaAnalyze.cc:565] analyze timing path end vertex 3491 total 4575 start
I20250912 20:27:47.497776 42512 StaAnalyze.cc:303] add path data num 0 to regfile/_16449_:RN
I20250912 20:27:47.497807 42512 StaAnalyze.cc:599] analyze timing path end vertex 3491 total 4575 end
I20250912 20:27:47.497871 42512 StaAnalyze.cc:565] analyze timing path end vertex 3501 total 4575 start
I20250912 20:27:47.497941 42512 StaAnalyze.cc:599] analyze timing path end vertex 3501 total 4575 end
I20250912 20:27:47.498041 42512 StaAnalyze.cc:565] analyze timing path end vertex 3511 total 4575 start
I20250912 20:27:47.498073 42512 StaAnalyze.cc:599] analyze timing path end vertex 3511 total 4575 end
I20250912 20:27:47.498138 42512 StaAnalyze.cc:565] analyze timing path end vertex 3521 total 4575 start
I20250912 20:27:47.498176 42512 StaAnalyze.cc:599] analyze timing path end vertex 3521 total 4575 end
I20250912 20:27:47.498241 42512 StaAnalyze.cc:565] analyze timing path end vertex 3531 total 4575 start
I20250912 20:27:47.498273 42512 StaAnalyze.cc:599] analyze timing path end vertex 3531 total 4575 end
I20250912 20:27:47.498343 42512 StaAnalyze.cc:565] analyze timing path end vertex 3541 total 4575 start
I20250912 20:27:47.498380 42512 StaAnalyze.cc:303] add path data num 0 to regfile/_16474_:RN
I20250912 20:27:47.498414 42512 StaAnalyze.cc:599] analyze timing path end vertex 3541 total 4575 end
I20250912 20:27:47.498481 42512 StaAnalyze.cc:565] analyze timing path end vertex 3551 total 4575 start
I20250912 20:27:47.498512 42512 StaAnalyze.cc:599] analyze timing path end vertex 3551 total 4575 end
I20250912 20:27:47.498579 42512 StaAnalyze.cc:565] analyze timing path end vertex 3561 total 4575 start
I20250912 20:27:47.498611 42512 StaAnalyze.cc:599] analyze timing path end vertex 3561 total 4575 end
I20250912 20:27:47.498713 42512 StaAnalyze.cc:565] analyze timing path end vertex 3571 total 4575 start
I20250912 20:27:47.498744 42512 StaAnalyze.cc:599] analyze timing path end vertex 3571 total 4575 end
I20250912 20:27:47.498812 42512 StaAnalyze.cc:565] analyze timing path end vertex 3581 total 4575 start
I20250912 20:27:47.498871 42512 StaAnalyze.cc:599] analyze timing path end vertex 3581 total 4575 end
I20250912 20:27:47.498972 42512 StaAnalyze.cc:565] analyze timing path end vertex 3591 total 4575 start
I20250912 20:27:47.499004 42512 StaAnalyze.cc:303] add path data num 0 to regfile/_16499_:RN
I20250912 20:27:47.499037 42512 StaAnalyze.cc:599] analyze timing path end vertex 3591 total 4575 end
I20250912 20:27:47.499102 42512 StaAnalyze.cc:565] analyze timing path end vertex 3601 total 4575 start
I20250912 20:27:47.499140 42512 StaAnalyze.cc:599] analyze timing path end vertex 3601 total 4575 end
I20250912 20:27:47.499245 42512 StaAnalyze.cc:565] analyze timing path end vertex 3611 total 4575 start
I20250912 20:27:47.499334 42512 StaAnalyze.cc:599] analyze timing path end vertex 3611 total 4575 end
I20250912 20:27:47.499402 42512 StaAnalyze.cc:565] analyze timing path end vertex 3621 total 4575 start
I20250912 20:27:47.499436 42512 StaAnalyze.cc:599] analyze timing path end vertex 3621 total 4575 end
I20250912 20:27:47.499509 42512 StaAnalyze.cc:565] analyze timing path end vertex 3631 total 4575 start
I20250912 20:27:47.499542 42512 StaAnalyze.cc:599] analyze timing path end vertex 3631 total 4575 end
I20250912 20:27:47.499608 42512 StaAnalyze.cc:565] analyze timing path end vertex 3641 total 4575 start
I20250912 20:27:47.499681 42512 StaAnalyze.cc:303] add path data num 0 to regfile/_16524_:RN
I20250912 20:27:47.499716 42512 StaAnalyze.cc:599] analyze timing path end vertex 3641 total 4575 end
I20250912 20:27:47.499788 42512 StaAnalyze.cc:565] analyze timing path end vertex 3651 total 4575 start
I20250912 20:27:47.499821 42512 StaAnalyze.cc:599] analyze timing path end vertex 3651 total 4575 end
I20250912 20:27:47.499963 42512 StaAnalyze.cc:565] analyze timing path end vertex 3661 total 4575 start
I20250912 20:27:47.499996 42512 StaAnalyze.cc:599] analyze timing path end vertex 3661 total 4575 end
I20250912 20:27:47.500065 42512 StaAnalyze.cc:565] analyze timing path end vertex 3671 total 4575 start
I20250912 20:27:47.500103 42512 StaAnalyze.cc:599] analyze timing path end vertex 3671 total 4575 end
I20250912 20:27:47.500166 42512 StaAnalyze.cc:565] analyze timing path end vertex 3681 total 4575 start
I20250912 20:27:47.500198 42512 StaAnalyze.cc:599] analyze timing path end vertex 3681 total 4575 end
I20250912 20:27:47.500267 42512 StaAnalyze.cc:565] analyze timing path end vertex 3691 total 4575 start
I20250912 20:27:47.500304 42512 StaAnalyze.cc:303] add path data num 0 to regfile/_16549_:RN
I20250912 20:27:47.500337 42512 StaAnalyze.cc:599] analyze timing path end vertex 3691 total 4575 end
I20250912 20:27:47.500398 42512 StaAnalyze.cc:565] analyze timing path end vertex 3701 total 4575 start
I20250912 20:27:47.500435 42512 StaAnalyze.cc:599] analyze timing path end vertex 3701 total 4575 end
I20250912 20:27:47.500497 42512 StaAnalyze.cc:565] analyze timing path end vertex 3711 total 4575 start
I20250912 20:27:47.500535 42512 StaAnalyze.cc:599] analyze timing path end vertex 3711 total 4575 end
I20250912 20:27:47.500599 42512 StaAnalyze.cc:565] analyze timing path end vertex 3721 total 4575 start
I20250912 20:27:47.500631 42512 StaAnalyze.cc:599] analyze timing path end vertex 3721 total 4575 end
I20250912 20:27:47.500708 42512 StaAnalyze.cc:565] analyze timing path end vertex 3731 total 4575 start
I20250912 20:27:47.500741 42512 StaAnalyze.cc:599] analyze timing path end vertex 3731 total 4575 end
I20250912 20:27:47.500810 42512 StaAnalyze.cc:565] analyze timing path end vertex 3741 total 4575 start
I20250912 20:27:47.500851 42512 StaAnalyze.cc:303] add path data num 0 to regfile/_16574_:RN
I20250912 20:27:47.500926 42512 StaAnalyze.cc:599] analyze timing path end vertex 3741 total 4575 end
I20250912 20:27:47.500993 42512 StaAnalyze.cc:565] analyze timing path end vertex 3751 total 4575 start
I20250912 20:27:47.501031 42512 StaAnalyze.cc:599] analyze timing path end vertex 3751 total 4575 end
I20250912 20:27:47.501096 42512 StaAnalyze.cc:565] analyze timing path end vertex 3761 total 4575 start
I20250912 20:27:47.501140 42512 StaAnalyze.cc:599] analyze timing path end vertex 3761 total 4575 end
I20250912 20:27:47.501204 42512 StaAnalyze.cc:565] analyze timing path end vertex 3771 total 4575 start
I20250912 20:27:47.501236 42512 StaAnalyze.cc:599] analyze timing path end vertex 3771 total 4575 end
I20250912 20:27:47.501302 42512 StaAnalyze.cc:565] analyze timing path end vertex 3781 total 4575 start
I20250912 20:27:47.501340 42512 StaAnalyze.cc:599] analyze timing path end vertex 3781 total 4575 end
I20250912 20:27:47.501405 42512 StaAnalyze.cc:565] analyze timing path end vertex 3791 total 4575 start
I20250912 20:27:47.501436 42512 StaAnalyze.cc:303] add path data num 0 to regfile/_16599_:RN
I20250912 20:27:47.501469 42512 StaAnalyze.cc:599] analyze timing path end vertex 3791 total 4575 end
I20250912 20:27:47.501569 42512 StaAnalyze.cc:565] analyze timing path end vertex 3801 total 4575 start
I20250912 20:27:47.501601 42512 StaAnalyze.cc:599] analyze timing path end vertex 3801 total 4575 end
I20250912 20:27:47.501667 42512 StaAnalyze.cc:565] analyze timing path end vertex 3811 total 4575 start
I20250912 20:27:47.501698 42512 StaAnalyze.cc:599] analyze timing path end vertex 3811 total 4575 end
I20250912 20:27:47.501771 42512 StaAnalyze.cc:565] analyze timing path end vertex 3821 total 4575 start
I20250912 20:27:47.501803 42512 StaAnalyze.cc:599] analyze timing path end vertex 3821 total 4575 end
I20250912 20:27:47.501868 42512 StaAnalyze.cc:565] analyze timing path end vertex 3831 total 4575 start
I20250912 20:27:47.501938 42512 StaAnalyze.cc:599] analyze timing path end vertex 3831 total 4575 end
I20250912 20:27:47.502008 42512 StaAnalyze.cc:565] analyze timing path end vertex 3841 total 4575 start
I20250912 20:27:47.502040 42512 StaAnalyze.cc:303] add path data num 0 to regfile/_16624_:RN
I20250912 20:27:47.502072 42512 StaAnalyze.cc:599] analyze timing path end vertex 3841 total 4575 end
I20250912 20:27:47.502138 42512 StaAnalyze.cc:565] analyze timing path end vertex 3851 total 4575 start
I20250912 20:27:47.502175 42512 StaAnalyze.cc:599] analyze timing path end vertex 3851 total 4575 end
I20250912 20:27:47.502240 42512 StaAnalyze.cc:565] analyze timing path end vertex 3861 total 4575 start
I20250912 20:27:47.502274 42512 StaAnalyze.cc:599] analyze timing path end vertex 3861 total 4575 end
I20250912 20:27:47.502341 42512 StaAnalyze.cc:565] analyze timing path end vertex 3871 total 4575 start
I20250912 20:27:47.502372 42512 StaAnalyze.cc:599] analyze timing path end vertex 3871 total 4575 end
I20250912 20:27:47.502439 42512 StaAnalyze.cc:565] analyze timing path end vertex 3881 total 4575 start
I20250912 20:27:47.502476 42512 StaAnalyze.cc:599] analyze timing path end vertex 3881 total 4575 end
I20250912 20:27:47.502539 42512 StaAnalyze.cc:565] analyze timing path end vertex 3891 total 4575 start
I20250912 20:27:47.502571 42512 StaAnalyze.cc:303] add path data num 0 to regfile/_16649_:RN
I20250912 20:27:47.502609 42512 StaAnalyze.cc:599] analyze timing path end vertex 3891 total 4575 end
I20250912 20:27:47.502673 42512 StaAnalyze.cc:565] analyze timing path end vertex 3901 total 4575 start
I20250912 20:27:47.502705 42512 StaAnalyze.cc:599] analyze timing path end vertex 3901 total 4575 end
I20250912 20:27:47.502774 42512 StaAnalyze.cc:565] analyze timing path end vertex 3911 total 4575 start
I20250912 20:27:47.502806 42512 StaAnalyze.cc:599] analyze timing path end vertex 3911 total 4575 end
I20250912 20:27:47.502926 42512 StaAnalyze.cc:565] analyze timing path end vertex 3921 total 4575 start
I20250912 20:27:47.502966 42512 StaAnalyze.cc:599] analyze timing path end vertex 3921 total 4575 end
I20250912 20:27:47.503034 42512 StaAnalyze.cc:565] analyze timing path end vertex 3931 total 4575 start
I20250912 20:27:47.503067 42512 StaAnalyze.cc:599] analyze timing path end vertex 3931 total 4575 end
I20250912 20:27:47.503132 42512 StaAnalyze.cc:565] analyze timing path end vertex 3941 total 4575 start
I20250912 20:27:47.503165 42512 StaAnalyze.cc:303] add path data num 0 to regfile/_16674_:RN
I20250912 20:27:47.503213 42512 StaAnalyze.cc:599] analyze timing path end vertex 3941 total 4575 end
I20250912 20:27:47.503304 42512 StaAnalyze.cc:565] analyze timing path end vertex 3951 total 4575 start
I20250912 20:27:47.503335 42512 StaAnalyze.cc:599] analyze timing path end vertex 3951 total 4575 end
I20250912 20:27:47.503396 42512 StaAnalyze.cc:565] analyze timing path end vertex 3961 total 4575 start
I20250912 20:27:47.503429 42512 StaAnalyze.cc:599] analyze timing path end vertex 3961 total 4575 end
I20250912 20:27:47.503494 42512 StaAnalyze.cc:565] analyze timing path end vertex 3971 total 4575 start
I20250912 20:27:47.503535 42512 StaAnalyze.cc:599] analyze timing path end vertex 3971 total 4575 end
I20250912 20:27:47.503604 42512 StaAnalyze.cc:565] analyze timing path end vertex 3981 total 4575 start
I20250912 20:27:47.503639 42512 StaAnalyze.cc:599] analyze timing path end vertex 3981 total 4575 end
I20250912 20:27:47.503706 42512 StaAnalyze.cc:565] analyze timing path end vertex 3991 total 4575 start
I20250912 20:27:47.503746 42512 StaAnalyze.cc:303] add path data num 0 to regfile/_16699_:RN
I20250912 20:27:47.503782 42512 StaAnalyze.cc:599] analyze timing path end vertex 3991 total 4575 end
I20250912 20:27:47.503849 42512 StaAnalyze.cc:565] analyze timing path end vertex 4001 total 4575 start
I20250912 20:27:47.503923 42512 StaAnalyze.cc:599] analyze timing path end vertex 4001 total 4575 end
I20250912 20:27:47.503993 42512 StaAnalyze.cc:565] analyze timing path end vertex 4011 total 4575 start
I20250912 20:27:47.504029 42512 StaAnalyze.cc:599] analyze timing path end vertex 4011 total 4575 end
I20250912 20:27:47.504102 42512 StaAnalyze.cc:565] analyze timing path end vertex 4021 total 4575 start
I20250912 20:27:47.504137 42512 StaAnalyze.cc:599] analyze timing path end vertex 4021 total 4575 end
I20250912 20:27:47.504298 42512 StaAnalyze.cc:565] analyze timing path end vertex 4031 total 4575 start
I20250912 20:27:47.504331 42512 StaAnalyze.cc:599] analyze timing path end vertex 4031 total 4575 end
I20250912 20:27:47.504406 42512 StaAnalyze.cc:565] analyze timing path end vertex 4041 total 4575 start
I20250912 20:27:47.504439 42512 StaAnalyze.cc:303] add path data num 0 to regfile/_16724_:RN
I20250912 20:27:47.504472 42512 StaAnalyze.cc:599] analyze timing path end vertex 4041 total 4575 end
I20250912 20:27:47.504536 42512 StaAnalyze.cc:565] analyze timing path end vertex 4051 total 4575 start
I20250912 20:27:47.504573 42512 StaAnalyze.cc:599] analyze timing path end vertex 4051 total 4575 end
I20250912 20:27:47.504642 42512 StaAnalyze.cc:565] analyze timing path end vertex 4061 total 4575 start
I20250912 20:27:47.504673 42512 StaAnalyze.cc:599] analyze timing path end vertex 4061 total 4575 end
I20250912 20:27:47.504734 42512 StaAnalyze.cc:565] analyze timing path end vertex 4071 total 4575 start
I20250912 20:27:47.504767 42512 StaAnalyze.cc:599] analyze timing path end vertex 4071 total 4575 end
I20250912 20:27:47.504833 42512 StaAnalyze.cc:565] analyze timing path end vertex 4081 total 4575 start
I20250912 20:27:47.504878 42512 StaAnalyze.cc:599] analyze timing path end vertex 4081 total 4575 end
I20250912 20:27:47.504995 42512 StaAnalyze.cc:565] analyze timing path end vertex 4091 total 4575 start
I20250912 20:27:47.505028 42512 StaAnalyze.cc:303] add path data num 0 to regfile/_16749_:RN
I20250912 20:27:47.505061 42512 StaAnalyze.cc:599] analyze timing path end vertex 4091 total 4575 end
I20250912 20:27:47.505131 42512 StaAnalyze.cc:565] analyze timing path end vertex 4101 total 4575 start
I20250912 20:27:47.505164 42512 StaAnalyze.cc:599] analyze timing path end vertex 4101 total 4575 end
I20250912 20:27:47.505230 42512 StaAnalyze.cc:565] analyze timing path end vertex 4111 total 4575 start
I20250912 20:27:47.505263 42512 StaAnalyze.cc:599] analyze timing path end vertex 4111 total 4575 end
I20250912 20:27:47.505362 42512 StaAnalyze.cc:565] analyze timing path end vertex 4121 total 4575 start
I20250912 20:27:47.505407 42512 StaAnalyze.cc:599] analyze timing path end vertex 4121 total 4575 end
I20250912 20:27:47.505486 42512 StaAnalyze.cc:565] analyze timing path end vertex 4131 total 4575 start
I20250912 20:27:47.505519 42512 StaAnalyze.cc:599] analyze timing path end vertex 4131 total 4575 end
I20250912 20:27:47.505591 42512 StaAnalyze.cc:565] analyze timing path end vertex 4141 total 4575 start
I20250912 20:27:47.505623 42512 StaAnalyze.cc:303] add path data num 0 to wbu/_2743_:RN
I20250912 20:27:47.505656 42512 StaAnalyze.cc:599] analyze timing path end vertex 4141 total 4575 end
I20250912 20:27:47.505729 42512 StaAnalyze.cc:565] analyze timing path end vertex 4151 total 4575 start
I20250912 20:27:47.505761 42512 StaAnalyze.cc:599] analyze timing path end vertex 4151 total 4575 end
I20250912 20:27:47.505832 42512 StaAnalyze.cc:565] analyze timing path end vertex 4161 total 4575 start
I20250912 20:27:47.505864 42512 StaAnalyze.cc:599] analyze timing path end vertex 4161 total 4575 end
I20250912 20:27:47.505972 42512 StaAnalyze.cc:565] analyze timing path end vertex 4171 total 4575 start
I20250912 20:27:47.506006 42512 StaAnalyze.cc:599] analyze timing path end vertex 4171 total 4575 end
I20250912 20:27:47.506083 42512 StaAnalyze.cc:565] analyze timing path end vertex 4181 total 4575 start
I20250912 20:27:47.506115 42512 StaAnalyze.cc:599] analyze timing path end vertex 4181 total 4575 end
I20250912 20:27:47.506188 42512 StaAnalyze.cc:565] analyze timing path end vertex 4191 total 4575 start
I20250912 20:27:47.506220 42512 StaAnalyze.cc:303] add path data num 0 to wbu/_2768_:RN
I20250912 20:27:47.506253 42512 StaAnalyze.cc:599] analyze timing path end vertex 4191 total 4575 end
I20250912 20:27:47.506322 42512 StaAnalyze.cc:565] analyze timing path end vertex 4201 total 4575 start
I20250912 20:27:47.506359 42512 StaAnalyze.cc:599] analyze timing path end vertex 4201 total 4575 end
I20250912 20:27:47.506425 42512 StaAnalyze.cc:565] analyze timing path end vertex 4211 total 4575 start
I20250912 20:27:47.506457 42512 StaAnalyze.cc:599] analyze timing path end vertex 4211 total 4575 end
I20250912 20:27:47.506524 42512 StaAnalyze.cc:565] analyze timing path end vertex 4221 total 4575 start
I20250912 20:27:47.506561 42512 StaAnalyze.cc:599] analyze timing path end vertex 4221 total 4575 end
I20250912 20:27:47.506632 42512 StaAnalyze.cc:565] analyze timing path end vertex 4231 total 4575 start
I20250912 20:27:47.506664 42512 StaAnalyze.cc:599] analyze timing path end vertex 4231 total 4575 end
I20250912 20:27:47.506749 42512 StaAnalyze.cc:565] analyze timing path end vertex 4241 total 4575 start
I20250912 20:27:47.506781 42512 StaAnalyze.cc:303] add path data num 0 to wbu/_2793_:RN
I20250912 20:27:47.506814 42512 StaAnalyze.cc:599] analyze timing path end vertex 4241 total 4575 end
I20250912 20:27:47.506922 42512 StaAnalyze.cc:565] analyze timing path end vertex 4251 total 4575 start
I20250912 20:27:47.506956 42512 StaAnalyze.cc:599] analyze timing path end vertex 4251 total 4575 end
I20250912 20:27:47.507025 42512 StaAnalyze.cc:565] analyze timing path end vertex 4261 total 4575 start
I20250912 20:27:47.507057 42512 StaAnalyze.cc:599] analyze timing path end vertex 4261 total 4575 end
I20250912 20:27:47.507123 42512 StaAnalyze.cc:565] analyze timing path end vertex 4271 total 4575 start
I20250912 20:27:47.507154 42512 StaAnalyze.cc:599] analyze timing path end vertex 4271 total 4575 end
I20250912 20:27:47.507218 42512 StaAnalyze.cc:565] analyze timing path end vertex 4281 total 4575 start
I20250912 20:27:47.507249 42512 StaAnalyze.cc:599] analyze timing path end vertex 4281 total 4575 end
I20250912 20:27:47.507316 42512 StaAnalyze.cc:565] analyze timing path end vertex 4291 total 4575 start
I20250912 20:27:47.507349 42512 StaAnalyze.cc:303] add path data num 0 to wbu/_2818_:RN
I20250912 20:27:47.507380 42512 StaAnalyze.cc:599] analyze timing path end vertex 4291 total 4575 end
I20250912 20:27:47.507445 42512 StaAnalyze.cc:565] analyze timing path end vertex 4301 total 4575 start
I20250912 20:27:47.507477 42512 StaAnalyze.cc:599] analyze timing path end vertex 4301 total 4575 end
I20250912 20:27:47.507609 42512 StaAnalyze.cc:565] analyze timing path end vertex 4311 total 4575 start
I20250912 20:27:47.507643 42512 StaAnalyze.cc:599] analyze timing path end vertex 4311 total 4575 end
I20250912 20:27:47.507710 42512 StaAnalyze.cc:565] analyze timing path end vertex 4321 total 4575 start
I20250912 20:27:47.507743 42512 StaAnalyze.cc:599] analyze timing path end vertex 4321 total 4575 end
I20250912 20:27:47.507815 42512 StaAnalyze.cc:565] analyze timing path end vertex 4331 total 4575 start
I20250912 20:27:47.507848 42512 StaAnalyze.cc:599] analyze timing path end vertex 4331 total 4575 end
I20250912 20:27:47.507949 42512 StaAnalyze.cc:565] analyze timing path end vertex 4341 total 4575 start
I20250912 20:27:47.508023 42512 StaAnalyze.cc:303] add path data num 0 to wbu/_2843_:RN
I20250912 20:27:47.508056 42512 StaAnalyze.cc:599] analyze timing path end vertex 4341 total 4575 end
I20250912 20:27:47.508123 42512 StaAnalyze.cc:565] analyze timing path end vertex 4351 total 4575 start
I20250912 20:27:47.508155 42512 StaAnalyze.cc:599] analyze timing path end vertex 4351 total 4575 end
I20250912 20:27:47.508224 42512 StaAnalyze.cc:565] analyze timing path end vertex 4361 total 4575 start
I20250912 20:27:47.508255 42512 StaAnalyze.cc:599] analyze timing path end vertex 4361 total 4575 end
I20250912 20:27:47.508319 42512 StaAnalyze.cc:565] analyze timing path end vertex 4371 total 4575 start
I20250912 20:27:47.508351 42512 StaAnalyze.cc:599] analyze timing path end vertex 4371 total 4575 end
I20250912 20:27:47.508417 42512 StaAnalyze.cc:565] analyze timing path end vertex 4381 total 4575 start
I20250912 20:27:47.508450 42512 StaAnalyze.cc:599] analyze timing path end vertex 4381 total 4575 end
I20250912 20:27:47.508519 42512 StaAnalyze.cc:565] analyze timing path end vertex 4391 total 4575 start
I20250912 20:27:47.508558 42512 StaAnalyze.cc:303] add path data num 0 to wbu/_2868_:RN
I20250912 20:27:47.508591 42512 StaAnalyze.cc:599] analyze timing path end vertex 4391 total 4575 end
I20250912 20:27:47.508658 42512 StaAnalyze.cc:565] analyze timing path end vertex 4401 total 4575 start
I20250912 20:27:47.508692 42512 StaAnalyze.cc:599] analyze timing path end vertex 4401 total 4575 end
I20250912 20:27:47.508766 42512 StaAnalyze.cc:565] analyze timing path end vertex 4411 total 4575 start
I20250912 20:27:47.508800 42512 StaAnalyze.cc:599] analyze timing path end vertex 4411 total 4575 end
I20250912 20:27:47.508920 42512 StaAnalyze.cc:565] analyze timing path end vertex 4421 total 4575 start
I20250912 20:27:47.508960 42512 StaAnalyze.cc:599] analyze timing path end vertex 4421 total 4575 end
I20250912 20:27:47.509029 42512 StaAnalyze.cc:565] analyze timing path end vertex 4431 total 4575 start
I20250912 20:27:47.509068 42512 StaAnalyze.cc:599] analyze timing path end vertex 4431 total 4575 end
I20250912 20:27:47.509133 42512 StaAnalyze.cc:565] analyze timing path end vertex 4441 total 4575 start
I20250912 20:27:47.509166 42512 StaAnalyze.cc:303] add path data num 0 to wbu/_2893_:RN
I20250912 20:27:47.509198 42512 StaAnalyze.cc:599] analyze timing path end vertex 4441 total 4575 end
I20250912 20:27:47.509264 42512 StaAnalyze.cc:565] analyze timing path end vertex 4451 total 4575 start
I20250912 20:27:47.509302 42512 StaAnalyze.cc:599] analyze timing path end vertex 4451 total 4575 end
I20250912 20:27:47.509369 42512 StaAnalyze.cc:565] analyze timing path end vertex 4461 total 4575 start
I20250912 20:27:47.509402 42512 StaAnalyze.cc:599] analyze timing path end vertex 4461 total 4575 end
I20250912 20:27:47.509783 42512 StaAnalyze.cc:565] analyze timing path end vertex 4471 total 4575 start
I20250912 20:27:47.509824 42512 StaAnalyze.cc:599] analyze timing path end vertex 4471 total 4575 end
I20250912 20:27:47.509879 42512 StaAnalyze.cc:565] analyze timing path end vertex 4481 total 4575 start
I20250912 20:27:47.509953 42512 StaAnalyze.cc:599] analyze timing path end vertex 4481 total 4575 end
I20250912 20:27:47.510006 42512 StaAnalyze.cc:565] analyze timing path end vertex 4491 total 4575 start
I20250912 20:27:47.510038 42512 StaAnalyze.cc:303] add path data num 0 to wbu/_2918_:RN
I20250912 20:27:47.510085 42512 StaAnalyze.cc:599] analyze timing path end vertex 4491 total 4575 end
I20250912 20:27:47.510143 42512 StaAnalyze.cc:565] analyze timing path end vertex 4501 total 4575 start
I20250912 20:27:47.510175 42512 StaAnalyze.cc:599] analyze timing path end vertex 4501 total 4575 end
I20250912 20:27:47.510229 42512 StaAnalyze.cc:565] analyze timing path end vertex 4511 total 4575 start
I20250912 20:27:47.510262 42512 StaAnalyze.cc:599] analyze timing path end vertex 4511 total 4575 end
I20250912 20:27:47.510334 42512 StaAnalyze.cc:565] analyze timing path end vertex 4521 total 4575 start
I20250912 20:27:47.510365 42512 StaAnalyze.cc:599] analyze timing path end vertex 4521 total 4575 end
I20250912 20:27:47.510435 42512 StaAnalyze.cc:565] analyze timing path end vertex 4531 total 4575 start
I20250912 20:27:47.510468 42512 StaAnalyze.cc:599] analyze timing path end vertex 4531 total 4575 end
I20250912 20:27:47.510535 42512 StaAnalyze.cc:565] analyze timing path end vertex 4541 total 4575 start
I20250912 20:27:47.510573 42512 StaAnalyze.cc:303] add path data num 0 to wbu/_2943_:RN
I20250912 20:27:47.510607 42512 StaAnalyze.cc:599] analyze timing path end vertex 4541 total 4575 end
I20250912 20:27:47.510674 42512 StaAnalyze.cc:565] analyze timing path end vertex 4551 total 4575 start
I20250912 20:27:47.510707 42512 StaAnalyze.cc:599] analyze timing path end vertex 4551 total 4575 end
I20250912 20:27:47.510782 42512 StaAnalyze.cc:565] analyze timing path end vertex 4561 total 4575 start
I20250912 20:27:47.510815 42512 StaAnalyze.cc:599] analyze timing path end vertex 4561 total 4575 end
I20250912 20:27:47.510929 42512 StaAnalyze.cc:565] analyze timing path end vertex 4571 total 4575 start
I20250912 20:27:47.510964 42512 StaAnalyze.cc:599] analyze timing path end vertex 4571 total 4575 end
I20250912 20:27:47.511018 42512 StaAnalyze.cc:603] analyze timing path end
I20250912 20:27:47.511054 42512 StaApplySdc.cc:698] apply sdc start
I20250912 20:27:47.511130 42512 StaApplySdc.cc:729] apply sdc end
I20250912 20:27:47.511162 42512 StaDataPropagation.cc:698] data bwd propagation start
I20250912 20:27:47.516952 42512 StaDataPropagation.cc:249] propagate start vertex clint/_662_:CK
I20250912 20:27:47.517048 42512 StaDataPropagation.cc:172] Thread 134374364708992 data bwd propagate found end vertex.ifbiu/_756_:D
I20250912 20:27:47.517120 42512 StaDataPropagation.cc:172] Thread 134374364708992 data bwd propagate found end vertex.lsbiu/_2029_:D
I20250912 20:27:47.517184 42512 StaDataPropagation.cc:172] Thread 134374364708992 data bwd propagate found end vertex.clint/_662_:D
I20250912 20:27:47.517239 42512 StaDataPropagation.cc:172] Thread 134374364708992 data bwd propagate found end vertex.ifbiu/_757_:D
I20250912 20:27:47.517413 42512 StaDataPropagation.cc:172] Thread 134374364708992 data bwd propagate found end vertex.lsbiu/_2126_:D
I20250912 20:27:47.517467 42512 StaDataPropagation.cc:172] Thread 134374364708992 data bwd propagate found end vertex.clint/_663_:D
I20250912 20:27:47.517517 42512 StaDataPropagation.cc:172] Thread 134374364708992 data bwd propagate found end vertex.ifbiu/_758_:D
I20250912 20:27:47.517565 42512 StaDataPropagation.cc:172] Thread 134374364708992 data bwd propagate found end vertex.lsbiu/_2127_:D
I20250912 20:27:47.517617 42512 StaDataPropagation.cc:172] Thread 134374364708992 data bwd propagate found end vertex.clint/_664_:D
I20250912 20:27:47.517670 42512 StaDataPropagation.cc:172] Thread 134374364708992 data bwd propagate found end vertex.ifbiu/_759_:D
I20250912 20:27:47.539868 42512 StaDataPropagation.cc:249] propagate start vertex exu/_6845_:CK
I20250912 20:27:47.549841 42512 StaDataPropagation.cc:249] propagate start vertex exu/csr_regfile_init/_2748_:CK
I20250912 20:27:47.559185 42512 StaDataPropagation.cc:249] propagate start vertex idu/_1765_:CK
I20250912 20:27:47.569288 42512 StaDataPropagation.cc:249] propagate start vertex lsbiu/_1986_:CK
I20250912 20:27:47.571244 42512 StaDataPropagation.cc:249] propagate start vertex lsbiu/_2186_:CK
I20250912 20:27:47.573623 42512 StaDataPropagation.cc:249] propagate start vertex regfile/_15785_:CK
I20250912 20:27:47.576812 42512 StaDataPropagation.cc:249] propagate start vertex regfile/_15985_:CK
I20250912 20:27:47.579953 42512 StaDataPropagation.cc:249] propagate start vertex regfile/_16185_:CK
I20250912 20:27:47.583758 42512 StaDataPropagation.cc:249] propagate start vertex regfile/_16385_:CK
I20250912 20:27:47.587967 42512 StaDataPropagation.cc:249] propagate start vertex regfile/_16585_:CK
I20250912 20:27:47.595273 42512 StaDataPropagation.cc:249] propagate start vertex wbu/_2749_:CK
I20250912 20:27:47.599498 42512 StaDataPropagation.cc:249] propagate start vertex wbu/_2949_:CK
I20250912 20:27:47.603096 42512 StaDataPropagation.cc:703] data bwd propagation end
I20250912 20:27:47.603205 42512 Sta.cc:2895] update timing end
I20250912 20:27:47.603310 42512 Sta.cc:2898] update timing memory usage 1662.94MB
I20250912 20:27:47.603355 42512 Sta.cc:2900] update timing time elapsed 3.92059s
I20250912 20:27:47.605067 42512 Sta.cc:2998] start write sta report.
I20250912 20:27:47.605304 42512 Sta.cc:2999] output sta report path: /home/zzy/ysyx-workbench/yosys-sta/result/ysyx_25030085_cpu-500MHz
I20250912 20:27:47.610056 42512 StaReport.cc:211] report the clock group core_clock 3 timing paths.
I20250912 20:27:47.683743 42512 StaReport.cc:211] report the clock group core_clock 3 timing paths.
I20250912 20:27:47.687742 42512 StaReport.cc:211] report the clock group core_clock 1 timing paths.
I20250912 20:27:47.689348 42512 StaReport.cc:211] report the clock group core_clock 3 timing paths.
I20250912 20:27:47.691581 42512 StaReport.cc:211] report the clock group core_clock 3 timing paths.
I20250912 20:27:47.694144 42512 StaReport.cc:211] report the clock group core_clock 1 timing paths.
I20250912 20:27:47.694212 42512 Sta.cc:1885] 
+---------------+-------------+------------+------------+---------------+-------+-------+-----------+
| Endpoint      | Clock Group | Delay Type | Path Delay | Path Required | CPPR  | Slack | Freq(MHz) |
+---------------+-------------+------------+------------+---------------+-------+-------+-----------+
| exu/_6838_:D  | core_clock  | max        | 1.250f     | 1.961         | 0.000 | 0.710 | 775.214   |
| exu/_6838_:D  | core_clock  | max        | 1.243r     | 1.967         | 0.000 | 0.725 | 784.213   |
| lsu/_2759_:D  | core_clock  | max        | 1.133f     | 1.961         | 0.000 | 0.828 | 853.285   |
| clint/_702_:D | core_clock  | min        | 0.066r     | 0.006         | 0.000 | 0.060 | NA        |
| clint/_702_:D | core_clock  | min        | 0.065f     | 0.003         | 0.000 | 0.062 | NA        |
| wbu/_2736_:D  | core_clock  | min        | 0.087f     | 0.003         | 0.000 | 0.084 | NA        |
+---------------+-------------+------------+------------+---------------+-------+-------+-----------+
I20250912 20:27:47.694324 42512 Sta.cc:1886] 
+------------+------------+-------+
| Clock      | Delay Type | TNS   |
+------------+------------+-------+
| core_clock | max        | 0.000 |
| core_clock | min        | 0.000 |
+------------+------------+-------+
I20250912 20:27:47.865931 42512 NetlistWriter.cc:52] start write verilog file /home/zzy/ysyx-workbench/yosys-sta/result/ysyx_25030085_cpu-500MHz/ysyx_25030085_cpu.v
I20250912 20:27:47.962980 42512 NetlistWriter.cc:71] finish write verilog file /home/zzy/ysyx-workbench/yosys-sta/result/ysyx_25030085_cpu-500MHz/ysyx_25030085_cpu.v
I20250912 20:27:47.965284 42512 Sta.cc:3111] used lib: /home/zzy/ysyx-workbench/yosys-sta/scripts/../nangate45/lib/merged.lib
I20250912 20:27:47.965358 42512 Sta.cc:3096] The timing engine run success.
