
 /----------------------------------------------------------------------------\
 |                                                                            |
 |  yosys -- Yosys Open SYnthesis Suite                                       |
 |                                                                            |
 |  Copyright (C) 2012 - 2019  Clifford Wolf <clifford@clifford.at>           |
 |                                                                            |
 |  Permission to use, copy, modify, and/or distribute this software for any  |
 |  purpose with or without fee is hereby granted, provided that the above    |
 |  copyright notice and this permission notice appear in all copies.         |
 |                                                                            |
 |  THE SOFTWARE IS PROVIDED "AS IS" AND THE AUTHOR DISCLAIMS ALL WARRANTIES  |
 |  WITH REGARD TO THIS SOFTWARE INCLUDING ALL IMPLIED WARRANTIES OF          |
 |  MERCHANTABILITY AND FITNESS. IN NO EVENT SHALL THE AUTHOR BE LIABLE FOR   |
 |  ANY SPECIAL, DIRECT, INDIRECT, OR CONSEQUENTIAL DAMAGES OR ANY DAMAGES    |
 |  WHATSOEVER RESULTING FROM LOSS OF USE, DATA OR PROFITS, WHETHER IN AN     |
 |  ACTION OF CONTRACT, NEGLIGENCE OR OTHER TORTIOUS ACTION, ARISING OUT OF   |
 |  OR IN CONNECTION WITH THE USE OR PERFORMANCE OF THIS SOFTWARE.            |
 |                                                                            |
 \----------------------------------------------------------------------------/

 Yosys 0.9 (git sha1 1979e0b)


-- Executing script file `-' --
[TCL: yosys -import] Command name collision: found pre-existing command `cd' -> skip.
[TCL: yosys -import] Command name collision: found pre-existing command `eval' -> skip.
[TCL: yosys -import] Command name collision: found pre-existing command `read' -> skip.
[TCL: yosys -import] Command name collision: found pre-existing command `trace' -> skip.

1. Executing Verilog-2005 frontend: /home/zzy/ysyx-workbench/npc/vsrc/ysyx_25030085_regfile.v
Parsing SystemVerilog input from `/home/zzy/ysyx-workbench/npc/vsrc/ysyx_25030085_regfile.v' to AST representation.
Generating RTLIL representation for module `\ysyx_25030085_RegisterFile'.
Successfully finished Verilog frontend.

2. Executing Verilog-2005 frontend: /home/zzy/ysyx-workbench/npc/vsrc/ysyx_25030085_wb.v
Parsing SystemVerilog input from `/home/zzy/ysyx-workbench/npc/vsrc/ysyx_25030085_wb.v' to AST representation.
Generating RTLIL representation for module `\ysyx_25030085_wb'.
Successfully finished Verilog frontend.

3. Executing Verilog-2005 frontend: /home/zzy/ysyx-workbench/npc/vsrc/ysyx_25030085_idu.v
Parsing SystemVerilog input from `/home/zzy/ysyx-workbench/npc/vsrc/ysyx_25030085_idu.v' to AST representation.
Generating RTLIL representation for module `\ysyx_25030085_id'.
Successfully finished Verilog frontend.

4. Executing Verilog-2005 frontend: /home/zzy/ysyx-workbench/npc/vsrc/ysyx_25030085_csr.v
Parsing SystemVerilog input from `/home/zzy/ysyx-workbench/npc/vsrc/ysyx_25030085_csr.v' to AST representation.
Generating RTLIL representation for module `\ysyx_25030085_csr_regfile'.
Successfully finished Verilog frontend.

5. Executing Verilog-2005 frontend: /home/zzy/ysyx-workbench/npc/vsrc/ysyx_25030085.v
Parsing SystemVerilog input from `/home/zzy/ysyx-workbench/npc/vsrc/ysyx_25030085.v' to AST representation.
Generating RTLIL representation for module `\ysyx_25030085'.
Successfully finished Verilog frontend.

6. Executing Verilog-2005 frontend: /home/zzy/ysyx-workbench/npc/vsrc/ysyx_25030085_if.v
Parsing SystemVerilog input from `/home/zzy/ysyx-workbench/npc/vsrc/ysyx_25030085_if.v' to AST representation.
Generating RTLIL representation for module `\ysyx_25030085_if'.
Successfully finished Verilog frontend.

7. Executing Verilog-2005 frontend: /home/zzy/ysyx-workbench/npc/vsrc/ysyx_25030085_exu.v
Parsing SystemVerilog input from `/home/zzy/ysyx-workbench/npc/vsrc/ysyx_25030085_exu.v' to AST representation.
Generating RTLIL representation for module `\ysyx_25030085_ex'.
Successfully finished Verilog frontend.

8. Executing Verilog-2005 frontend: /home/zzy/ysyx-workbench/npc/vsrc/ysyx_25030085_lsu.v
Parsing SystemVerilog input from `/home/zzy/ysyx-workbench/npc/vsrc/ysyx_25030085_lsu.v' to AST representation.
Generating RTLIL representation for module `\ysyx_25030085_lsu'.
Successfully finished Verilog frontend.

9. Executing Verilog-2005 frontend: /home/zzy/ysyx-workbench/yosys-sta/scripts/../nangate45/verilog/blackbox.v
Parsing Verilog input from `/home/zzy/ysyx-workbench/yosys-sta/scripts/../nangate45/verilog/blackbox.v' to AST representation.
Successfully finished Verilog frontend.

10. Executing Verilog-2005 frontend: /home/zzy/ysyx-workbench/yosys-sta/scripts/../nangate45/verilog/cells_clkgate.v
Parsing Verilog input from `/home/zzy/ysyx-workbench/yosys-sta/scripts/../nangate45/verilog/cells_clkgate.v' to AST representation.
Generating RTLIL representation for module `\OPENROAD_CLKGATE'.
Successfully finished Verilog frontend.

11. Executing SYNTH pass.

11.1. Executing HIERARCHY pass (managing design hierarchy).

11.1.1. Analyzing design hierarchy..
Top module:  \ysyx_25030085
Used module:     \ysyx_25030085_wb
Used module:     \ysyx_25030085_lsu
Used module:     \ysyx_25030085_ex
Used module:         \ysyx_25030085_csr_regfile
Used module:     \ysyx_25030085_RegisterFile
Used module:     \ysyx_25030085_id
Used module:     \ysyx_25030085_if

11.1.2. Analyzing design hierarchy..
Top module:  \ysyx_25030085
Used module:     \ysyx_25030085_wb
Used module:     \ysyx_25030085_lsu
Used module:     \ysyx_25030085_ex
Used module:         \ysyx_25030085_csr_regfile
Used module:     \ysyx_25030085_RegisterFile
Used module:     \ysyx_25030085_id
Used module:     \ysyx_25030085_if
Removing unused module `\OPENROAD_CLKGATE'.
Removed 1 unused modules.

11.2. Executing PROC pass (convert processes to netlists).

11.2.1. Executing PROC_CLEAN pass (remove empty switches from decision trees).
Cleaned up 0 empty switches.

11.2.2. Executing PROC_RMDEAD pass (remove dead branches from decision trees).
Marked 2 switch rules as full_case in process $proc$/home/zzy/ysyx-workbench/npc/vsrc/ysyx_25030085_lsu.v:189$70 in module ysyx_25030085_lsu.
Marked 6 switch rules as full_case in process $proc$/home/zzy/ysyx-workbench/npc/vsrc/ysyx_25030085_lsu.v:152$68 in module ysyx_25030085_lsu.
Removed 1 dead cases from process $proc$/home/zzy/ysyx-workbench/npc/vsrc/ysyx_25030085_lsu.v:128$65 in module ysyx_25030085_lsu.
Marked 3 switch rules as full_case in process $proc$/home/zzy/ysyx-workbench/npc/vsrc/ysyx_25030085_lsu.v:128$65 in module ysyx_25030085_lsu.
Marked 2 switch rules as full_case in process $proc$/home/zzy/ysyx-workbench/npc/vsrc/ysyx_25030085_lsu.v:83$62 in module ysyx_25030085_lsu.
Marked 1 switch rules as full_case in process $proc$/home/zzy/ysyx-workbench/npc/vsrc/ysyx_25030085_exu.v:89$51 in module ysyx_25030085_ex.
Marked 1 switch rules as full_case in process $proc$/home/zzy/ysyx-workbench/npc/vsrc/ysyx_25030085_exu.v:36$48 in module ysyx_25030085_ex.
Marked 1 switch rules as full_case in process $proc$/home/zzy/ysyx-workbench/npc/vsrc/ysyx_25030085_if.v:71$45 in module ysyx_25030085_if.
Marked 1 switch rules as full_case in process $proc$/home/zzy/ysyx-workbench/npc/vsrc/ysyx_25030085_if.v:33$44 in module ysyx_25030085_if.
Marked 1 switch rules as full_case in process $proc$/home/zzy/ysyx-workbench/npc/vsrc/ysyx_25030085_csr.v:30$42 in module ysyx_25030085_csr_regfile.
Marked 9 switch rules as full_case in process $proc$/home/zzy/ysyx-workbench/npc/vsrc/ysyx_25030085_idu.v:144$25 in module ysyx_25030085_id.
Marked 1 switch rules as full_case in process $proc$/home/zzy/ysyx-workbench/npc/vsrc/ysyx_25030085_idu.v:37$23 in module ysyx_25030085_id.
Marked 3 switch rules as full_case in process $proc$/home/zzy/ysyx-workbench/npc/vsrc/ysyx_25030085_wb.v:87$18 in module ysyx_25030085_wb.
Marked 1 switch rules as full_case in process $proc$/home/zzy/ysyx-workbench/npc/vsrc/ysyx_25030085_wb.v:40$16 in module ysyx_25030085_wb.
Removed a total of 1 dead cases.

11.2.3. Executing PROC_INIT pass (extract init attributes).

11.2.4. Executing PROC_ARST pass (detect async resets in processes).
Found async reset \reset in `\ysyx_25030085_lsu.$proc$/home/zzy/ysyx-workbench/npc/vsrc/ysyx_25030085_lsu.v:83$62'.
Found async reset \reset in `\ysyx_25030085_ex.$proc$/home/zzy/ysyx-workbench/npc/vsrc/ysyx_25030085_exu.v:36$48'.
Found async reset \reset in `\ysyx_25030085_if.$proc$/home/zzy/ysyx-workbench/npc/vsrc/ysyx_25030085_if.v:33$44'.
Found async reset \reset in `\ysyx_25030085_id.$proc$/home/zzy/ysyx-workbench/npc/vsrc/ysyx_25030085_idu.v:37$23'.
Found async reset \reset in `\ysyx_25030085_wb.$proc$/home/zzy/ysyx-workbench/npc/vsrc/ysyx_25030085_wb.v:87$18'.
Found async reset \reset in `\ysyx_25030085_wb.$proc$/home/zzy/ysyx-workbench/npc/vsrc/ysyx_25030085_wb.v:40$16'.

11.2.5. Executing PROC_MUX pass (convert decision trees to multiplexers).
Creating decoders for process `\ysyx_25030085_lsu.$proc$/home/zzy/ysyx-workbench/npc/vsrc/ysyx_25030085_lsu.v:189$70'.
     1/6: $2\lsu_wmask[3:0]
     2/6: $2\lsu_wdata[31:0]
     3/6: $1\lsu_wmask[3:0]
     4/6: $1\lsu_wdata[31:0]
     5/6: $0\lsu_wmask[3:0]
     6/6: $0\lsu_wdata[31:0]
Creating decoders for process `\ysyx_25030085_lsu.$proc$/home/zzy/ysyx-workbench/npc/vsrc/ysyx_25030085_lsu.v:152$68'.
     1/8: $2\lsu_addr[31:0]
     2/8: $1\lsu_addr[31:0]
     3/8: $4\lsu_size[1:0]
     4/8: $3\lsu_size[1:0]
     5/8: $2\lsu_size[1:0]
     6/8: $1\lsu_size[1:0]
     7/8: $0\lsu_addr[31:0]
     8/8: $0\lsu_size[1:0]
Creating decoders for process `\ysyx_25030085_lsu.$proc$/home/zzy/ysyx-workbench/npc/vsrc/ysyx_25030085_lsu.v:128$65'.
     1/4: $3\mem_rdata[31:0]
     2/4: $2\mem_rdata[31:0]
     3/4: $1\mem_rdata[31:0]
     4/4: $0\mem_rdata[31:0]
Creating decoders for process `\ysyx_25030085_lsu.$proc$/home/zzy/ysyx-workbench/npc/vsrc/ysyx_25030085_lsu.v:83$62'.
     1/9: $0\addr[31:0]
     2/9: $0\lsu_reqValid[0:0]
     3/9: $0\imm[31:0]
     4/9: $0\pc[31:0]
     5/9: $0\npc[31:0]
     6/9: $0\rd[3:0]
     7/9: $0\ctrl[11:0]
     8/9: $0\state[1:0]
     9/9: $0\wdata[31:0]
Creating decoders for process `\ysyx_25030085_ex.$proc$/home/zzy/ysyx-workbench/npc/vsrc/ysyx_25030085_exu.v:89$51'.
     1/2: $1\Alu_Result[31:0]
     2/2: $0\Alu_Result[31:0]
Creating decoders for process `\ysyx_25030085_ex.$proc$/home/zzy/ysyx-workbench/npc/vsrc/ysyx_25030085_exu.v:36$48'.
     1/7: $0\rs1_data[31:0]
     2/7: $0\rs2_data[31:0]
     3/7: $0\imm[31:0]
     4/7: $0\pc[31:0]
     5/7: $0\rd[3:0]
     6/7: $0\ctrl[11:0]
     7/7: $0\state[1:0]
Creating decoders for process `\ysyx_25030085_if.$proc$/home/zzy/ysyx-workbench/npc/vsrc/ysyx_25030085_if.v:71$45'.
     1/6: $3\pc[31:0]
     2/6: $1\inst[31:0]
     3/6: $1\out_valid[0:0]
     4/6: $0\inst[31:0]
     5/6: $2\pc[31:0]
     6/6: $0\out_valid[0:0]
Creating decoders for process `\ysyx_25030085_if.$proc$/home/zzy/ysyx-workbench/npc/vsrc/ysyx_25030085_if.v:33$44'.
     1/7: $1\pc[31:0]
     2/7: $0\pc[31:0]
     3/7: $0\inst_reg[31:0]
     4/7: $0\ifu_reqValid[0:0]
     5/7: $0\ifu_addr[31:0]
     6/7: $0\current_pc[31:0]
     7/7: $0\state[2:0]
Creating decoders for process `\ysyx_25030085_csr_regfile.$proc$/home/zzy/ysyx-workbench/npc/vsrc/ysyx_25030085_csr.v:30$42'.
     1/2: $0\mcycleh[31:0]
     2/2: $0\mcycle[31:0]
Creating decoders for process `\ysyx_25030085_id.$proc$/home/zzy/ysyx-workbench/npc/vsrc/ysyx_25030085_idu.v:144$25'.
     1/59: $7\RegWrite[0:0]
     2/59: $4\is_ebreak[0:0]
     3/59: $9\invalid[0:0]
     4/59: $3\is_ebreak[0:0]
     5/59: $8\invalid[0:0]
     6/59: $6\RegWrite[0:0]
     7/59: $3\csr_wen[0:0]
     8/59: $4\MemtoReg[2:0]
     9/59: $5\imm[31:0]
    10/59: $4\imm[31:0]
    11/59: $3\MemtoReg[2:0]
    12/59: $5\ALUSrc[0:0]
    13/59: $5\RegWrite[0:0]
    14/59: $3\Jump[0:0]
    15/59: $7\invalid[0:0]
    16/59: $4\MemOp[2:0]
    17/59: $6\invalid[0:0]
    18/59: $3\MemOp[2:0]
    19/59: $5\invalid[0:0]
    20/59: $3\imm[31:0]
    21/59: $4\ALUSrc[0:0]
    22/59: $4\RegWrite[0:0]
    23/59: $4\invalid[0:0]
    24/59: $3\ALUSrc[0:0]
    25/59: $3\RegWrite[0:0]
    26/59: $3\invalid[0:0]
    27/59: $2\ALUSrc[0:0]
    28/59: $2\invalid[0:0]
    29/59: $2\RegWrite[0:0]
    30/59: $2\csr_wen[0:0]
    31/59: $2\Jump[0:0]
    32/59: $2\MemOp[2:0]
    33/59: $2\MemRead[0:0]
    34/59: $2\MemWrite[0:0]
    35/59: $2\is_ebreak[0:0]
    36/59: $2\MemtoReg[2:0]
    37/59: $2\imm[31:0]
    38/59: $1\csr_wen[0:0]
    39/59: $1\ALUSrc[0:0]
    40/59: $1\Jump[0:0]
    41/59: $1\MemOp[2:0]
    42/59: $1\MemRead[0:0]
    43/59: $1\MemWrite[0:0]
    44/59: $1\is_ebreak[0:0]
    45/59: $1\invalid[0:0]
    46/59: $1\RegWrite[0:0]
    47/59: $1\MemtoReg[2:0]
    48/59: $1\imm[31:0]
    49/59: $0\csr_wen[0:0]
    50/59: $0\ALUSrc[0:0]
    51/59: $0\Jump[0:0]
    52/59: $0\MemOp[2:0]
    53/59: $0\MemRead[0:0]
    54/59: $0\MemWrite[0:0]
    55/59: $0\is_ebreak[0:0]
    56/59: $0\invalid[0:0]
    57/59: $0\RegWrite[0:0]
    58/59: $0\MemtoReg[2:0]
    59/59: $0\imm[31:0]
Creating decoders for process `\ysyx_25030085_id.$proc$/home/zzy/ysyx-workbench/npc/vsrc/ysyx_25030085_idu.v:37$23'.
     1/3: $0\inst[31:0]
     2/3: $0\pc[31:0]
     3/3: $0\state[1:0]
Creating decoders for process `\ysyx_25030085_wb.$proc$/home/zzy/ysyx-workbench/npc/vsrc/ysyx_25030085_wb.v:87$18'.
     1/2: $0\wb_data[31:0]
     2/2: $0\out_valid[0:0]
Creating decoders for process `\ysyx_25030085_wb.$proc$/home/zzy/ysyx-workbench/npc/vsrc/ysyx_25030085_wb.v:40$16'.
     1/9: $0\alu_result[31:0]
     2/9: $0\mem_rdata[31:0]
     3/9: $0\csr_rdata[31:0]
     4/9: $0\imm[31:0]
     5/9: $0\pc[31:0]
     6/9: $0\npc[31:0]
     7/9: $0\rd[3:0]
     8/9: $0\ctrl[11:0]
     9/9: $0\state[1:0]
Creating decoders for process `\ysyx_25030085_RegisterFile.$proc$/home/zzy/ysyx-workbench/npc/vsrc/ysyx_25030085_regfile.v:20$2'.
     1/3: $0$memwr$\rf$/home/zzy/ysyx-workbench/npc/vsrc/ysyx_25030085_regfile.v:22$1_EN[31:0]$5
     2/3: $0$memwr$\rf$/home/zzy/ysyx-workbench/npc/vsrc/ysyx_25030085_regfile.v:22$1_DATA[31:0]$4
     3/3: $0$memwr$\rf$/home/zzy/ysyx-workbench/npc/vsrc/ysyx_25030085_regfile.v:22$1_ADDR[3:0]$3

11.2.6. Executing PROC_DLATCH pass (convert process syncs to latches).
No latch inferred for signal `\ysyx_25030085_lsu.\lsu_wdata' from process `\ysyx_25030085_lsu.$proc$/home/zzy/ysyx-workbench/npc/vsrc/ysyx_25030085_lsu.v:189$70'.
No latch inferred for signal `\ysyx_25030085_lsu.\lsu_wmask' from process `\ysyx_25030085_lsu.$proc$/home/zzy/ysyx-workbench/npc/vsrc/ysyx_25030085_lsu.v:189$70'.
No latch inferred for signal `\ysyx_25030085_lsu.\lsu_addr' from process `\ysyx_25030085_lsu.$proc$/home/zzy/ysyx-workbench/npc/vsrc/ysyx_25030085_lsu.v:152$68'.
No latch inferred for signal `\ysyx_25030085_lsu.\lsu_size' from process `\ysyx_25030085_lsu.$proc$/home/zzy/ysyx-workbench/npc/vsrc/ysyx_25030085_lsu.v:152$68'.
No latch inferred for signal `\ysyx_25030085_ex.\Alu_Result' from process `\ysyx_25030085_ex.$proc$/home/zzy/ysyx-workbench/npc/vsrc/ysyx_25030085_exu.v:89$51'.
No latch inferred for signal `\ysyx_25030085_if.\out_valid' from process `\ysyx_25030085_if.$proc$/home/zzy/ysyx-workbench/npc/vsrc/ysyx_25030085_if.v:71$45'.
Latch inferred for signal `\ysyx_25030085_if.\pc' from process `\ysyx_25030085_if.$proc$/home/zzy/ysyx-workbench/npc/vsrc/ysyx_25030085_if.v:71$45': $auto$proc_dlatch.cc:409:proc_dlatch$841
Latch inferred for signal `\ysyx_25030085_if.\inst' from process `\ysyx_25030085_if.$proc$/home/zzy/ysyx-workbench/npc/vsrc/ysyx_25030085_if.v:71$45': $auto$proc_dlatch.cc:409:proc_dlatch$852
No latch inferred for signal `\ysyx_25030085_id.\imm' from process `\ysyx_25030085_id.$proc$/home/zzy/ysyx-workbench/npc/vsrc/ysyx_25030085_idu.v:144$25'.
No latch inferred for signal `\ysyx_25030085_id.\MemtoReg' from process `\ysyx_25030085_id.$proc$/home/zzy/ysyx-workbench/npc/vsrc/ysyx_25030085_idu.v:144$25'.
No latch inferred for signal `\ysyx_25030085_id.\RegWrite' from process `\ysyx_25030085_id.$proc$/home/zzy/ysyx-workbench/npc/vsrc/ysyx_25030085_idu.v:144$25'.
No latch inferred for signal `\ysyx_25030085_id.\invalid' from process `\ysyx_25030085_id.$proc$/home/zzy/ysyx-workbench/npc/vsrc/ysyx_25030085_idu.v:144$25'.
No latch inferred for signal `\ysyx_25030085_id.\is_ebreak' from process `\ysyx_25030085_id.$proc$/home/zzy/ysyx-workbench/npc/vsrc/ysyx_25030085_idu.v:144$25'.
No latch inferred for signal `\ysyx_25030085_id.\MemWrite' from process `\ysyx_25030085_id.$proc$/home/zzy/ysyx-workbench/npc/vsrc/ysyx_25030085_idu.v:144$25'.
No latch inferred for signal `\ysyx_25030085_id.\MemRead' from process `\ysyx_25030085_id.$proc$/home/zzy/ysyx-workbench/npc/vsrc/ysyx_25030085_idu.v:144$25'.
No latch inferred for signal `\ysyx_25030085_id.\MemOp' from process `\ysyx_25030085_id.$proc$/home/zzy/ysyx-workbench/npc/vsrc/ysyx_25030085_idu.v:144$25'.
No latch inferred for signal `\ysyx_25030085_id.\Jump' from process `\ysyx_25030085_id.$proc$/home/zzy/ysyx-workbench/npc/vsrc/ysyx_25030085_idu.v:144$25'.
No latch inferred for signal `\ysyx_25030085_id.\ALUSrc' from process `\ysyx_25030085_id.$proc$/home/zzy/ysyx-workbench/npc/vsrc/ysyx_25030085_idu.v:144$25'.
No latch inferred for signal `\ysyx_25030085_id.\csr_wen' from process `\ysyx_25030085_id.$proc$/home/zzy/ysyx-workbench/npc/vsrc/ysyx_25030085_idu.v:144$25'.

11.2.7. Executing PROC_DFF pass (convert process syncs to FFs).
Creating register for signal `\ysyx_25030085_lsu.\mem_rdata' using process `\ysyx_25030085_lsu.$proc$/home/zzy/ysyx-workbench/npc/vsrc/ysyx_25030085_lsu.v:128$65'.
  created $dff cell `$procdff$853' with positive edge clock.
Creating register for signal `\ysyx_25030085_lsu.\wdata' using process `\ysyx_25030085_lsu.$proc$/home/zzy/ysyx-workbench/npc/vsrc/ysyx_25030085_lsu.v:83$62'.
  created $adff cell `$procdff$854' with positive edge clock and positive level reset.
Creating register for signal `\ysyx_25030085_lsu.\state' using process `\ysyx_25030085_lsu.$proc$/home/zzy/ysyx-workbench/npc/vsrc/ysyx_25030085_lsu.v:83$62'.
  created $adff cell `$procdff$855' with positive edge clock and positive level reset.
Creating register for signal `\ysyx_25030085_lsu.\ctrl' using process `\ysyx_25030085_lsu.$proc$/home/zzy/ysyx-workbench/npc/vsrc/ysyx_25030085_lsu.v:83$62'.
  created $adff cell `$procdff$856' with positive edge clock and positive level reset.
Creating register for signal `\ysyx_25030085_lsu.\rd' using process `\ysyx_25030085_lsu.$proc$/home/zzy/ysyx-workbench/npc/vsrc/ysyx_25030085_lsu.v:83$62'.
  created $dff cell `$procdff$857' with positive edge clock.
Creating register for signal `\ysyx_25030085_lsu.\npc' using process `\ysyx_25030085_lsu.$proc$/home/zzy/ysyx-workbench/npc/vsrc/ysyx_25030085_lsu.v:83$62'.
  created $dff cell `$procdff$858' with positive edge clock.
Creating register for signal `\ysyx_25030085_lsu.\pc' using process `\ysyx_25030085_lsu.$proc$/home/zzy/ysyx-workbench/npc/vsrc/ysyx_25030085_lsu.v:83$62'.
  created $dff cell `$procdff$859' with positive edge clock.
Creating register for signal `\ysyx_25030085_lsu.\imm' using process `\ysyx_25030085_lsu.$proc$/home/zzy/ysyx-workbench/npc/vsrc/ysyx_25030085_lsu.v:83$62'.
  created $dff cell `$procdff$860' with positive edge clock.
Creating register for signal `\ysyx_25030085_lsu.\lsu_reqValid' using process `\ysyx_25030085_lsu.$proc$/home/zzy/ysyx-workbench/npc/vsrc/ysyx_25030085_lsu.v:83$62'.
  created $dff cell `$procdff$861' with positive edge clock.
Creating register for signal `\ysyx_25030085_lsu.\addr' using process `\ysyx_25030085_lsu.$proc$/home/zzy/ysyx-workbench/npc/vsrc/ysyx_25030085_lsu.v:83$62'.
  created $adff cell `$procdff$862' with positive edge clock and positive level reset.
Creating register for signal `\ysyx_25030085_ex.\state' using process `\ysyx_25030085_ex.$proc$/home/zzy/ysyx-workbench/npc/vsrc/ysyx_25030085_exu.v:36$48'.
  created $adff cell `$procdff$863' with positive edge clock and positive level reset.
Creating register for signal `\ysyx_25030085_ex.\ctrl' using process `\ysyx_25030085_ex.$proc$/home/zzy/ysyx-workbench/npc/vsrc/ysyx_25030085_exu.v:36$48'.
  created $adff cell `$procdff$864' with positive edge clock and positive level reset.
Creating register for signal `\ysyx_25030085_ex.\rd' using process `\ysyx_25030085_ex.$proc$/home/zzy/ysyx-workbench/npc/vsrc/ysyx_25030085_exu.v:36$48'.
  created $adff cell `$procdff$865' with positive edge clock and positive level reset.
Creating register for signal `\ysyx_25030085_ex.\pc' using process `\ysyx_25030085_ex.$proc$/home/zzy/ysyx-workbench/npc/vsrc/ysyx_25030085_exu.v:36$48'.
  created $adff cell `$procdff$866' with positive edge clock and positive level reset.
Creating register for signal `\ysyx_25030085_ex.\imm' using process `\ysyx_25030085_ex.$proc$/home/zzy/ysyx-workbench/npc/vsrc/ysyx_25030085_exu.v:36$48'.
  created $adff cell `$procdff$867' with positive edge clock and positive level reset.
Creating register for signal `\ysyx_25030085_ex.\rs2_data' using process `\ysyx_25030085_ex.$proc$/home/zzy/ysyx-workbench/npc/vsrc/ysyx_25030085_exu.v:36$48'.
  created $adff cell `$procdff$868' with positive edge clock and positive level reset.
Creating register for signal `\ysyx_25030085_ex.\rs1_data' using process `\ysyx_25030085_ex.$proc$/home/zzy/ysyx-workbench/npc/vsrc/ysyx_25030085_exu.v:36$48'.
  created $adff cell `$procdff$869' with positive edge clock and positive level reset.
Creating register for signal `\ysyx_25030085_if.\state' using process `\ysyx_25030085_if.$proc$/home/zzy/ysyx-workbench/npc/vsrc/ysyx_25030085_if.v:33$44'.
  created $adff cell `$procdff$870' with positive edge clock and positive level reset.
Creating register for signal `\ysyx_25030085_if.\pc' using process `\ysyx_25030085_if.$proc$/home/zzy/ysyx-workbench/npc/vsrc/ysyx_25030085_if.v:33$44'.
  created $adff cell `$procdff$871' with positive edge clock and positive level reset.
Creating register for signal `\ysyx_25030085_if.\current_pc' using process `\ysyx_25030085_if.$proc$/home/zzy/ysyx-workbench/npc/vsrc/ysyx_25030085_if.v:33$44'.
  created $adff cell `$procdff$872' with positive edge clock and positive level reset.
Creating register for signal `\ysyx_25030085_if.\ifu_addr' using process `\ysyx_25030085_if.$proc$/home/zzy/ysyx-workbench/npc/vsrc/ysyx_25030085_if.v:33$44'.
  created $dff cell `$procdff$873' with positive edge clock.
Creating register for signal `\ysyx_25030085_if.\ifu_reqValid' using process `\ysyx_25030085_if.$proc$/home/zzy/ysyx-workbench/npc/vsrc/ysyx_25030085_if.v:33$44'.
  created $adff cell `$procdff$874' with positive edge clock and positive level reset.
Creating register for signal `\ysyx_25030085_if.\inst_reg' using process `\ysyx_25030085_if.$proc$/home/zzy/ysyx-workbench/npc/vsrc/ysyx_25030085_if.v:33$44'.
  created $dff cell `$procdff$875' with positive edge clock.
Creating register for signal `\ysyx_25030085_csr_regfile.\mcycle' using process `\ysyx_25030085_csr_regfile.$proc$/home/zzy/ysyx-workbench/npc/vsrc/ysyx_25030085_csr.v:30$42'.
  created $dff cell `$procdff$876' with positive edge clock.
Creating register for signal `\ysyx_25030085_csr_regfile.\mcycleh' using process `\ysyx_25030085_csr_regfile.$proc$/home/zzy/ysyx-workbench/npc/vsrc/ysyx_25030085_csr.v:30$42'.
  created $dff cell `$procdff$877' with positive edge clock.
Creating register for signal `\ysyx_25030085_id.\state' using process `\ysyx_25030085_id.$proc$/home/zzy/ysyx-workbench/npc/vsrc/ysyx_25030085_idu.v:37$23'.
  created $adff cell `$procdff$878' with positive edge clock and positive level reset.
Creating register for signal `\ysyx_25030085_id.\pc' using process `\ysyx_25030085_id.$proc$/home/zzy/ysyx-workbench/npc/vsrc/ysyx_25030085_idu.v:37$23'.
  created $adff cell `$procdff$879' with positive edge clock and positive level reset.
Creating register for signal `\ysyx_25030085_id.\inst' using process `\ysyx_25030085_id.$proc$/home/zzy/ysyx-workbench/npc/vsrc/ysyx_25030085_idu.v:37$23'.
  created $adff cell `$procdff$880' with positive edge clock and positive level reset.
Creating register for signal `\ysyx_25030085_wb.\out_valid' using process `\ysyx_25030085_wb.$proc$/home/zzy/ysyx-workbench/npc/vsrc/ysyx_25030085_wb.v:87$18'.
  created $dff cell `$procdff$881' with positive edge clock.
Creating register for signal `\ysyx_25030085_wb.\wb_data' using process `\ysyx_25030085_wb.$proc$/home/zzy/ysyx-workbench/npc/vsrc/ysyx_25030085_wb.v:87$18'.
  created $adff cell `$procdff$882' with positive edge clock and positive level reset.
Creating register for signal `\ysyx_25030085_wb.\state' using process `\ysyx_25030085_wb.$proc$/home/zzy/ysyx-workbench/npc/vsrc/ysyx_25030085_wb.v:40$16'.
  created $adff cell `$procdff$883' with positive edge clock and positive level reset.
Creating register for signal `\ysyx_25030085_wb.\ctrl' using process `\ysyx_25030085_wb.$proc$/home/zzy/ysyx-workbench/npc/vsrc/ysyx_25030085_wb.v:40$16'.
  created $dff cell `$procdff$884' with positive edge clock.
Creating register for signal `\ysyx_25030085_wb.\rd' using process `\ysyx_25030085_wb.$proc$/home/zzy/ysyx-workbench/npc/vsrc/ysyx_25030085_wb.v:40$16'.
  created $dff cell `$procdff$885' with positive edge clock.
Creating register for signal `\ysyx_25030085_wb.\npc' using process `\ysyx_25030085_wb.$proc$/home/zzy/ysyx-workbench/npc/vsrc/ysyx_25030085_wb.v:40$16'.
  created $adff cell `$procdff$886' with positive edge clock and positive level reset.
Creating register for signal `\ysyx_25030085_wb.\pc' using process `\ysyx_25030085_wb.$proc$/home/zzy/ysyx-workbench/npc/vsrc/ysyx_25030085_wb.v:40$16'.
  created $adff cell `$procdff$887' with positive edge clock and positive level reset.
Creating register for signal `\ysyx_25030085_wb.\imm' using process `\ysyx_25030085_wb.$proc$/home/zzy/ysyx-workbench/npc/vsrc/ysyx_25030085_wb.v:40$16'.
  created $adff cell `$procdff$888' with positive edge clock and positive level reset.
Creating register for signal `\ysyx_25030085_wb.\csr_rdata' using process `\ysyx_25030085_wb.$proc$/home/zzy/ysyx-workbench/npc/vsrc/ysyx_25030085_wb.v:40$16'.
  created $adff cell `$procdff$889' with positive edge clock and positive level reset.
Creating register for signal `\ysyx_25030085_wb.\mem_rdata' using process `\ysyx_25030085_wb.$proc$/home/zzy/ysyx-workbench/npc/vsrc/ysyx_25030085_wb.v:40$16'.
  created $adff cell `$procdff$890' with positive edge clock and positive level reset.
Creating register for signal `\ysyx_25030085_wb.\alu_result' using process `\ysyx_25030085_wb.$proc$/home/zzy/ysyx-workbench/npc/vsrc/ysyx_25030085_wb.v:40$16'.
  created $adff cell `$procdff$891' with positive edge clock and positive level reset.
Creating register for signal `\ysyx_25030085_RegisterFile.$memwr$\rf$/home/zzy/ysyx-workbench/npc/vsrc/ysyx_25030085_regfile.v:22$1_ADDR' using process `\ysyx_25030085_RegisterFile.$proc$/home/zzy/ysyx-workbench/npc/vsrc/ysyx_25030085_regfile.v:20$2'.
  created $dff cell `$procdff$892' with positive edge clock.
Creating register for signal `\ysyx_25030085_RegisterFile.$memwr$\rf$/home/zzy/ysyx-workbench/npc/vsrc/ysyx_25030085_regfile.v:22$1_DATA' using process `\ysyx_25030085_RegisterFile.$proc$/home/zzy/ysyx-workbench/npc/vsrc/ysyx_25030085_regfile.v:20$2'.
  created $dff cell `$procdff$893' with positive edge clock.
Creating register for signal `\ysyx_25030085_RegisterFile.$memwr$\rf$/home/zzy/ysyx-workbench/npc/vsrc/ysyx_25030085_regfile.v:22$1_EN' using process `\ysyx_25030085_RegisterFile.$proc$/home/zzy/ysyx-workbench/npc/vsrc/ysyx_25030085_regfile.v:20$2'.
  created $dff cell `$procdff$894' with positive edge clock.

11.2.8. Executing PROC_CLEAN pass (remove empty switches from decision trees).
Found and cleaned up 2 empty switches in `\ysyx_25030085_lsu.$proc$/home/zzy/ysyx-workbench/npc/vsrc/ysyx_25030085_lsu.v:189$70'.
Removing empty process `ysyx_25030085_lsu.$proc$/home/zzy/ysyx-workbench/npc/vsrc/ysyx_25030085_lsu.v:189$70'.
Found and cleaned up 6 empty switches in `\ysyx_25030085_lsu.$proc$/home/zzy/ysyx-workbench/npc/vsrc/ysyx_25030085_lsu.v:152$68'.
Removing empty process `ysyx_25030085_lsu.$proc$/home/zzy/ysyx-workbench/npc/vsrc/ysyx_25030085_lsu.v:152$68'.
Found and cleaned up 3 empty switches in `\ysyx_25030085_lsu.$proc$/home/zzy/ysyx-workbench/npc/vsrc/ysyx_25030085_lsu.v:128$65'.
Removing empty process `ysyx_25030085_lsu.$proc$/home/zzy/ysyx-workbench/npc/vsrc/ysyx_25030085_lsu.v:128$65'.
Found and cleaned up 5 empty switches in `\ysyx_25030085_lsu.$proc$/home/zzy/ysyx-workbench/npc/vsrc/ysyx_25030085_lsu.v:83$62'.
Removing empty process `ysyx_25030085_lsu.$proc$/home/zzy/ysyx-workbench/npc/vsrc/ysyx_25030085_lsu.v:83$62'.
Found and cleaned up 1 empty switch in `\ysyx_25030085_ex.$proc$/home/zzy/ysyx-workbench/npc/vsrc/ysyx_25030085_exu.v:89$51'.
Removing empty process `ysyx_25030085_ex.$proc$/home/zzy/ysyx-workbench/npc/vsrc/ysyx_25030085_exu.v:89$51'.
Found and cleaned up 3 empty switches in `\ysyx_25030085_ex.$proc$/home/zzy/ysyx-workbench/npc/vsrc/ysyx_25030085_exu.v:36$48'.
Removing empty process `ysyx_25030085_ex.$proc$/home/zzy/ysyx-workbench/npc/vsrc/ysyx_25030085_exu.v:36$48'.
Found and cleaned up 1 empty switch in `\ysyx_25030085_if.$proc$/home/zzy/ysyx-workbench/npc/vsrc/ysyx_25030085_if.v:71$45'.
Removing empty process `ysyx_25030085_if.$proc$/home/zzy/ysyx-workbench/npc/vsrc/ysyx_25030085_if.v:71$45'.
Found and cleaned up 4 empty switches in `\ysyx_25030085_if.$proc$/home/zzy/ysyx-workbench/npc/vsrc/ysyx_25030085_if.v:33$44'.
Removing empty process `ysyx_25030085_if.$proc$/home/zzy/ysyx-workbench/npc/vsrc/ysyx_25030085_if.v:33$44'.
Found and cleaned up 1 empty switch in `\ysyx_25030085_csr_regfile.$proc$/home/zzy/ysyx-workbench/npc/vsrc/ysyx_25030085_csr.v:30$42'.
Removing empty process `ysyx_25030085_csr_regfile.$proc$/home/zzy/ysyx-workbench/npc/vsrc/ysyx_25030085_csr.v:30$42'.
Found and cleaned up 9 empty switches in `\ysyx_25030085_id.$proc$/home/zzy/ysyx-workbench/npc/vsrc/ysyx_25030085_idu.v:144$25'.
Removing empty process `ysyx_25030085_id.$proc$/home/zzy/ysyx-workbench/npc/vsrc/ysyx_25030085_idu.v:144$25'.
Found and cleaned up 3 empty switches in `\ysyx_25030085_id.$proc$/home/zzy/ysyx-workbench/npc/vsrc/ysyx_25030085_idu.v:37$23'.
Removing empty process `ysyx_25030085_id.$proc$/home/zzy/ysyx-workbench/npc/vsrc/ysyx_25030085_idu.v:37$23'.
Found and cleaned up 2 empty switches in `\ysyx_25030085_wb.$proc$/home/zzy/ysyx-workbench/npc/vsrc/ysyx_25030085_wb.v:87$18'.
Removing empty process `ysyx_25030085_wb.$proc$/home/zzy/ysyx-workbench/npc/vsrc/ysyx_25030085_wb.v:87$18'.
Found and cleaned up 2 empty switches in `\ysyx_25030085_wb.$proc$/home/zzy/ysyx-workbench/npc/vsrc/ysyx_25030085_wb.v:40$16'.
Removing empty process `ysyx_25030085_wb.$proc$/home/zzy/ysyx-workbench/npc/vsrc/ysyx_25030085_wb.v:40$16'.
Found and cleaned up 1 empty switch in `\ysyx_25030085_RegisterFile.$proc$/home/zzy/ysyx-workbench/npc/vsrc/ysyx_25030085_regfile.v:20$2'.
Removing empty process `ysyx_25030085_RegisterFile.$proc$/home/zzy/ysyx-workbench/npc/vsrc/ysyx_25030085_regfile.v:20$2'.
Cleaned up 43 empty switches.

11.3. Executing OPT_EXPR pass (perform const folding).
Optimizing module ysyx_25030085_lsu.
<suppressed ~16 debug messages>
Optimizing module ysyx_25030085_ex.
<suppressed ~8 debug messages>
Optimizing module ysyx_25030085_if.
<suppressed ~13 debug messages>
Optimizing module ysyx_25030085.
Optimizing module ysyx_25030085_csr_regfile.
Optimizing module ysyx_25030085_id.
<suppressed ~15 debug messages>
Optimizing module ysyx_25030085_wb.
<suppressed ~11 debug messages>
Optimizing module ysyx_25030085_RegisterFile.
<suppressed ~3 debug messages>

11.4. Executing OPT_CLEAN pass (remove unused cells and wires).
Finding unused cells or wires in module \ysyx_25030085_lsu..
Finding unused cells or wires in module \ysyx_25030085_ex..
Finding unused cells or wires in module \ysyx_25030085_if..
Finding unused cells or wires in module \ysyx_25030085..
Finding unused cells or wires in module \ysyx_25030085_csr_regfile..
Finding unused cells or wires in module \ysyx_25030085_id..
Finding unused cells or wires in module \ysyx_25030085_wb..
Finding unused cells or wires in module \ysyx_25030085_RegisterFile..
Removed 64 unused cells and 357 unused wires.
<suppressed ~75 debug messages>

11.5. Executing CHECK pass (checking for obvious problems).
checking module ysyx_25030085..
checking module ysyx_25030085_RegisterFile..
checking module ysyx_25030085_csr_regfile..
checking module ysyx_25030085_ex..
checking module ysyx_25030085_id..
checking module ysyx_25030085_if..
Warning: multiple conflicting drivers for ysyx_25030085_if.\pc [31]:
    port Q[31] of cell $auto$proc_dlatch.cc:409:proc_dlatch$841 ($dlatch)
    port Q[31] of cell $procdff$871 ($adff)
Warning: multiple conflicting drivers for ysyx_25030085_if.\pc [30]:
    port Q[30] of cell $auto$proc_dlatch.cc:409:proc_dlatch$841 ($dlatch)
    port Q[30] of cell $procdff$871 ($adff)
Warning: multiple conflicting drivers for ysyx_25030085_if.\pc [29]:
    port Q[29] of cell $auto$proc_dlatch.cc:409:proc_dlatch$841 ($dlatch)
    port Q[29] of cell $procdff$871 ($adff)
Warning: multiple conflicting drivers for ysyx_25030085_if.\pc [28]:
    port Q[28] of cell $auto$proc_dlatch.cc:409:proc_dlatch$841 ($dlatch)
    port Q[28] of cell $procdff$871 ($adff)
Warning: multiple conflicting drivers for ysyx_25030085_if.\pc [27]:
    port Q[27] of cell $auto$proc_dlatch.cc:409:proc_dlatch$841 ($dlatch)
    port Q[27] of cell $procdff$871 ($adff)
Warning: multiple conflicting drivers for ysyx_25030085_if.\pc [26]:
    port Q[26] of cell $auto$proc_dlatch.cc:409:proc_dlatch$841 ($dlatch)
    port Q[26] of cell $procdff$871 ($adff)
Warning: multiple conflicting drivers for ysyx_25030085_if.\pc [25]:
    port Q[25] of cell $auto$proc_dlatch.cc:409:proc_dlatch$841 ($dlatch)
    port Q[25] of cell $procdff$871 ($adff)
Warning: multiple conflicting drivers for ysyx_25030085_if.\pc [24]:
    port Q[24] of cell $auto$proc_dlatch.cc:409:proc_dlatch$841 ($dlatch)
    port Q[24] of cell $procdff$871 ($adff)
Warning: multiple conflicting drivers for ysyx_25030085_if.\pc [23]:
    port Q[23] of cell $auto$proc_dlatch.cc:409:proc_dlatch$841 ($dlatch)
    port Q[23] of cell $procdff$871 ($adff)
Warning: multiple conflicting drivers for ysyx_25030085_if.\pc [22]:
    port Q[22] of cell $auto$proc_dlatch.cc:409:proc_dlatch$841 ($dlatch)
    port Q[22] of cell $procdff$871 ($adff)
Warning: multiple conflicting drivers for ysyx_25030085_if.\pc [21]:
    port Q[21] of cell $auto$proc_dlatch.cc:409:proc_dlatch$841 ($dlatch)
    port Q[21] of cell $procdff$871 ($adff)
Warning: multiple conflicting drivers for ysyx_25030085_if.\pc [20]:
    port Q[20] of cell $auto$proc_dlatch.cc:409:proc_dlatch$841 ($dlatch)
    port Q[20] of cell $procdff$871 ($adff)
Warning: multiple conflicting drivers for ysyx_25030085_if.\pc [19]:
    port Q[19] of cell $auto$proc_dlatch.cc:409:proc_dlatch$841 ($dlatch)
    port Q[19] of cell $procdff$871 ($adff)
Warning: multiple conflicting drivers for ysyx_25030085_if.\pc [18]:
    port Q[18] of cell $auto$proc_dlatch.cc:409:proc_dlatch$841 ($dlatch)
    port Q[18] of cell $procdff$871 ($adff)
Warning: multiple conflicting drivers for ysyx_25030085_if.\pc [17]:
    port Q[17] of cell $auto$proc_dlatch.cc:409:proc_dlatch$841 ($dlatch)
    port Q[17] of cell $procdff$871 ($adff)
Warning: multiple conflicting drivers for ysyx_25030085_if.\pc [16]:
    port Q[16] of cell $auto$proc_dlatch.cc:409:proc_dlatch$841 ($dlatch)
    port Q[16] of cell $procdff$871 ($adff)
Warning: multiple conflicting drivers for ysyx_25030085_if.\pc [15]:
    port Q[15] of cell $auto$proc_dlatch.cc:409:proc_dlatch$841 ($dlatch)
    port Q[15] of cell $procdff$871 ($adff)
Warning: multiple conflicting drivers for ysyx_25030085_if.\pc [14]:
    port Q[14] of cell $auto$proc_dlatch.cc:409:proc_dlatch$841 ($dlatch)
    port Q[14] of cell $procdff$871 ($adff)
Warning: multiple conflicting drivers for ysyx_25030085_if.\pc [13]:
    port Q[13] of cell $auto$proc_dlatch.cc:409:proc_dlatch$841 ($dlatch)
    port Q[13] of cell $procdff$871 ($adff)
Warning: multiple conflicting drivers for ysyx_25030085_if.\pc [12]:
    port Q[12] of cell $auto$proc_dlatch.cc:409:proc_dlatch$841 ($dlatch)
    port Q[12] of cell $procdff$871 ($adff)
Warning: multiple conflicting drivers for ysyx_25030085_if.\pc [11]:
    port Q[11] of cell $auto$proc_dlatch.cc:409:proc_dlatch$841 ($dlatch)
    port Q[11] of cell $procdff$871 ($adff)
Warning: multiple conflicting drivers for ysyx_25030085_if.\pc [10]:
    port Q[10] of cell $auto$proc_dlatch.cc:409:proc_dlatch$841 ($dlatch)
    port Q[10] of cell $procdff$871 ($adff)
Warning: multiple conflicting drivers for ysyx_25030085_if.\pc [9]:
    port Q[9] of cell $auto$proc_dlatch.cc:409:proc_dlatch$841 ($dlatch)
    port Q[9] of cell $procdff$871 ($adff)
Warning: multiple conflicting drivers for ysyx_25030085_if.\pc [8]:
    port Q[8] of cell $auto$proc_dlatch.cc:409:proc_dlatch$841 ($dlatch)
    port Q[8] of cell $procdff$871 ($adff)
Warning: multiple conflicting drivers for ysyx_25030085_if.\pc [7]:
    port Q[7] of cell $auto$proc_dlatch.cc:409:proc_dlatch$841 ($dlatch)
    port Q[7] of cell $procdff$871 ($adff)
Warning: multiple conflicting drivers for ysyx_25030085_if.\pc [6]:
    port Q[6] of cell $auto$proc_dlatch.cc:409:proc_dlatch$841 ($dlatch)
    port Q[6] of cell $procdff$871 ($adff)
Warning: multiple conflicting drivers for ysyx_25030085_if.\pc [5]:
    port Q[5] of cell $auto$proc_dlatch.cc:409:proc_dlatch$841 ($dlatch)
    port Q[5] of cell $procdff$871 ($adff)
Warning: multiple conflicting drivers for ysyx_25030085_if.\pc [4]:
    port Q[4] of cell $auto$proc_dlatch.cc:409:proc_dlatch$841 ($dlatch)
    port Q[4] of cell $procdff$871 ($adff)
Warning: multiple conflicting drivers for ysyx_25030085_if.\pc [3]:
    port Q[3] of cell $auto$proc_dlatch.cc:409:proc_dlatch$841 ($dlatch)
    port Q[3] of cell $procdff$871 ($adff)
Warning: multiple conflicting drivers for ysyx_25030085_if.\pc [2]:
    port Q[2] of cell $auto$proc_dlatch.cc:409:proc_dlatch$841 ($dlatch)
    port Q[2] of cell $procdff$871 ($adff)
Warning: multiple conflicting drivers for ysyx_25030085_if.\pc [1]:
    port Q[1] of cell $auto$proc_dlatch.cc:409:proc_dlatch$841 ($dlatch)
    port Q[1] of cell $procdff$871 ($adff)
Warning: multiple conflicting drivers for ysyx_25030085_if.\pc [0]:
    port Q[0] of cell $auto$proc_dlatch.cc:409:proc_dlatch$841 ($dlatch)
    port Q[0] of cell $procdff$871 ($adff)
checking module ysyx_25030085_lsu..
checking module ysyx_25030085_wb..
found and reported 32 problems.

11.6. Executing OPT pass (performing simple optimizations).

11.6.1. Executing OPT_EXPR pass (perform const folding).
Optimizing module ysyx_25030085.
Optimizing module ysyx_25030085_RegisterFile.
Optimizing module ysyx_25030085_csr_regfile.
Optimizing module ysyx_25030085_ex.
Optimizing module ysyx_25030085_id.
Optimizing module ysyx_25030085_if.
Optimizing module ysyx_25030085_lsu.
Optimizing module ysyx_25030085_wb.

11.6.2. Executing OPT_MERGE pass (detect identical cells).
Finding identical cells in module `\ysyx_25030085'.
Finding identical cells in module `\ysyx_25030085_RegisterFile'.
Finding identical cells in module `\ysyx_25030085_csr_regfile'.
Finding identical cells in module `\ysyx_25030085_ex'.
<suppressed ~27 debug messages>
Finding identical cells in module `\ysyx_25030085_id'.
<suppressed ~153 debug messages>
Finding identical cells in module `\ysyx_25030085_if'.
<suppressed ~24 debug messages>
Finding identical cells in module `\ysyx_25030085_lsu'.
<suppressed ~57 debug messages>
Finding identical cells in module `\ysyx_25030085_wb'.
<suppressed ~30 debug messages>
Removed a total of 97 cells.

11.6.3. Executing OPT_MUXTREE pass (detect dead branches in mux trees).
Running muxtree optimizer on module \ysyx_25030085..
  Creating internal representation of mux trees.
  No muxes found in this module.
Running muxtree optimizer on module \ysyx_25030085_RegisterFile..
  Creating internal representation of mux trees.
  Evaluating internal representation of mux trees.
  Analyzing evaluation results.
Running muxtree optimizer on module \ysyx_25030085_csr_regfile..
  Creating internal representation of mux trees.
  Evaluating internal representation of mux trees.
  Analyzing evaluation results.
Running muxtree optimizer on module \ysyx_25030085_ex..
  Creating internal representation of mux trees.
  Evaluating internal representation of mux trees.
  Analyzing evaluation results.
Running muxtree optimizer on module \ysyx_25030085_id..
  Creating internal representation of mux trees.
  Evaluating internal representation of mux trees.
  Analyzing evaluation results.
    dead port 2/2 on $mux $procmux$431.
    dead port 2/2 on $mux $procmux$308.
    dead port 2/2 on $mux $procmux$433.
    dead port 2/2 on $mux $procmux$441.
    dead port 2/2 on $mux $procmux$443.
    dead port 2/2 on $mux $procmux$463.
    dead port 2/2 on $mux $procmux$465.
    dead port 2/2 on $mux $procmux$310.
    dead port 2/2 on $mux $procmux$488.
    dead port 2/2 on $mux $procmux$490.
    dead port 2/2 on $mux $procmux$515.
    dead port 2/2 on $mux $procmux$517.
    dead port 2/2 on $mux $procmux$529.
    dead port 2/2 on $mux $procmux$531.
    dead port 2/2 on $mux $procmux$543.
    dead port 2/2 on $mux $procmux$545.
    dead port 2/2 on $mux $procmux$571.
    dead port 2/2 on $mux $procmux$573.
    dead port 2/2 on $mux $procmux$586.
    dead port 2/2 on $mux $procmux$588.
    dead port 2/2 on $mux $procmux$364.
    dead port 2/2 on $mux $procmux$366.
    dead port 2/2 on $mux $procmux$615.
    dead port 2/2 on $mux $procmux$373.
    dead port 2/2 on $mux $procmux$375.
    dead port 2/2 on $mux $procmux$382.
    dead port 2/2 on $mux $procmux$638.
    dead port 2/2 on $mux $procmux$644.
    dead port 2/2 on $mux $procmux$384.
    dead port 2/2 on $mux $procmux$651.
    dead port 2/2 on $mux $procmux$660.
    dead port 2/2 on $mux $procmux$391.
    dead port 2/2 on $mux $procmux$669.
    dead port 2/2 on $mux $procmux$677.
    dead port 2/2 on $mux $procmux$393.
    dead port 2/2 on $mux $procmux$401.
    dead port 2/2 on $mux $procmux$692.
    dead port 2/2 on $mux $procmux$403.
    dead port 2/2 on $mux $procmux$411.
    dead port 2/2 on $mux $procmux$306.
    dead port 2/2 on $mux $procmux$413.
    dead port 2/2 on $mux $procmux$703.
    dead port 2/2 on $mux $procmux$421.
    dead port 2/2 on $mux $procmux$423.
Running muxtree optimizer on module \ysyx_25030085_if..
  Creating internal representation of mux trees.
  Evaluating internal representation of mux trees.
  Analyzing evaluation results.
Running muxtree optimizer on module \ysyx_25030085_lsu..
  Creating internal representation of mux trees.
  Evaluating internal representation of mux trees.
  Analyzing evaluation results.
    dead port 2/2 on $mux $procmux$100.
    dead port 2/2 on $mux $procmux$110.
    dead port 2/2 on $mux $procmux$120.
    dead port 2/2 on $mux $procmux$132.
    dead port 2/2 on $mux $procmux$134.
    dead port 2/2 on $mux $procmux$141.
    dead port 2/2 on $mux $procmux$82.
    dead port 2/2 on $mux $procmux$88.
Running muxtree optimizer on module \ysyx_25030085_wb..
  Creating internal representation of mux trees.
  Evaluating internal representation of mux trees.
  Analyzing evaluation results.
Removed 52 multiplexer ports.
<suppressed ~61 debug messages>

11.6.4. Executing OPT_REDUCE pass (consolidate $*mux and $reduce_* inputs).
  Optimizing cells in module \ysyx_25030085.
  Optimizing cells in module \ysyx_25030085_RegisterFile.
    Consolidated identical input bits for $mux cell $procmux$825:
      Old ports: A=0, B=32'11111111111111111111111111111111, Y=$0$memwr$\rf$/home/zzy/ysyx-workbench/npc/vsrc/ysyx_25030085_regfile.v:22$1_EN[31:0]$5
      New ports: A=1'0, B=1'1, Y=$0$memwr$\rf$/home/zzy/ysyx-workbench/npc/vsrc/ysyx_25030085_regfile.v:22$1_EN[31:0]$5 [0]
      New connections: $0$memwr$\rf$/home/zzy/ysyx-workbench/npc/vsrc/ysyx_25030085_regfile.v:22$1_EN[31:0]$5 [31:1] = { $0$memwr$\rf$/home/zzy/ysyx-workbench/npc/vsrc/ysyx_25030085_regfile.v:22$1_EN[31:0]$5 [0] $0$memwr$\rf$/home/zzy/ysyx-workbench/npc/vsrc/ysyx_25030085_regfile.v:22$1_EN[31:0]$5 [0] $0$memwr$\rf$/home/zzy/ysyx-workbench/npc/vsrc/ysyx_25030085_regfile.v:22$1_EN[31:0]$5 [0] $0$memwr$\rf$/home/zzy/ysyx-workbench/npc/vsrc/ysyx_25030085_regfile.v:22$1_EN[31:0]$5 [0] $0$memwr$\rf$/home/zzy/ysyx-workbench/npc/vsrc/ysyx_25030085_regfile.v:22$1_EN[31:0]$5 [0] $0$memwr$\rf$/home/zzy/ysyx-workbench/npc/vsrc/ysyx_25030085_regfile.v:22$1_EN[31:0]$5 [0] $0$memwr$\rf$/home/zzy/ysyx-workbench/npc/vsrc/ysyx_25030085_regfile.v:22$1_EN[31:0]$5 [0] $0$memwr$\rf$/home/zzy/ysyx-workbench/npc/vsrc/ysyx_25030085_regfile.v:22$1_EN[31:0]$5 [0] $0$memwr$\rf$/home/zzy/ysyx-workbench/npc/vsrc/ysyx_25030085_regfile.v:22$1_EN[31:0]$5 [0] $0$memwr$\rf$/home/zzy/ysyx-workbench/npc/vsrc/ysyx_25030085_regfile.v:22$1_EN[31:0]$5 [0] $0$memwr$\rf$/home/zzy/ysyx-workbench/npc/vsrc/ysyx_25030085_regfile.v:22$1_EN[31:0]$5 [0] $0$memwr$\rf$/home/zzy/ysyx-workbench/npc/vsrc/ysyx_25030085_regfile.v:22$1_EN[31:0]$5 [0] $0$memwr$\rf$/home/zzy/ysyx-workbench/npc/vsrc/ysyx_25030085_regfile.v:22$1_EN[31:0]$5 [0] $0$memwr$\rf$/home/zzy/ysyx-workbench/npc/vsrc/ysyx_25030085_regfile.v:22$1_EN[31:0]$5 [0] $0$memwr$\rf$/home/zzy/ysyx-workbench/npc/vsrc/ysyx_25030085_regfile.v:22$1_EN[31:0]$5 [0] $0$memwr$\rf$/home/zzy/ysyx-workbench/npc/vsrc/ysyx_25030085_regfile.v:22$1_EN[31:0]$5 [0] $0$memwr$\rf$/home/zzy/ysyx-workbench/npc/vsrc/ysyx_25030085_regfile.v:22$1_EN[31:0]$5 [0] $0$memwr$\rf$/home/zzy/ysyx-workbench/npc/vsrc/ysyx_25030085_regfile.v:22$1_EN[31:0]$5 [0] $0$memwr$\rf$/home/zzy/ysyx-workbench/npc/vsrc/ysyx_25030085_regfile.v:22$1_EN[31:0]$5 [0] $0$memwr$\rf$/home/zzy/ysyx-workbench/npc/vsrc/ysyx_25030085_regfile.v:22$1_EN[31:0]$5 [0] $0$memwr$\rf$/home/zzy/ysyx-workbench/npc/vsrc/ysyx_25030085_regfile.v:22$1_EN[31:0]$5 [0] $0$memwr$\rf$/home/zzy/ysyx-workbench/npc/vsrc/ysyx_25030085_regfile.v:22$1_EN[31:0]$5 [0] $0$memwr$\rf$/home/zzy/ysyx-workbench/npc/vsrc/ysyx_25030085_regfile.v:22$1_EN[31:0]$5 [0] $0$memwr$\rf$/home/zzy/ysyx-workbench/npc/vsrc/ysyx_25030085_regfile.v:22$1_EN[31:0]$5 [0] $0$memwr$\rf$/home/zzy/ysyx-workbench/npc/vsrc/ysyx_25030085_regfile.v:22$1_EN[31:0]$5 [0] $0$memwr$\rf$/home/zzy/ysyx-workbench/npc/vsrc/ysyx_25030085_regfile.v:22$1_EN[31:0]$5 [0] $0$memwr$\rf$/home/zzy/ysyx-workbench/npc/vsrc/ysyx_25030085_regfile.v:22$1_EN[31:0]$5 [0] $0$memwr$\rf$/home/zzy/ysyx-workbench/npc/vsrc/ysyx_25030085_regfile.v:22$1_EN[31:0]$5 [0] $0$memwr$\rf$/home/zzy/ysyx-workbench/npc/vsrc/ysyx_25030085_regfile.v:22$1_EN[31:0]$5 [0] $0$memwr$\rf$/home/zzy/ysyx-workbench/npc/vsrc/ysyx_25030085_regfile.v:22$1_EN[31:0]$5 [0] $0$memwr$\rf$/home/zzy/ysyx-workbench/npc/vsrc/ysyx_25030085_regfile.v:22$1_EN[31:0]$5 [0] }
  Optimizing cells in module \ysyx_25030085_RegisterFile.
  Optimizing cells in module \ysyx_25030085_csr_regfile.
  Optimizing cells in module \ysyx_25030085_ex.
  Optimizing cells in module \ysyx_25030085_id.
    New ctrl vector for $pmux cell $procmux$631: { $procmux$572_CMP $procmux$516_CMP $auto$opt_reduce.cc:132:opt_mux$896 $procmux$402_CMP $procmux$309_CMP }
    New ctrl vector for $pmux cell $procmux$361: $procmux$362_CMP
    New ctrl vector for $pmux cell $procmux$608: { $procmux$516_CMP $auto$opt_reduce.cc:132:opt_mux$898 $procmux$402_CMP }
    New input vector for $reduce_or cell $auto$opt_reduce.cc:126:opt_mux$895: { $procmux$489_CMP $procmux$612_CMP }
    New input vector for $reduce_or cell $auto$opt_reduce.cc:126:opt_mux$897: { $procmux$464_CMP $procmux$489_CMP $procmux$612_CMP }
  Optimizing cells in module \ysyx_25030085_id.
  Optimizing cells in module \ysyx_25030085_if.
  Optimizing cells in module \ysyx_25030085_lsu.
  Optimizing cells in module \ysyx_25030085_wb.
Performed a total of 6 changes.

11.6.5. Executing OPT_MERGE pass (detect identical cells).
Finding identical cells in module `\ysyx_25030085'.
Finding identical cells in module `\ysyx_25030085_RegisterFile'.
Finding identical cells in module `\ysyx_25030085_csr_regfile'.
Finding identical cells in module `\ysyx_25030085_ex'.
Finding identical cells in module `\ysyx_25030085_id'.
<suppressed ~18 debug messages>
Finding identical cells in module `\ysyx_25030085_if'.
Finding identical cells in module `\ysyx_25030085_lsu'.
Finding identical cells in module `\ysyx_25030085_wb'.
Removed a total of 6 cells.

11.6.6. Executing OPT_RMDFF pass (remove dff with constant values).
Removing $procdff$871 ($adff) from module ysyx_25030085_if.
Replaced 1 DFF cells.

11.6.7. Executing OPT_CLEAN pass (remove unused cells and wires).
Finding unused cells or wires in module \ysyx_25030085..
Finding unused cells or wires in module \ysyx_25030085_RegisterFile..
Finding unused cells or wires in module \ysyx_25030085_csr_regfile..
Finding unused cells or wires in module \ysyx_25030085_ex..
Finding unused cells or wires in module \ysyx_25030085_id..
Finding unused cells or wires in module \ysyx_25030085_if..
Warning: Driver-driver conflict for \pc [31] between cell $auto$proc_dlatch.cc:409:proc_dlatch$841.Q and constant 1'0 in ysyx_25030085_if: Resolved using constant.
Warning: Driver-driver conflict for \pc [30] between cell $auto$proc_dlatch.cc:409:proc_dlatch$841.Q and constant 1'0 in ysyx_25030085_if: Resolved using constant.
Warning: Driver-driver conflict for \pc [29] between cell $auto$proc_dlatch.cc:409:proc_dlatch$841.Q and constant 1'1 in ysyx_25030085_if: Resolved using constant.
Warning: Driver-driver conflict for \pc [28] between cell $auto$proc_dlatch.cc:409:proc_dlatch$841.Q and constant 1'1 in ysyx_25030085_if: Resolved using constant.
Warning: Driver-driver conflict for \pc [27] between cell $auto$proc_dlatch.cc:409:proc_dlatch$841.Q and constant 1'0 in ysyx_25030085_if: Resolved using constant.
Warning: Driver-driver conflict for \pc [26] between cell $auto$proc_dlatch.cc:409:proc_dlatch$841.Q and constant 1'0 in ysyx_25030085_if: Resolved using constant.
Warning: Driver-driver conflict for \pc [25] between cell $auto$proc_dlatch.cc:409:proc_dlatch$841.Q and constant 1'0 in ysyx_25030085_if: Resolved using constant.
Warning: Driver-driver conflict for \pc [24] between cell $auto$proc_dlatch.cc:409:proc_dlatch$841.Q and constant 1'0 in ysyx_25030085_if: Resolved using constant.
Warning: Driver-driver conflict for \pc [23] between cell $auto$proc_dlatch.cc:409:proc_dlatch$841.Q and constant 1'0 in ysyx_25030085_if: Resolved using constant.
Warning: Driver-driver conflict for \pc [22] between cell $auto$proc_dlatch.cc:409:proc_dlatch$841.Q and constant 1'0 in ysyx_25030085_if: Resolved using constant.
Warning: Driver-driver conflict for \pc [21] between cell $auto$proc_dlatch.cc:409:proc_dlatch$841.Q and constant 1'0 in ysyx_25030085_if: Resolved using constant.
Warning: Driver-driver conflict for \pc [20] between cell $auto$proc_dlatch.cc:409:proc_dlatch$841.Q and constant 1'0 in ysyx_25030085_if: Resolved using constant.
Warning: Driver-driver conflict for \pc [19] between cell $auto$proc_dlatch.cc:409:proc_dlatch$841.Q and constant 1'0 in ysyx_25030085_if: Resolved using constant.
Warning: Driver-driver conflict for \pc [18] between cell $auto$proc_dlatch.cc:409:proc_dlatch$841.Q and constant 1'0 in ysyx_25030085_if: Resolved using constant.
Warning: Driver-driver conflict for \pc [17] between cell $auto$proc_dlatch.cc:409:proc_dlatch$841.Q and constant 1'0 in ysyx_25030085_if: Resolved using constant.
Warning: Driver-driver conflict for \pc [16] between cell $auto$proc_dlatch.cc:409:proc_dlatch$841.Q and constant 1'0 in ysyx_25030085_if: Resolved using constant.
Warning: Driver-driver conflict for \pc [15] between cell $auto$proc_dlatch.cc:409:proc_dlatch$841.Q and constant 1'0 in ysyx_25030085_if: Resolved using constant.
Warning: Driver-driver conflict for \pc [14] between cell $auto$proc_dlatch.cc:409:proc_dlatch$841.Q and constant 1'0 in ysyx_25030085_if: Resolved using constant.
Warning: Driver-driver conflict for \pc [13] between cell $auto$proc_dlatch.cc:409:proc_dlatch$841.Q and constant 1'0 in ysyx_25030085_if: Resolved using constant.
Warning: Driver-driver conflict for \pc [12] between cell $auto$proc_dlatch.cc:409:proc_dlatch$841.Q and constant 1'0 in ysyx_25030085_if: Resolved using constant.
Warning: Driver-driver conflict for \pc [11] between cell $auto$proc_dlatch.cc:409:proc_dlatch$841.Q and constant 1'0 in ysyx_25030085_if: Resolved using constant.
Warning: Driver-driver conflict for \pc [10] between cell $auto$proc_dlatch.cc:409:proc_dlatch$841.Q and constant 1'0 in ysyx_25030085_if: Resolved using constant.
Warning: Driver-driver conflict for \pc [9] between cell $auto$proc_dlatch.cc:409:proc_dlatch$841.Q and constant 1'0 in ysyx_25030085_if: Resolved using constant.
Warning: Driver-driver conflict for \pc [8] between cell $auto$proc_dlatch.cc:409:proc_dlatch$841.Q and constant 1'0 in ysyx_25030085_if: Resolved using constant.
Warning: Driver-driver conflict for \pc [7] between cell $auto$proc_dlatch.cc:409:proc_dlatch$841.Q and constant 1'0 in ysyx_25030085_if: Resolved using constant.
Warning: Driver-driver conflict for \pc [6] between cell $auto$proc_dlatch.cc:409:proc_dlatch$841.Q and constant 1'0 in ysyx_25030085_if: Resolved using constant.
Warning: Driver-driver conflict for \pc [5] between cell $auto$proc_dlatch.cc:409:proc_dlatch$841.Q and constant 1'0 in ysyx_25030085_if: Resolved using constant.
Warning: Driver-driver conflict for \pc [4] between cell $auto$proc_dlatch.cc:409:proc_dlatch$841.Q and constant 1'0 in ysyx_25030085_if: Resolved using constant.
Warning: Driver-driver conflict for \pc [3] between cell $auto$proc_dlatch.cc:409:proc_dlatch$841.Q and constant 1'0 in ysyx_25030085_if: Resolved using constant.
Warning: Driver-driver conflict for \pc [2] between cell $auto$proc_dlatch.cc:409:proc_dlatch$841.Q and constant 1'0 in ysyx_25030085_if: Resolved using constant.
Warning: Driver-driver conflict for \pc [1] between cell $auto$proc_dlatch.cc:409:proc_dlatch$841.Q and constant 1'0 in ysyx_25030085_if: Resolved using constant.
Warning: Driver-driver conflict for \pc [0] between cell $auto$proc_dlatch.cc:409:proc_dlatch$841.Q and constant 1'0 in ysyx_25030085_if: Resolved using constant.
Finding unused cells or wires in module \ysyx_25030085_lsu..
Finding unused cells or wires in module \ysyx_25030085_wb..
Removed 1 unused cells and 155 unused wires.
<suppressed ~6 debug messages>

11.6.8. Executing OPT_EXPR pass (perform const folding).
Optimizing module ysyx_25030085.
Optimizing module ysyx_25030085_RegisterFile.
Optimizing module ysyx_25030085_csr_regfile.
Optimizing module ysyx_25030085_ex.
Optimizing module ysyx_25030085_id.
Optimizing module ysyx_25030085_if.
Optimizing module ysyx_25030085_lsu.
Optimizing module ysyx_25030085_wb.

11.6.9. Rerunning OPT passes. (Maybe there is more to do..)

11.6.10. Executing OPT_MUXTREE pass (detect dead branches in mux trees).
Running muxtree optimizer on module \ysyx_25030085..
  Creating internal representation of mux trees.
  No muxes found in this module.
Running muxtree optimizer on module \ysyx_25030085_RegisterFile..
  Creating internal representation of mux trees.
  Evaluating internal representation of mux trees.
  Analyzing evaluation results.
Running muxtree optimizer on module \ysyx_25030085_csr_regfile..
  Creating internal representation of mux trees.
  Evaluating internal representation of mux trees.
  Analyzing evaluation results.
Running muxtree optimizer on module \ysyx_25030085_ex..
  Creating internal representation of mux trees.
  Evaluating internal representation of mux trees.
  Analyzing evaluation results.
Running muxtree optimizer on module \ysyx_25030085_id..
  Creating internal representation of mux trees.
  Evaluating internal representation of mux trees.
  Analyzing evaluation results.
Running muxtree optimizer on module \ysyx_25030085_if..
  Creating internal representation of mux trees.
  Evaluating internal representation of mux trees.
  Analyzing evaluation results.
Running muxtree optimizer on module \ysyx_25030085_lsu..
  Creating internal representation of mux trees.
  Evaluating internal representation of mux trees.
  Analyzing evaluation results.
Running muxtree optimizer on module \ysyx_25030085_wb..
  Creating internal representation of mux trees.
  Evaluating internal representation of mux trees.
  Analyzing evaluation results.
Removed 0 multiplexer ports.
<suppressed ~63 debug messages>

11.6.11. Executing OPT_REDUCE pass (consolidate $*mux and $reduce_* inputs).
  Optimizing cells in module \ysyx_25030085.
  Optimizing cells in module \ysyx_25030085_RegisterFile.
  Optimizing cells in module \ysyx_25030085_csr_regfile.
  Optimizing cells in module \ysyx_25030085_ex.
  Optimizing cells in module \ysyx_25030085_id.
    New ctrl vector for $pmux cell $procmux$608: { $auto$opt_reduce.cc:132:opt_mux$898 $auto$opt_reduce.cc:132:opt_mux$900 }
    New ctrl vector for $pmux cell $procmux$631: { $procmux$572_CMP $auto$opt_reduce.cc:132:opt_mux$896 $auto$opt_reduce.cc:132:opt_mux$902 $procmux$309_CMP }
    New ctrl vector for $pmux cell $procmux$696: { $procmux$612_CMP $procmux$489_CMP $procmux$464_CMP $auto$opt_reduce.cc:132:opt_mux$904 $procmux$309_CMP }
    New input vector for $reduce_or cell $auto$opt_reduce.cc:126:opt_mux$899: { $procmux$402_CMP $procmux$516_CMP }
    New input vector for $reduce_or cell $auto$opt_reduce.cc:126:opt_mux$901: { $procmux$402_CMP $procmux$516_CMP }
    New input vector for $reduce_or cell $auto$opt_reduce.cc:126:opt_mux$903: { $procmux$402_CMP $procmux$516_CMP }
  Optimizing cells in module \ysyx_25030085_id.
  Optimizing cells in module \ysyx_25030085_if.
  Optimizing cells in module \ysyx_25030085_lsu.
  Optimizing cells in module \ysyx_25030085_wb.
Performed a total of 6 changes.

11.6.12. Executing OPT_MERGE pass (detect identical cells).
Finding identical cells in module `\ysyx_25030085'.
Finding identical cells in module `\ysyx_25030085_RegisterFile'.
Finding identical cells in module `\ysyx_25030085_csr_regfile'.
Finding identical cells in module `\ysyx_25030085_ex'.
Finding identical cells in module `\ysyx_25030085_id'.
<suppressed ~6 debug messages>
Finding identical cells in module `\ysyx_25030085_if'.
Finding identical cells in module `\ysyx_25030085_lsu'.
Finding identical cells in module `\ysyx_25030085_wb'.
Removed a total of 2 cells.

11.6.13. Executing OPT_RMDFF pass (remove dff with constant values).

11.6.14. Executing OPT_CLEAN pass (remove unused cells and wires).
Finding unused cells or wires in module \ysyx_25030085..
Finding unused cells or wires in module \ysyx_25030085_RegisterFile..
Finding unused cells or wires in module \ysyx_25030085_csr_regfile..
Finding unused cells or wires in module \ysyx_25030085_ex..
Finding unused cells or wires in module \ysyx_25030085_id..
Finding unused cells or wires in module \ysyx_25030085_if..
Finding unused cells or wires in module \ysyx_25030085_lsu..
Finding unused cells or wires in module \ysyx_25030085_wb..
Removed 0 unused cells and 2 unused wires.
<suppressed ~1 debug messages>

11.6.15. Executing OPT_EXPR pass (perform const folding).
Optimizing module ysyx_25030085.
Optimizing module ysyx_25030085_RegisterFile.
Optimizing module ysyx_25030085_csr_regfile.
Optimizing module ysyx_25030085_ex.
Optimizing module ysyx_25030085_id.
Optimizing module ysyx_25030085_if.
Optimizing module ysyx_25030085_lsu.
Optimizing module ysyx_25030085_wb.

11.6.16. Rerunning OPT passes. (Maybe there is more to do..)

11.6.17. Executing OPT_MUXTREE pass (detect dead branches in mux trees).
Running muxtree optimizer on module \ysyx_25030085..
  Creating internal representation of mux trees.
  No muxes found in this module.
Running muxtree optimizer on module \ysyx_25030085_RegisterFile..
  Creating internal representation of mux trees.
  Evaluating internal representation of mux trees.
  Analyzing evaluation results.
Running muxtree optimizer on module \ysyx_25030085_csr_regfile..
  Creating internal representation of mux trees.
  Evaluating internal representation of mux trees.
  Analyzing evaluation results.
Running muxtree optimizer on module \ysyx_25030085_ex..
  Creating internal representation of mux trees.
  Evaluating internal representation of mux trees.
  Analyzing evaluation results.
Running muxtree optimizer on module \ysyx_25030085_id..
  Creating internal representation of mux trees.
  Evaluating internal representation of mux trees.
  Analyzing evaluation results.
Running muxtree optimizer on module \ysyx_25030085_if..
  Creating internal representation of mux trees.
  Evaluating internal representation of mux trees.
  Analyzing evaluation results.
Running muxtree optimizer on module \ysyx_25030085_lsu..
  Creating internal representation of mux trees.
  Evaluating internal representation of mux trees.
  Analyzing evaluation results.
Running muxtree optimizer on module \ysyx_25030085_wb..
  Creating internal representation of mux trees.
  Evaluating internal representation of mux trees.
  Analyzing evaluation results.
Removed 0 multiplexer ports.
<suppressed ~63 debug messages>

11.6.18. Executing OPT_REDUCE pass (consolidate $*mux and $reduce_* inputs).
  Optimizing cells in module \ysyx_25030085.
  Optimizing cells in module \ysyx_25030085_RegisterFile.
  Optimizing cells in module \ysyx_25030085_csr_regfile.
  Optimizing cells in module \ysyx_25030085_ex.
  Optimizing cells in module \ysyx_25030085_id.
  Optimizing cells in module \ysyx_25030085_if.
  Optimizing cells in module \ysyx_25030085_lsu.
  Optimizing cells in module \ysyx_25030085_wb.
Performed a total of 0 changes.

11.6.19. Executing OPT_MERGE pass (detect identical cells).
Finding identical cells in module `\ysyx_25030085'.
Finding identical cells in module `\ysyx_25030085_RegisterFile'.
Finding identical cells in module `\ysyx_25030085_csr_regfile'.
Finding identical cells in module `\ysyx_25030085_ex'.
Finding identical cells in module `\ysyx_25030085_id'.
Finding identical cells in module `\ysyx_25030085_if'.
Finding identical cells in module `\ysyx_25030085_lsu'.
Finding identical cells in module `\ysyx_25030085_wb'.
Removed a total of 0 cells.

11.6.20. Executing OPT_RMDFF pass (remove dff with constant values).

11.6.21. Executing OPT_CLEAN pass (remove unused cells and wires).
Finding unused cells or wires in module \ysyx_25030085..
Finding unused cells or wires in module \ysyx_25030085_RegisterFile..
Finding unused cells or wires in module \ysyx_25030085_csr_regfile..
Finding unused cells or wires in module \ysyx_25030085_ex..
Finding unused cells or wires in module \ysyx_25030085_id..
Finding unused cells or wires in module \ysyx_25030085_if..
Finding unused cells or wires in module \ysyx_25030085_lsu..
Finding unused cells or wires in module \ysyx_25030085_wb..

11.6.22. Executing OPT_EXPR pass (perform const folding).
Optimizing module ysyx_25030085.
Optimizing module ysyx_25030085_RegisterFile.
Optimizing module ysyx_25030085_csr_regfile.
Optimizing module ysyx_25030085_ex.
Optimizing module ysyx_25030085_id.
Optimizing module ysyx_25030085_if.
Optimizing module ysyx_25030085_lsu.
Optimizing module ysyx_25030085_wb.

11.6.23. Finished OPT passes. (There is nothing left to do.)

11.7. Executing WREDUCE pass (reducing word size of cells).
Removed cell ysyx_25030085_RegisterFile.$procmux$827 ($mux).
Removed cell ysyx_25030085_RegisterFile.$procmux$829 ($mux).
Removed top 31 bits (of 32) from FF cell ysyx_25030085_RegisterFile.$procdff$894 ($dff).
Removed top 7 bits (of 32) from mux cell ysyx_25030085_csr_regfile.$ternary$/home/zzy/ysyx-workbench/npc/vsrc/ysyx_25030085_csr.v:26$37 ($mux).
Removed top 1 bits (of 32) from mux cell ysyx_25030085_csr_regfile.$ternary$/home/zzy/ysyx-workbench/npc/vsrc/ysyx_25030085_csr.v:26$38 ($mux).
Removed top 7 bits (of 32) from wire ysyx_25030085_csr_regfile.$ternary$/home/zzy/ysyx-workbench/npc/vsrc/ysyx_25030085_csr.v:26$37_Y.
Removed top 1 bits (of 32) from wire ysyx_25030085_csr_regfile.$ternary$/home/zzy/ysyx-workbench/npc/vsrc/ysyx_25030085_csr.v:26$38_Y.
Removed top 1 bits (of 2) from port B of cell ysyx_25030085_ex.$eq$/home/zzy/ysyx-workbench/npc/vsrc/ysyx_25030085_exu.v:35$47 ($eq).
Removed top 29 bits (of 32) from port B of cell ysyx_25030085_ex.$add$/home/zzy/ysyx-workbench/npc/vsrc/ysyx_25030085_exu.v:109$54 ($add).
Removed top 1 bits (of 2) from port B of cell ysyx_25030085_id.$eq$/home/zzy/ysyx-workbench/npc/vsrc/ysyx_25030085_idu.v:159$26 ($eq).
Removed top 2 bits (of 3) from port B of cell ysyx_25030085_id.$procmux$362_CMP0 ($eq).
Removed top 1 bits (of 3) from mux cell ysyx_25030085_id.$procmux$409 ($mux).
Removed top 1 bits (of 3) from port B of cell ysyx_25030085_id.$procmux$462_CMP0 ($eq).
Removed top 1 bits (of 3) from mux cell ysyx_25030085_id.$procmux$461 ($mux).
Removed top 1 bits (of 7) from port B of cell ysyx_25030085_id.$procmux$464_CMP0 ($eq).
Removed top 5 bits (of 7) from port B of cell ysyx_25030085_id.$procmux$489_CMP0 ($eq).
Removed top 2 bits (of 7) from port B of cell ysyx_25030085_id.$procmux$516_CMP0 ($eq).
Removed top 1 bits (of 7) from port B of cell ysyx_25030085_id.$procmux$572_CMP0 ($eq).
Removed top 1 bits (of 7) from port B of cell ysyx_25030085_id.$procmux$612_CMP0 ($eq).
Removed top 1 bits (of 3) from wire ysyx_25030085_id.$3\MemtoReg[2:0].
Removed top 1 bits (of 3) from wire ysyx_25030085_id.$4\MemOp[2:0].
Removed top 1 bits (of 3) from port B of cell ysyx_25030085_if.$procmux$256_CMP0 ($eq).
Removed top 2 bits (of 3) from port B of cell ysyx_25030085_if.$procmux$268_CMP0 ($eq).
Removed top 1 bits (of 3) from port B of cell ysyx_25030085_if.$procmux$282_CMP0 ($eq).
Removed top 3 bits (of 20) from port B of cell ysyx_25030085_lsu.$eq$/home/zzy/ysyx-workbench/npc/vsrc/ysyx_25030085_lsu.v:68$57 ($eq).
Removed top 1 bits (of 2) from port B of cell ysyx_25030085_lsu.$eq$/home/zzy/ysyx-workbench/npc/vsrc/ysyx_25030085_lsu.v:129$66 ($eq).
Removed top 3 bits (of 4) from port A of cell ysyx_25030085_lsu.$shl$/home/zzy/ysyx-workbench/npc/vsrc/ysyx_25030085_lsu.v:202$74 ($shl).
Removed top 24 bits (of 32) from port A of cell ysyx_25030085_lsu.$shl$/home/zzy/ysyx-workbench/npc/vsrc/ysyx_25030085_lsu.v:203$76 ($shl).
Removed top 27 bits (of 32) from port B of cell ysyx_25030085_lsu.$shl$/home/zzy/ysyx-workbench/npc/vsrc/ysyx_25030085_lsu.v:203$76 ($shl).
Removed top 24 bits (of 32) from mux cell ysyx_25030085_lsu.$procmux$127 ($pmux).
Removed top 1 bits (of 2) from port B of cell ysyx_25030085_lsu.$procmux$130_CMP0 ($eq).
Removed top 1 bits (of 3) from port B of cell ysyx_25030085_lsu.$procmux$140_CMP0 ($eq).
Removed top 24 bits (of 32) from wire ysyx_25030085_lsu.$3\mem_rdata[31:0].
Removed top 29 bits (of 32) from port B of cell ysyx_25030085_wb.$add$/home/zzy/ysyx-workbench/npc/vsrc/ysyx_25030085_wb.v:96$20 ($add).
Removed top 1 bits (of 3) from port B of cell ysyx_25030085_wb.$procmux$762_CMP0 ($eq).
Removed top 1 bits (of 3) from port B of cell ysyx_25030085_wb.$procmux$763_CMP0 ($eq).
Removed top 2 bits (of 3) from port B of cell ysyx_25030085_wb.$procmux$764_CMP0 ($eq).

11.8. Executing PEEPOPT pass (run peephole optimizers).

11.9. Executing OPT_CLEAN pass (remove unused cells and wires).
Finding unused cells or wires in module \ysyx_25030085..
Finding unused cells or wires in module \ysyx_25030085_RegisterFile..
Finding unused cells or wires in module \ysyx_25030085_csr_regfile..
Finding unused cells or wires in module \ysyx_25030085_ex..
Finding unused cells or wires in module \ysyx_25030085_id..
Finding unused cells or wires in module \ysyx_25030085_if..
Finding unused cells or wires in module \ysyx_25030085_lsu..
Finding unused cells or wires in module \ysyx_25030085_wb..
Removed 0 unused cells and 7 unused wires.
<suppressed ~4 debug messages>

11.10. Executing TECHMAP pass (map to technology primitives).

11.10.1. Executing Verilog-2005 frontend: /usr/bin/../share/yosys/cmp2lut.v
Parsing Verilog input from `/usr/bin/../share/yosys/cmp2lut.v' to AST representation.
Generating RTLIL representation for module `\_90_lut_cmp_'.
Successfully finished Verilog frontend.

11.10.2. Continuing TECHMAP pass.
No more expansions possible.
<suppressed ~336 debug messages>

11.11. Executing ALUMACC pass (create $alu and $macc cells).
Extracting $alu and $macc cells in module ysyx_25030085:
  created 0 $alu and 0 $macc cells.
Extracting $alu and $macc cells in module ysyx_25030085_RegisterFile:
  created 0 $alu and 0 $macc cells.
Extracting $alu and $macc cells in module ysyx_25030085_csr_regfile:
  creating $macc model for $add$/home/zzy/ysyx-workbench/npc/vsrc/ysyx_25030085_csr.v:35$43 ($add).
  creating $alu model for $macc $add$/home/zzy/ysyx-workbench/npc/vsrc/ysyx_25030085_csr.v:35$43.
  creating $alu cell for $add$/home/zzy/ysyx-workbench/npc/vsrc/ysyx_25030085_csr.v:35$43: $auto$alumacc.cc:474:replace_alu$910
  created 1 $alu and 0 $macc cells.
Extracting $alu and $macc cells in module ysyx_25030085_ex:
  creating $macc model for $add$/home/zzy/ysyx-workbench/npc/vsrc/ysyx_25030085_exu.v:109$54 ($add).
  creating $macc model for $add$/home/zzy/ysyx-workbench/npc/vsrc/ysyx_25030085_exu.v:91$53 ($add).
  creating $alu model for $macc $add$/home/zzy/ysyx-workbench/npc/vsrc/ysyx_25030085_exu.v:91$53.
  creating $alu model for $macc $add$/home/zzy/ysyx-workbench/npc/vsrc/ysyx_25030085_exu.v:109$54.
  creating $alu cell for $add$/home/zzy/ysyx-workbench/npc/vsrc/ysyx_25030085_exu.v:109$54: $auto$alumacc.cc:474:replace_alu$913
  creating $alu cell for $add$/home/zzy/ysyx-workbench/npc/vsrc/ysyx_25030085_exu.v:91$53: $auto$alumacc.cc:474:replace_alu$916
  created 2 $alu and 0 $macc cells.
Extracting $alu and $macc cells in module ysyx_25030085_id:
  created 0 $alu and 0 $macc cells.
Extracting $alu and $macc cells in module ysyx_25030085_if:
  created 0 $alu and 0 $macc cells.
Extracting $alu and $macc cells in module ysyx_25030085_lsu:
  created 0 $alu and 0 $macc cells.
Extracting $alu and $macc cells in module ysyx_25030085_wb:
  creating $macc model for $add$/home/zzy/ysyx-workbench/npc/vsrc/ysyx_25030085_wb.v:96$20 ($add).
  creating $alu model for $macc $add$/home/zzy/ysyx-workbench/npc/vsrc/ysyx_25030085_wb.v:96$20.
  creating $alu cell for $add$/home/zzy/ysyx-workbench/npc/vsrc/ysyx_25030085_wb.v:96$20: $auto$alumacc.cc:474:replace_alu$919
  created 1 $alu and 0 $macc cells.

11.12. Executing SHARE pass (SAT-based resource sharing).
Found 2 cells in module ysyx_25030085_RegisterFile that may be considered for resource sharing.
  Analyzing resource sharing options for $memrd$\rf$/home/zzy/ysyx-workbench/npc/vsrc/ysyx_25030085_regfile.v:27$12 ($memrd):
    Found 1 activation_patterns using ctrl signal $eq$/home/zzy/ysyx-workbench/npc/vsrc/ysyx_25030085_regfile.v:27$11_Y.
    Found 1 candidates: $memrd$\rf$/home/zzy/ysyx-workbench/npc/vsrc/ysyx_25030085_regfile.v:26$9
    Analyzing resource sharing with $memrd$\rf$/home/zzy/ysyx-workbench/npc/vsrc/ysyx_25030085_regfile.v:26$9 ($memrd):
      Found 1 activation_patterns using ctrl signal $eq$/home/zzy/ysyx-workbench/npc/vsrc/ysyx_25030085_regfile.v:26$8_Y.
      Activation pattern for cell $memrd$\rf$/home/zzy/ysyx-workbench/npc/vsrc/ysyx_25030085_regfile.v:27$12: $eq$/home/zzy/ysyx-workbench/npc/vsrc/ysyx_25030085_regfile.v:27$11_Y = 1'0
      Activation pattern for cell $memrd$\rf$/home/zzy/ysyx-workbench/npc/vsrc/ysyx_25030085_regfile.v:26$9: $eq$/home/zzy/ysyx-workbench/npc/vsrc/ysyx_25030085_regfile.v:26$8_Y = 1'0
      Size of SAT problem: 2 cells, 25 variables, 49 clauses
      According to the SAT solver this pair of cells can not be shared.
      Model from SAT solver: { $eq$/home/zzy/ysyx-workbench/npc/vsrc/ysyx_25030085_regfile.v:27$11_Y $eq$/home/zzy/ysyx-workbench/npc/vsrc/ysyx_25030085_regfile.v:26$8_Y } = 2'00
  Analyzing resource sharing options for $memrd$\rf$/home/zzy/ysyx-workbench/npc/vsrc/ysyx_25030085_regfile.v:26$9 ($memrd):
    Found 1 activation_patterns using ctrl signal $eq$/home/zzy/ysyx-workbench/npc/vsrc/ysyx_25030085_regfile.v:26$8_Y.
    No candidates found.

11.13. Executing OPT pass (performing simple optimizations).

11.13.1. Executing OPT_EXPR pass (perform const folding).
Optimizing module ysyx_25030085.
Optimizing module ysyx_25030085_RegisterFile.
Optimizing module ysyx_25030085_csr_regfile.
Optimizing module ysyx_25030085_ex.
Optimizing module ysyx_25030085_id.
Optimizing module ysyx_25030085_if.
Optimizing module ysyx_25030085_lsu.
Optimizing module ysyx_25030085_wb.

11.13.2. Executing OPT_MERGE pass (detect identical cells).
Finding identical cells in module `\ysyx_25030085'.
Finding identical cells in module `\ysyx_25030085_RegisterFile'.
Finding identical cells in module `\ysyx_25030085_csr_regfile'.
Finding identical cells in module `\ysyx_25030085_ex'.
Finding identical cells in module `\ysyx_25030085_id'.
Finding identical cells in module `\ysyx_25030085_if'.
Finding identical cells in module `\ysyx_25030085_lsu'.
Finding identical cells in module `\ysyx_25030085_wb'.
Removed a total of 0 cells.

11.13.3. Executing OPT_MUXTREE pass (detect dead branches in mux trees).
Running muxtree optimizer on module \ysyx_25030085..
  Creating internal representation of mux trees.
  No muxes found in this module.
Running muxtree optimizer on module \ysyx_25030085_RegisterFile..
  Creating internal representation of mux trees.
  Evaluating internal representation of mux trees.
  Analyzing evaluation results.
Running muxtree optimizer on module \ysyx_25030085_csr_regfile..
  Creating internal representation of mux trees.
  Evaluating internal representation of mux trees.
  Analyzing evaluation results.
Running muxtree optimizer on module \ysyx_25030085_ex..
  Creating internal representation of mux trees.
  Evaluating internal representation of mux trees.
  Analyzing evaluation results.
Running muxtree optimizer on module \ysyx_25030085_id..
  Creating internal representation of mux trees.
  Evaluating internal representation of mux trees.
  Analyzing evaluation results.
Running muxtree optimizer on module \ysyx_25030085_if..
  Creating internal representation of mux trees.
  Evaluating internal representation of mux trees.
  Analyzing evaluation results.
Running muxtree optimizer on module \ysyx_25030085_lsu..
  Creating internal representation of mux trees.
  Evaluating internal representation of mux trees.
  Analyzing evaluation results.
Running muxtree optimizer on module \ysyx_25030085_wb..
  Creating internal representation of mux trees.
  Evaluating internal representation of mux trees.
  Analyzing evaluation results.
Removed 0 multiplexer ports.
<suppressed ~61 debug messages>

11.13.4. Executing OPT_REDUCE pass (consolidate $*mux and $reduce_* inputs).
  Optimizing cells in module \ysyx_25030085.
  Optimizing cells in module \ysyx_25030085_RegisterFile.
  Optimizing cells in module \ysyx_25030085_csr_regfile.
  Optimizing cells in module \ysyx_25030085_ex.
  Optimizing cells in module \ysyx_25030085_id.
  Optimizing cells in module \ysyx_25030085_if.
  Optimizing cells in module \ysyx_25030085_lsu.
  Optimizing cells in module \ysyx_25030085_wb.
Performed a total of 0 changes.

11.13.5. Executing OPT_MERGE pass (detect identical cells).
Finding identical cells in module `\ysyx_25030085'.
Finding identical cells in module `\ysyx_25030085_RegisterFile'.
Finding identical cells in module `\ysyx_25030085_csr_regfile'.
Finding identical cells in module `\ysyx_25030085_ex'.
Finding identical cells in module `\ysyx_25030085_id'.
Finding identical cells in module `\ysyx_25030085_if'.
Finding identical cells in module `\ysyx_25030085_lsu'.
Finding identical cells in module `\ysyx_25030085_wb'.
Removed a total of 0 cells.

11.13.6. Executing OPT_RMDFF pass (remove dff with constant values).

11.13.7. Executing OPT_CLEAN pass (remove unused cells and wires).
Finding unused cells or wires in module \ysyx_25030085..
Finding unused cells or wires in module \ysyx_25030085_RegisterFile..
Finding unused cells or wires in module \ysyx_25030085_csr_regfile..
Finding unused cells or wires in module \ysyx_25030085_ex..
Finding unused cells or wires in module \ysyx_25030085_id..
Finding unused cells or wires in module \ysyx_25030085_if..
Finding unused cells or wires in module \ysyx_25030085_lsu..
Finding unused cells or wires in module \ysyx_25030085_wb..

11.13.8. Executing OPT_EXPR pass (perform const folding).
Optimizing module ysyx_25030085.
Optimizing module ysyx_25030085_RegisterFile.
Optimizing module ysyx_25030085_csr_regfile.
Optimizing module ysyx_25030085_ex.
Optimizing module ysyx_25030085_id.
Optimizing module ysyx_25030085_if.
Optimizing module ysyx_25030085_lsu.
Optimizing module ysyx_25030085_wb.

11.13.9. Finished OPT passes. (There is nothing left to do.)

11.14. Executing FSM pass (extract and optimize FSM).

11.14.1. Executing FSM_DETECT pass (finding FSMs in design).
Found FSM state register ysyx_25030085_ex.state.
Found FSM state register ysyx_25030085_id.state.
Found FSM state register ysyx_25030085_if.state.
Found FSM state register ysyx_25030085_lsu.state.
Found FSM state register ysyx_25030085_wb.state.

11.14.2. Executing FSM_EXTRACT pass (extracting FSM from design).
Extracting FSM `\state' from module `\ysyx_25030085_ex'.
  found $adff cell for state register: $procdff$863
  root of input selection tree: $0\state[1:0]
  found reset state: 2'00 (from async reset)
  found ctrl input: $procmux$249_CMP
  found ctrl input: \out_valid
  found ctrl input: \in_ready
  found ctrl input: \out_ready
  found state code: 2'10
  found ctrl input: $logic_and$/home/zzy/ysyx-workbench/npc/vsrc/ysyx_25030085_exu.v:50$49_Y
  found state code: 2'01
  found ctrl output: \in_ready
  found ctrl output: \out_valid
  found ctrl output: $procmux$249_CMP
  ctrl inputs: { $logic_and$/home/zzy/ysyx-workbench/npc/vsrc/ysyx_25030085_exu.v:50$49_Y \out_ready }
  ctrl outputs: { $procmux$249_CMP $0\state[1:0] \out_valid \in_ready }
  transition:       2'00 2'0- ->       2'00 5'00001
  transition:       2'00 2'1- ->       2'01 5'00101
  transition:       2'10 2'-0 ->       2'10 5'11000
  transition:       2'10 2'-1 ->       2'00 5'10000
  transition:       2'01 2'-- ->       2'10 5'01010
Extracting FSM `\state' from module `\ysyx_25030085_id'.
  found $adff cell for state register: $procdff$878
  root of input selection tree: $0\state[1:0]
  found reset state: 2'00 (from async reset)
  found ctrl input: $procmux$753_CMP
  found ctrl input: \out_valid
  found ctrl input: \in_ready
  found ctrl input: \out_ready
  found state code: 2'10
  found ctrl input: $logic_and$/home/zzy/ysyx-workbench/npc/vsrc/ysyx_25030085_idu.v:45$24_Y
  found state code: 2'01
  found ctrl output: \in_ready
  found ctrl output: \out_valid
  found ctrl output: $procmux$753_CMP
  ctrl inputs: { $logic_and$/home/zzy/ysyx-workbench/npc/vsrc/ysyx_25030085_idu.v:45$24_Y \out_ready }
  ctrl outputs: { $procmux$753_CMP $0\state[1:0] \out_valid \in_ready }
  transition:       2'00 2'0- ->       2'00 5'00001
  transition:       2'00 2'1- ->       2'01 5'00101
  transition:       2'10 2'-0 ->       2'10 5'11000
  transition:       2'10 2'-1 ->       2'00 5'10000
  transition:       2'01 2'-- ->       2'10 5'01010
Extracting FSM `\state' from module `\ysyx_25030085_if'.
  found $adff cell for state register: $procdff$870
  root of input selection tree: $0\state[2:0]
  found reset state: 3'000 (from async reset)
  found ctrl input: $procmux$282_CMP
  found ctrl input: $auto$rtlil.cc:1832:Not$840
  found ctrl input: $procmux$268_CMP
  found ctrl input: $procmux$273_CMP
  found ctrl input: \wb_done
  found state code: 3'011
  found ctrl input: \ifu_respValid
  found ctrl input: \out_ready
  found state code: 3'010
  found state code: 3'001
  found ctrl output: $auto$rtlil.cc:1832:Not$840
  found ctrl output: $procmux$268_CMP
  found ctrl output: $procmux$273_CMP
  found ctrl output: $procmux$282_CMP
  ctrl inputs: { \ifu_respValid \wb_done \out_ready }
  ctrl outputs: { $auto$rtlil.cc:1832:Not$840 $procmux$282_CMP $procmux$273_CMP $procmux$268_CMP $0\state[2:0] }
  transition:      3'000 3'--- ->      3'001 7'0010001
  transition:      3'010 3'--- ->      3'011 7'1000011
  transition:      3'001 3'0-- ->      3'001 7'0001001
  transition:      3'001 3'1-0 ->      3'001 7'0001001
  transition:      3'001 3'1-1 ->      3'010 7'0001010
  transition:      3'011 3'-0- ->      3'011 7'0100011
  transition:      3'011 3'-1- ->      3'000 7'0100000
Extracting FSM `\state' from module `\ysyx_25030085_lsu'.
  found $adff cell for state register: $procdff$855
  root of input selection tree: $0\state[1:0]
  found reset state: 2'00 (from async reset)
  found ctrl input: \out_valid
  found ctrl input: $eq$/home/zzy/ysyx-workbench/npc/vsrc/ysyx_25030085_lsu.v:129$66_Y
  found ctrl input: \in_ready
  found ctrl input: \out_ready
  found ctrl input: $or$/home/zzy/ysyx-workbench/npc/vsrc/ysyx_25030085_lsu.v:107$64_Y
  found state code: 2'10
  found ctrl input: \lsu_respValid
  found ctrl input: $logic_and$/home/zzy/ysyx-workbench/npc/vsrc/ysyx_25030085_lsu.v:93$63_Y
  found state code: 2'01
  found ctrl output: \in_ready
  found ctrl output: \out_valid
  found ctrl output: $eq$/home/zzy/ysyx-workbench/npc/vsrc/ysyx_25030085_lsu.v:129$66_Y
  ctrl inputs: { $or$/home/zzy/ysyx-workbench/npc/vsrc/ysyx_25030085_lsu.v:107$64_Y $logic_and$/home/zzy/ysyx-workbench/npc/vsrc/ysyx_25030085_lsu.v:93$63_Y \lsu_respValid \out_ready }
  ctrl outputs: { $eq$/home/zzy/ysyx-workbench/npc/vsrc/ysyx_25030085_lsu.v:129$66_Y $0\state[1:0] \out_valid \in_ready }
  transition:       2'00 4'-0-- ->       2'00 5'00001
  transition:       2'00 4'-1-- ->       2'01 5'00101
  transition:       2'10 4'---0 ->       2'10 5'01010
  transition:       2'10 4'---1 ->       2'00 5'00010
  transition:       2'01 4'0--- ->       2'10 5'11000
  transition:       2'01 4'1-0- ->       2'01 5'10100
  transition:       2'01 4'1-1- ->       2'10 5'11000
Extracting FSM `\state' from module `\ysyx_25030085_wb'.
  found $adff cell for state register: $procdff$883
  root of input selection tree: $0\state[1:0]
  found reset state: 2'00 (from async reset)
  found ctrl input: $procmux$820_CMP
  found ctrl input: $eq$/home/zzy/ysyx-workbench/npc/vsrc/ysyx_25030085_wb.v:91$19_Y
  found ctrl input: \in_ready
  found state code: 2'11
  found ctrl input: $logic_and$/home/zzy/ysyx-workbench/npc/vsrc/ysyx_25030085_wb.v:53$17_Y
  found state code: 2'10
  found ctrl output: \in_ready
  found ctrl output: $eq$/home/zzy/ysyx-workbench/npc/vsrc/ysyx_25030085_wb.v:91$19_Y
  found ctrl output: $procmux$820_CMP
  ctrl inputs: $logic_and$/home/zzy/ysyx-workbench/npc/vsrc/ysyx_25030085_wb.v:53$17_Y
  ctrl outputs: { $procmux$820_CMP $eq$/home/zzy/ysyx-workbench/npc/vsrc/ysyx_25030085_wb.v:91$19_Y $0\state[1:0] \in_ready }
  transition:       2'00 1'0 ->       2'00 5'00001
  transition:       2'00 1'1 ->       2'10 5'00101
  transition:       2'10 1'- ->       2'11 5'01110
  transition:       2'11 1'- ->       2'00 5'10000

11.14.3. Executing FSM_OPT pass (simple optimizations of FSMs).
Optimizing FSM `$fsm$\state$922' from module `\ysyx_25030085_ex'.
Optimizing FSM `$fsm$\state$927' from module `\ysyx_25030085_id'.
Optimizing FSM `$fsm$\state$932' from module `\ysyx_25030085_if'.
Optimizing FSM `$fsm$\state$938' from module `\ysyx_25030085_lsu'.
Optimizing FSM `$fsm$\state$943' from module `\ysyx_25030085_wb'.

11.14.4. Executing OPT_CLEAN pass (remove unused cells and wires).
Finding unused cells or wires in module \ysyx_25030085..
Finding unused cells or wires in module \ysyx_25030085_RegisterFile..
Finding unused cells or wires in module \ysyx_25030085_csr_regfile..
Finding unused cells or wires in module \ysyx_25030085_ex..
Finding unused cells or wires in module \ysyx_25030085_id..
Finding unused cells or wires in module \ysyx_25030085_if..
Finding unused cells or wires in module \ysyx_25030085_lsu..
Finding unused cells or wires in module \ysyx_25030085_wb..
Removed 38 unused cells and 38 unused wires.
<suppressed ~43 debug messages>

11.14.5. Executing FSM_OPT pass (simple optimizations of FSMs).
Optimizing FSM `$fsm$\state$922' from module `\ysyx_25030085_ex'.
  Removing unused output signal $0\state[1:0] [0].
  Removing unused output signal $0\state[1:0] [1].
  Removing unused output signal $procmux$249_CMP.
Optimizing FSM `$fsm$\state$927' from module `\ysyx_25030085_id'.
  Removing unused output signal $0\state[1:0] [0].
  Removing unused output signal $0\state[1:0] [1].
  Removing unused output signal $procmux$753_CMP.
Optimizing FSM `$fsm$\state$932' from module `\ysyx_25030085_if'.
  Removing unused output signal $0\state[2:0] [0].
  Removing unused output signal $0\state[2:0] [1].
  Removing unused output signal $0\state[2:0] [2].
Optimizing FSM `$fsm$\state$938' from module `\ysyx_25030085_lsu'.
  Removing unused output signal $0\state[1:0] [0].
  Removing unused output signal $0\state[1:0] [1].
Optimizing FSM `$fsm$\state$943' from module `\ysyx_25030085_wb'.
  Removing unused output signal $0\state[1:0] [0].
  Removing unused output signal $0\state[1:0] [1].
  Removing unused output signal $procmux$820_CMP.

11.14.6. Executing FSM_RECODE pass (re-assigning FSM state encoding).
Recoding FSM `$fsm$\state$922' from module `\ysyx_25030085_ex' using `auto' encoding:
  mapping auto encoding to `one-hot` for this FSM.
  00 -> --1
  10 -> -1-
  01 -> 1--
Recoding FSM `$fsm$\state$927' from module `\ysyx_25030085_id' using `auto' encoding:
  mapping auto encoding to `one-hot` for this FSM.
  00 -> --1
  10 -> -1-
  01 -> 1--
Recoding FSM `$fsm$\state$932' from module `\ysyx_25030085_if' using `auto' encoding:
  mapping auto encoding to `one-hot` for this FSM.
  000 -> ---1
  010 -> --1-
  001 -> -1--
  011 -> 1---
Recoding FSM `$fsm$\state$938' from module `\ysyx_25030085_lsu' using `auto' encoding:
  mapping auto encoding to `one-hot` for this FSM.
  00 -> --1
  10 -> -1-
  01 -> 1--
Recoding FSM `$fsm$\state$943' from module `\ysyx_25030085_wb' using `auto' encoding:
  mapping auto encoding to `one-hot` for this FSM.
  00 -> --1
  10 -> -1-
  11 -> 1--

11.14.7. Executing FSM_INFO pass (dumping all available information on FSM cells).

FSM `$fsm$\state$922' from module `\ysyx_25030085_ex':
-------------------------------------

  Information on FSM $fsm$\state$922 (\state):

  Number of input signals:    2
  Number of output signals:   2
  Number of state bits:       3

  Input signals:
    0: \out_ready
    1: $logic_and$/home/zzy/ysyx-workbench/npc/vsrc/ysyx_25030085_exu.v:50$49_Y

  Output signals:
    0: \in_ready
    1: \out_valid

  State encoding:
    0:      3'--1  <RESET STATE>
    1:      3'-1-
    2:      3'1--

  Transition Table (state_in, ctrl_in, state_out, ctrl_out):
      0:     0 2'0-   ->     0 2'01
      1:     0 2'1-   ->     2 2'01
      2:     1 2'-1   ->     0 2'00
      3:     1 2'-0   ->     1 2'00
      4:     2 2'--   ->     1 2'10

-------------------------------------

FSM `$fsm$\state$927' from module `\ysyx_25030085_id':
-------------------------------------

  Information on FSM $fsm$\state$927 (\state):

  Number of input signals:    2
  Number of output signals:   2
  Number of state bits:       3

  Input signals:
    0: \out_ready
    1: $logic_and$/home/zzy/ysyx-workbench/npc/vsrc/ysyx_25030085_idu.v:45$24_Y

  Output signals:
    0: \in_ready
    1: \out_valid

  State encoding:
    0:      3'--1  <RESET STATE>
    1:      3'-1-
    2:      3'1--

  Transition Table (state_in, ctrl_in, state_out, ctrl_out):
      0:     0 2'0-   ->     0 2'01
      1:     0 2'1-   ->     2 2'01
      2:     1 2'-1   ->     0 2'00
      3:     1 2'-0   ->     1 2'00
      4:     2 2'--   ->     1 2'10

-------------------------------------

FSM `$fsm$\state$932' from module `\ysyx_25030085_if':
-------------------------------------

  Information on FSM $fsm$\state$932 (\state):

  Number of input signals:    3
  Number of output signals:   4
  Number of state bits:       4

  Input signals:
    0: \out_ready
    1: \wb_done
    2: \ifu_respValid

  Output signals:
    0: $procmux$268_CMP
    1: $procmux$273_CMP
    2: $procmux$282_CMP
    3: $auto$rtlil.cc:1832:Not$840

  State encoding:
    0:     4'---1  <RESET STATE>
    1:     4'--1-
    2:     4'-1--
    3:     4'1---

  Transition Table (state_in, ctrl_in, state_out, ctrl_out):
      0:     0 3'---   ->     2 4'0010
      1:     1 3'---   ->     3 4'1000
      2:     2 3'1-1   ->     1 4'0001
      3:     2 3'1-0   ->     2 4'0001
      4:     2 3'0--   ->     2 4'0001
      5:     3 3'-1-   ->     0 4'0100
      6:     3 3'-0-   ->     3 4'0100

-------------------------------------

FSM `$fsm$\state$938' from module `\ysyx_25030085_lsu':
-------------------------------------

  Information on FSM $fsm$\state$938 (\state):

  Number of input signals:    4
  Number of output signals:   3
  Number of state bits:       3

  Input signals:
    0: \out_ready
    1: \lsu_respValid
    2: $logic_and$/home/zzy/ysyx-workbench/npc/vsrc/ysyx_25030085_lsu.v:93$63_Y
    3: $or$/home/zzy/ysyx-workbench/npc/vsrc/ysyx_25030085_lsu.v:107$64_Y

  Output signals:
    0: \in_ready
    1: \out_valid
    2: $eq$/home/zzy/ysyx-workbench/npc/vsrc/ysyx_25030085_lsu.v:129$66_Y

  State encoding:
    0:      3'--1  <RESET STATE>
    1:      3'-1-
    2:      3'1--

  Transition Table (state_in, ctrl_in, state_out, ctrl_out):
      0:     0 4'-0--   ->     0 3'001
      1:     0 4'-1--   ->     2 3'001
      2:     1 4'---1   ->     0 3'010
      3:     1 4'---0   ->     1 3'010
      4:     2 4'1-1-   ->     1 3'100
      5:     2 4'0---   ->     1 3'100
      6:     2 4'1-0-   ->     2 3'100

-------------------------------------

FSM `$fsm$\state$943' from module `\ysyx_25030085_wb':
-------------------------------------

  Information on FSM $fsm$\state$943 (\state):

  Number of input signals:    1
  Number of output signals:   2
  Number of state bits:       3

  Input signals:
    0: $logic_and$/home/zzy/ysyx-workbench/npc/vsrc/ysyx_25030085_wb.v:53$17_Y

  Output signals:
    0: \in_ready
    1: $eq$/home/zzy/ysyx-workbench/npc/vsrc/ysyx_25030085_wb.v:91$19_Y

  State encoding:
    0:      3'--1  <RESET STATE>
    1:      3'-1-
    2:      3'1--

  Transition Table (state_in, ctrl_in, state_out, ctrl_out):
      0:     0 1'0   ->     0 2'01
      1:     0 1'1   ->     1 2'01
      2:     1 1'-   ->     2 2'10
      3:     2 1'-   ->     0 2'00

-------------------------------------

11.14.8. Executing FSM_MAP pass (mapping FSMs to basic logic).
Mapping FSM `$fsm$\state$922' from module `\ysyx_25030085_ex'.
Mapping FSM `$fsm$\state$927' from module `\ysyx_25030085_id'.
Mapping FSM `$fsm$\state$932' from module `\ysyx_25030085_if'.
Mapping FSM `$fsm$\state$938' from module `\ysyx_25030085_lsu'.
Mapping FSM `$fsm$\state$943' from module `\ysyx_25030085_wb'.

11.15. Executing OPT pass (performing simple optimizations).

11.15.1. Executing OPT_EXPR pass (perform const folding).
Optimizing module ysyx_25030085.
Optimizing module ysyx_25030085_RegisterFile.
Optimizing module ysyx_25030085_csr_regfile.
Optimizing module ysyx_25030085_ex.
<suppressed ~4 debug messages>
Optimizing module ysyx_25030085_id.
<suppressed ~4 debug messages>
Optimizing module ysyx_25030085_if.
<suppressed ~3 debug messages>
Optimizing module ysyx_25030085_lsu.
<suppressed ~5 debug messages>
Optimizing module ysyx_25030085_wb.
<suppressed ~2 debug messages>

11.15.2. Executing OPT_MERGE pass (detect identical cells).
Finding identical cells in module `\ysyx_25030085'.
Finding identical cells in module `\ysyx_25030085_RegisterFile'.
Finding identical cells in module `\ysyx_25030085_csr_regfile'.
Finding identical cells in module `\ysyx_25030085_ex'.
Finding identical cells in module `\ysyx_25030085_id'.
Finding identical cells in module `\ysyx_25030085_if'.
Finding identical cells in module `\ysyx_25030085_lsu'.
Finding identical cells in module `\ysyx_25030085_wb'.
Removed a total of 0 cells.

11.15.3. Executing OPT_RMDFF pass (remove dff with constant values).

11.15.4. Executing OPT_CLEAN pass (remove unused cells and wires).
Finding unused cells or wires in module \ysyx_25030085..
Finding unused cells or wires in module \ysyx_25030085_RegisterFile..
Finding unused cells or wires in module \ysyx_25030085_csr_regfile..
Finding unused cells or wires in module \ysyx_25030085_ex..
Finding unused cells or wires in module \ysyx_25030085_id..
Finding unused cells or wires in module \ysyx_25030085_if..
Finding unused cells or wires in module \ysyx_25030085_lsu..
Finding unused cells or wires in module \ysyx_25030085_wb..
Removed 0 unused cells and 32 unused wires.
<suppressed ~5 debug messages>

11.15.5. Finished fast OPT passes.

11.16. Executing MEMORY pass.

11.16.1. Executing MEMORY_DFF pass (merging $dff cells to $memrd and $memwr).
Checking cell `$memwr$\rf$/home/zzy/ysyx-workbench/npc/vsrc/ysyx_25030085_regfile.v:22$14' in module `\ysyx_25030085_RegisterFile': merged $dff to cell.
Checking cell `$memrd$\rf$/home/zzy/ysyx-workbench/npc/vsrc/ysyx_25030085_regfile.v:26$9' in module `\ysyx_25030085_RegisterFile': no (compatible) $dff found.
Checking cell `$memrd$\rf$/home/zzy/ysyx-workbench/npc/vsrc/ysyx_25030085_regfile.v:27$12' in module `\ysyx_25030085_RegisterFile': no (compatible) $dff found.

11.16.2. Executing OPT_CLEAN pass (remove unused cells and wires).
Finding unused cells or wires in module \ysyx_25030085..
Finding unused cells or wires in module \ysyx_25030085_RegisterFile..
Finding unused cells or wires in module \ysyx_25030085_csr_regfile..
Finding unused cells or wires in module \ysyx_25030085_ex..
Finding unused cells or wires in module \ysyx_25030085_id..
Finding unused cells or wires in module \ysyx_25030085_if..
Finding unused cells or wires in module \ysyx_25030085_lsu..
Finding unused cells or wires in module \ysyx_25030085_wb..
Removed 5 unused cells and 5 unused wires.
<suppressed ~6 debug messages>

11.16.3. Executing MEMORY_SHARE pass (consolidating $memrd/$memwr cells).

11.16.4. Executing OPT_CLEAN pass (remove unused cells and wires).
Finding unused cells or wires in module \ysyx_25030085..
Finding unused cells or wires in module \ysyx_25030085_RegisterFile..
Finding unused cells or wires in module \ysyx_25030085_csr_regfile..
Finding unused cells or wires in module \ysyx_25030085_ex..
Finding unused cells or wires in module \ysyx_25030085_id..
Finding unused cells or wires in module \ysyx_25030085_if..
Finding unused cells or wires in module \ysyx_25030085_lsu..
Finding unused cells or wires in module \ysyx_25030085_wb..

11.16.5. Executing MEMORY_COLLECT pass (generating $mem cells).
Collecting $memrd, $memwr and $meminit for memory `\rf' in module `\ysyx_25030085_RegisterFile':
  $memwr$\rf$/home/zzy/ysyx-workbench/npc/vsrc/ysyx_25030085_regfile.v:22$14 ($memwr)
  $memrd$\rf$/home/zzy/ysyx-workbench/npc/vsrc/ysyx_25030085_regfile.v:26$9 ($memrd)
  $memrd$\rf$/home/zzy/ysyx-workbench/npc/vsrc/ysyx_25030085_regfile.v:27$12 ($memrd)

11.17. Executing OPT_CLEAN pass (remove unused cells and wires).
Finding unused cells or wires in module \ysyx_25030085..
Finding unused cells or wires in module \ysyx_25030085_RegisterFile..
Finding unused cells or wires in module \ysyx_25030085_csr_regfile..
Finding unused cells or wires in module \ysyx_25030085_ex..
Finding unused cells or wires in module \ysyx_25030085_id..
Finding unused cells or wires in module \ysyx_25030085_if..
Finding unused cells or wires in module \ysyx_25030085_lsu..
Finding unused cells or wires in module \ysyx_25030085_wb..

11.18. Executing OPT pass (performing simple optimizations).

11.18.1. Executing OPT_EXPR pass (perform const folding).
Optimizing module ysyx_25030085.
Optimizing module ysyx_25030085_RegisterFile.
<suppressed ~1 debug messages>
Optimizing module ysyx_25030085_csr_regfile.
Optimizing module ysyx_25030085_ex.
Optimizing module ysyx_25030085_id.
<suppressed ~13 debug messages>
Optimizing module ysyx_25030085_if.
<suppressed ~1 debug messages>
Optimizing module ysyx_25030085_lsu.
<suppressed ~8 debug messages>
Optimizing module ysyx_25030085_wb.
<suppressed ~1 debug messages>

11.18.2. Executing OPT_MERGE pass (detect identical cells).
Finding identical cells in module `\ysyx_25030085'.
Finding identical cells in module `\ysyx_25030085_RegisterFile'.
Finding identical cells in module `\ysyx_25030085_csr_regfile'.
Finding identical cells in module `\ysyx_25030085_ex'.
Finding identical cells in module `\ysyx_25030085_id'.
Finding identical cells in module `\ysyx_25030085_if'.
Finding identical cells in module `\ysyx_25030085_lsu'.
Finding identical cells in module `\ysyx_25030085_wb'.
Removed a total of 0 cells.

11.18.3. Executing OPT_RMDFF pass (remove dff with constant values).

11.18.4. Executing OPT_CLEAN pass (remove unused cells and wires).
Finding unused cells or wires in module \ysyx_25030085..
Finding unused cells or wires in module \ysyx_25030085_RegisterFile..
Finding unused cells or wires in module \ysyx_25030085_csr_regfile..
Finding unused cells or wires in module \ysyx_25030085_ex..
Finding unused cells or wires in module \ysyx_25030085_id..
Finding unused cells or wires in module \ysyx_25030085_if..
Finding unused cells or wires in module \ysyx_25030085_lsu..
Finding unused cells or wires in module \ysyx_25030085_wb..
Removed 1 unused cells and 10 unused wires.
<suppressed ~5 debug messages>

11.18.5. Finished fast OPT passes.

11.19. Executing MEMORY_MAP pass (converting $mem cells to logic and flip-flops).
Mapping memory cell \rf in module \ysyx_25030085_RegisterFile:
  created 15 $dff cells and 0 static cells of width 32.
  read interface: 0 $dff and 30 $mux cells.
  write interface: 15 write mux blocks.

11.20. Executing OPT pass (performing simple optimizations).

11.20.1. Executing OPT_EXPR pass (perform const folding).
Optimizing module ysyx_25030085.
Optimizing module ysyx_25030085_RegisterFile.
<suppressed ~67 debug messages>
Optimizing module ysyx_25030085_csr_regfile.
Optimizing module ysyx_25030085_ex.
Optimizing module ysyx_25030085_id.
Optimizing module ysyx_25030085_if.
Optimizing module ysyx_25030085_lsu.
Optimizing module ysyx_25030085_wb.

11.20.2. Executing OPT_MERGE pass (detect identical cells).
Finding identical cells in module `\ysyx_25030085'.
Finding identical cells in module `\ysyx_25030085_RegisterFile'.
<suppressed ~192 debug messages>
Finding identical cells in module `\ysyx_25030085_csr_regfile'.
Finding identical cells in module `\ysyx_25030085_ex'.
Finding identical cells in module `\ysyx_25030085_id'.
Finding identical cells in module `\ysyx_25030085_if'.
Finding identical cells in module `\ysyx_25030085_lsu'.
Finding identical cells in module `\ysyx_25030085_wb'.
Removed a total of 64 cells.

11.20.3. Executing OPT_MUXTREE pass (detect dead branches in mux trees).
Running muxtree optimizer on module \ysyx_25030085..
  Creating internal representation of mux trees.
  No muxes found in this module.
Running muxtree optimizer on module \ysyx_25030085_RegisterFile..
  Creating internal representation of mux trees.
  Evaluating internal representation of mux trees.
  Analyzing evaluation results.
Running muxtree optimizer on module \ysyx_25030085_csr_regfile..
  Creating internal representation of mux trees.
  Evaluating internal representation of mux trees.
  Analyzing evaluation results.
Running muxtree optimizer on module \ysyx_25030085_ex..
  Creating internal representation of mux trees.
  Evaluating internal representation of mux trees.
  Analyzing evaluation results.
Running muxtree optimizer on module \ysyx_25030085_id..
  Creating internal representation of mux trees.
  Evaluating internal representation of mux trees.
  Analyzing evaluation results.
Running muxtree optimizer on module \ysyx_25030085_if..
  Creating internal representation of mux trees.
  Evaluating internal representation of mux trees.
  Analyzing evaluation results.
Running muxtree optimizer on module \ysyx_25030085_lsu..
  Creating internal representation of mux trees.
  Evaluating internal representation of mux trees.
  Analyzing evaluation results.
Running muxtree optimizer on module \ysyx_25030085_wb..
  Creating internal representation of mux trees.
  Evaluating internal representation of mux trees.
  Analyzing evaluation results.
Removed 0 multiplexer ports.
<suppressed ~62 debug messages>

11.20.4. Executing OPT_REDUCE pass (consolidate $*mux and $reduce_* inputs).
  Optimizing cells in module \ysyx_25030085.
  Optimizing cells in module \ysyx_25030085_RegisterFile.
  Optimizing cells in module \ysyx_25030085_csr_regfile.
    Consolidated identical input bits for $mux cell $ternary$/home/zzy/ysyx-workbench/npc/vsrc/ysyx_25030085_csr.v:26$37:
      Old ports: A=25'0000000000000000000000000, B=25'1011111011110110111000101, Y=$auto$wreduce.cc:455:run$905 [24:0]
      New ports: A=1'0, B=1'1, Y=$auto$wreduce.cc:455:run$905 [0]
      New connections: $auto$wreduce.cc:455:run$905 [24:1] = { $auto$wreduce.cc:455:run$905 [0] 1'0 $auto$wreduce.cc:455:run$905 [0] $auto$wreduce.cc:455:run$905 [0] $auto$wreduce.cc:455:run$905 [0] $auto$wreduce.cc:455:run$905 [0] $auto$wreduce.cc:455:run$905 [0] 1'0 $auto$wreduce.cc:455:run$905 [0] $auto$wreduce.cc:455:run$905 [0] $auto$wreduce.cc:455:run$905 [0] $auto$wreduce.cc:455:run$905 [0] 1'0 $auto$wreduce.cc:455:run$905 [0] $auto$wreduce.cc:455:run$905 [0] 1'0 $auto$wreduce.cc:455:run$905 [0] $auto$wreduce.cc:455:run$905 [0] $auto$wreduce.cc:455:run$905 [0] 3'000 $auto$wreduce.cc:455:run$905 [0] 1'0 }
    Consolidated identical input bits for $mux cell $ternary$/home/zzy/ysyx-workbench/npc/vsrc/ysyx_25030085_csr.v:26$38:
      Old ports: A={ 6'000000 $auto$wreduce.cc:455:run$905 [24:0] }, B=31'1111001011100110111100101111000, Y=$auto$wreduce.cc:455:run$906 [30:0]
      New ports: A={ 1'0 $auto$wreduce.cc:455:run$905 [24:0] }, B=26'11011100110111100101111000, Y={ $auto$wreduce.cc:455:run$906 [27] $auto$wreduce.cc:455:run$906 [24:0] }
      New connections: { $auto$wreduce.cc:455:run$906 [30:28] $auto$wreduce.cc:455:run$906 [26:25] } = { $auto$wreduce.cc:455:run$906 [27] $auto$wreduce.cc:455:run$906 [27] $auto$wreduce.cc:455:run$906 [27] 2'00 }
  Optimizing cells in module \ysyx_25030085_csr_regfile.
    Consolidated identical input bits for $mux cell $ternary$/home/zzy/ysyx-workbench/npc/vsrc/ysyx_25030085_csr.v:26$38:
      Old ports: A={ 1'0 $auto$wreduce.cc:455:run$905 [24:0] }, B=26'11011100110111100101111000, Y={ $auto$wreduce.cc:455:run$906 [27] $auto$wreduce.cc:455:run$906 [24:0] }
      New ports: A={ $auto$wreduce.cc:455:run$905 [0] 1'0 $auto$wreduce.cc:455:run$905 [0] }, B=3'110, Y={ $auto$wreduce.cc:455:run$906 [6] $auto$wreduce.cc:455:run$906 [3] $auto$wreduce.cc:455:run$906 [0] }
      New connections: { $auto$wreduce.cc:455:run$906 [27] $auto$wreduce.cc:455:run$906 [24:7] $auto$wreduce.cc:455:run$906 [5:4] $auto$wreduce.cc:455:run$906 [2:1] } = { $auto$wreduce.cc:455:run$906 [3] $auto$wreduce.cc:455:run$906 [6] 1'0 $auto$wreduce.cc:455:run$906 [6] $auto$wreduce.cc:455:run$906 [6] $auto$wreduce.cc:455:run$906 [6] $auto$wreduce.cc:455:run$906 [0] $auto$wreduce.cc:455:run$906 [0] $auto$wreduce.cc:455:run$906 [3] $auto$wreduce.cc:455:run$906 [6] $auto$wreduce.cc:455:run$906 [0] $auto$wreduce.cc:455:run$906 [6] $auto$wreduce.cc:455:run$906 [6] $auto$wreduce.cc:455:run$906 [3] $auto$wreduce.cc:455:run$906 [6] $auto$wreduce.cc:455:run$906 [0] 1'0 $auto$wreduce.cc:455:run$906 [6] $auto$wreduce.cc:455:run$906 [0] $auto$wreduce.cc:455:run$906 [3] $auto$wreduce.cc:455:run$906 [3] $auto$wreduce.cc:455:run$906 [0] 1'0 }
  Optimizing cells in module \ysyx_25030085_csr_regfile.
  Optimizing cells in module \ysyx_25030085_ex.
    New input vector for $reduce_or cell $auto$fsm_map.cc:144:implement_pattern_cache$960: { $auto$fsm_map.cc:118:implement_pattern_cache$954 $auto$fsm_map.cc:118:implement_pattern_cache$958 }
  Optimizing cells in module \ysyx_25030085_ex.
  Optimizing cells in module \ysyx_25030085_id.
    Consolidated identical input bits for $mux cell $procmux$380:
      Old ports: A=3'000, B=3'100, Y=$4\MemtoReg[2:0]
      New ports: A=1'0, B=1'1, Y=$4\MemtoReg[2:0] [2]
      New connections: $4\MemtoReg[2:0] [1:0] = 2'00
    Consolidated identical input bits for $mux cell $procmux$389:
      Old ports: A=0, B={ \inst [31] \inst [31] \inst [31] \inst [31] \inst [31] \inst [31] \inst [31] \inst [31] \inst [31] \inst [31] \inst [31] \inst [31] \inst [31] \inst [31] \inst [31] \inst [31] \inst [31] \inst [31] \inst [31] \inst [31] \inst [31:20] }, Y=$5\imm[31:0]
      New ports: A=12'000000000000, B=\inst [31:20], Y=$5\imm[31:0] [11:0]
      New connections: $5\imm[31:0] [31:12] = { $5\imm[31:0] [11] $5\imm[31:0] [11] $5\imm[31:0] [11] $5\imm[31:0] [11] $5\imm[31:0] [11] $5\imm[31:0] [11] $5\imm[31:0] [11] $5\imm[31:0] [11] $5\imm[31:0] [11] $5\imm[31:0] [11] $5\imm[31:0] [11] $5\imm[31:0] [11] $5\imm[31:0] [11] $5\imm[31:0] [11] $5\imm[31:0] [11] $5\imm[31:0] [11] $5\imm[31:0] [11] $5\imm[31:0] [11] $5\imm[31:0] [11] $5\imm[31:0] [11] }
    Consolidated identical input bits for $mux cell $procmux$409:
      Old ports: A=2'00, B=2'10, Y=$3\MemtoReg[2:0]
      New ports: A=1'0, B=1'1, Y=$3\MemtoReg[2:0] [1]
      New connections: $3\MemtoReg[2:0] [0] = 1'0
    Consolidated identical input bits for $mux cell $procmux$461:
      Old ports: A=2'00, B=2'10, Y=$4\MemOp[2:0]
      New ports: A=1'0, B=1'1, Y=$4\MemOp[2:0] [1]
      New connections: $4\MemOp[2:0] [0] = 1'0
    Consolidated identical input bits for $pmux cell $procmux$485:
      Old ports: A=3'000, B=6'010100, Y=$3\MemOp[2:0]
      New ports: A=2'00, B=4'0110, Y=$3\MemOp[2:0] [2:1]
      New connections: $3\MemOp[2:0] [0] = 1'0
    Consolidated identical input bits for $mux cell $procmux$513:
      Old ports: A=0, B={ \inst [31] \inst [31] \inst [31] \inst [31] \inst [31] \inst [31] \inst [31] \inst [31] \inst [31] \inst [31] \inst [31] \inst [31] \inst [31] \inst [31] \inst [31] \inst [31] \inst [31] \inst [31] \inst [31] \inst [31] \inst [31:20] }, Y=$3\imm[31:0]
      New ports: A=12'000000000000, B=\inst [31:20], Y=$3\imm[31:0] [11:0]
      New connections: $3\imm[31:0] [31:12] = { $3\imm[31:0] [11] $3\imm[31:0] [11] $3\imm[31:0] [11] $3\imm[31:0] [11] $3\imm[31:0] [11] $3\imm[31:0] [11] $3\imm[31:0] [11] $3\imm[31:0] [11] $3\imm[31:0] [11] $3\imm[31:0] [11] $3\imm[31:0] [11] $3\imm[31:0] [11] $3\imm[31:0] [11] $3\imm[31:0] [11] $3\imm[31:0] [11] $3\imm[31:0] [11] $3\imm[31:0] [11] $3\imm[31:0] [11] $3\imm[31:0] [11] $3\imm[31:0] [11] }
  Optimizing cells in module \ysyx_25030085_id.
    Consolidated identical input bits for $pmux cell $procmux$657:
      Old ports: A=3'000, B={ $3\MemOp[2:0] 1'0 $4\MemOp[2:0] }, Y=$2\MemOp[2:0]
      New ports: A=2'00, B={ $3\MemOp[2:0] [2:1] 1'0 $4\MemOp[2:0] [1] }, Y=$2\MemOp[2:0] [2:1]
      New connections: $2\MemOp[2:0] [0] = 1'0
  Optimizing cells in module \ysyx_25030085_id.
    Consolidated identical input bits for $mux cell $procmux$715:
      Old ports: A=3'000, B=$2\MemOp[2:0], Y=\MemOp
      New ports: A=2'00, B=$2\MemOp[2:0] [2:1], Y=\MemOp [2:1]
      New connections: \MemOp [0] = 1'0
  Optimizing cells in module \ysyx_25030085_id.
  Optimizing cells in module \ysyx_25030085_if.
    New input vector for $reduce_or cell $auto$fsm_map.cc:144:implement_pattern_cache$1012: { $auto$fsm_map.cc:118:implement_pattern_cache$1010 \state [0] $auto$fsm_map.cc:118:implement_pattern_cache$1006 }
  Optimizing cells in module \ysyx_25030085_if.
  Optimizing cells in module \ysyx_25030085_lsu.
    New input vector for $reduce_or cell $auto$fsm_map.cc:144:implement_pattern_cache$1052: { $auto$fsm_map.cc:118:implement_pattern_cache$1046 $auto$fsm_map.cc:118:implement_pattern_cache$1050 }
    New input vector for $reduce_or cell $auto$fsm_map.cc:144:implement_pattern_cache$1043: { $auto$fsm_map.cc:118:implement_pattern_cache$1037 $auto$fsm_map.cc:118:implement_pattern_cache$1033 $auto$fsm_map.cc:118:implement_pattern_cache$1041 }
    New input vector for $reduce_or cell $auto$fsm_map.cc:144:implement_pattern_cache$1030: { $auto$fsm_map.cc:118:implement_pattern_cache$1024 $auto$fsm_map.cc:118:implement_pattern_cache$1028 }
    Consolidated identical input bits for $mux cell $procmux$108:
      Old ports: A=2'10, B=2'00, Y=$4\lsu_size[1:0]
      New ports: A=1'1, B=1'0, Y=$4\lsu_size[1:0] [1]
      New connections: $4\lsu_size[1:0] [0] = 1'0
    Consolidated identical input bits for $mux cell $procmux$118:
      Old ports: A=2'10, B=2'00, Y=$2\lsu_size[1:0]
      New ports: A=1'1, B=1'0, Y=$2\lsu_size[1:0] [1]
      New connections: $2\lsu_size[1:0] [0] = 1'0
    Consolidated identical input bits for $mux cell $procmux$98:
      Old ports: A={ \addr [31:2] 2'00 }, B=\addr, Y=$2\lsu_addr[31:0]
      New ports: A=2'00, B=\addr [1:0], Y=$2\lsu_addr[31:0] [1:0]
      New connections: $2\lsu_addr[31:0] [31:2] = \addr [31:2]
  Optimizing cells in module \ysyx_25030085_lsu.
    Consolidated identical input bits for $mux cell $procmux$123:
      Old ports: A=2'10, B=$2\lsu_size[1:0], Y=$1\lsu_size[1:0]
      New ports: A=1'1, B=$2\lsu_size[1:0] [1], Y=$1\lsu_size[1:0] [1]
      New connections: $1\lsu_size[1:0] [0] = 1'0
  Optimizing cells in module \ysyx_25030085_lsu.
    Consolidated identical input bits for $mux cell $procmux$113:
      Old ports: A=$1\lsu_size[1:0], B={ $4\lsu_size[1:0] [1] 1'0 }, Y=\lsu_size
      New ports: A=$1\lsu_size[1:0] [1], B=$4\lsu_size[1:0] [1], Y=\lsu_size [1]
      New connections: \lsu_size [0] = 1'0
  Optimizing cells in module \ysyx_25030085_lsu.
  Optimizing cells in module \ysyx_25030085_wb.
    New input vector for $reduce_or cell $auto$fsm_map.cc:144:implement_pattern_cache$1061: { \state [2] $auto$fsm_map.cc:118:implement_pattern_cache$1059 }
  Optimizing cells in module \ysyx_25030085_wb.
Performed a total of 22 changes.

11.20.5. Executing OPT_MERGE pass (detect identical cells).
Finding identical cells in module `\ysyx_25030085'.
Finding identical cells in module `\ysyx_25030085_RegisterFile'.
Finding identical cells in module `\ysyx_25030085_csr_regfile'.
Finding identical cells in module `\ysyx_25030085_ex'.
Finding identical cells in module `\ysyx_25030085_id'.
Finding identical cells in module `\ysyx_25030085_if'.
Finding identical cells in module `\ysyx_25030085_lsu'.
Finding identical cells in module `\ysyx_25030085_wb'.
Removed a total of 0 cells.

11.20.6. Executing OPT_RMDFF pass (remove dff with constant values).

11.20.7. Executing OPT_CLEAN pass (remove unused cells and wires).
Finding unused cells or wires in module \ysyx_25030085..
Finding unused cells or wires in module \ysyx_25030085_RegisterFile..
Finding unused cells or wires in module \ysyx_25030085_csr_regfile..
Finding unused cells or wires in module \ysyx_25030085_ex..
Finding unused cells or wires in module \ysyx_25030085_id..
Finding unused cells or wires in module \ysyx_25030085_if..
Finding unused cells or wires in module \ysyx_25030085_lsu..
Finding unused cells or wires in module \ysyx_25030085_wb..
Removed 0 unused cells and 136 unused wires.
<suppressed ~1 debug messages>

11.20.8. Executing OPT_EXPR pass (perform const folding).
Optimizing module ysyx_25030085.
Optimizing module ysyx_25030085_RegisterFile.
<suppressed ~2 debug messages>
Optimizing module ysyx_25030085_csr_regfile.
<suppressed ~1 debug messages>
Optimizing module ysyx_25030085_ex.
Optimizing module ysyx_25030085_id.
<suppressed ~3 debug messages>
Optimizing module ysyx_25030085_if.
Optimizing module ysyx_25030085_lsu.
<suppressed ~2 debug messages>
Optimizing module ysyx_25030085_wb.

11.20.9. Rerunning OPT passes. (Maybe there is more to do..)

11.20.10. Executing OPT_MUXTREE pass (detect dead branches in mux trees).
Running muxtree optimizer on module \ysyx_25030085..
  Creating internal representation of mux trees.
  No muxes found in this module.
Running muxtree optimizer on module \ysyx_25030085_RegisterFile..
  Creating internal representation of mux trees.
  Evaluating internal representation of mux trees.
  Analyzing evaluation results.
Running muxtree optimizer on module \ysyx_25030085_csr_regfile..
  Creating internal representation of mux trees.
  Evaluating internal representation of mux trees.
  Analyzing evaluation results.
Running muxtree optimizer on module \ysyx_25030085_ex..
  Creating internal representation of mux trees.
  Evaluating internal representation of mux trees.
  Analyzing evaluation results.
Running muxtree optimizer on module \ysyx_25030085_id..
  Creating internal representation of mux trees.
  Evaluating internal representation of mux trees.
  Analyzing evaluation results.
Running muxtree optimizer on module \ysyx_25030085_if..
  Creating internal representation of mux trees.
  Evaluating internal representation of mux trees.
  Analyzing evaluation results.
Running muxtree optimizer on module \ysyx_25030085_lsu..
  Creating internal representation of mux trees.
  Evaluating internal representation of mux trees.
  Analyzing evaluation results.
Running muxtree optimizer on module \ysyx_25030085_wb..
  Creating internal representation of mux trees.
  Evaluating internal representation of mux trees.
  Analyzing evaluation results.
Removed 0 multiplexer ports.
<suppressed ~62 debug messages>

11.20.11. Executing OPT_REDUCE pass (consolidate $*mux and $reduce_* inputs).
  Optimizing cells in module \ysyx_25030085.
  Optimizing cells in module \ysyx_25030085_RegisterFile.
  Optimizing cells in module \ysyx_25030085_csr_regfile.
  Optimizing cells in module \ysyx_25030085_ex.
  Optimizing cells in module \ysyx_25030085_id.
  Optimizing cells in module \ysyx_25030085_if.
  Optimizing cells in module \ysyx_25030085_lsu.
  Optimizing cells in module \ysyx_25030085_wb.
Performed a total of 0 changes.

11.20.12. Executing OPT_MERGE pass (detect identical cells).
Finding identical cells in module `\ysyx_25030085'.
Finding identical cells in module `\ysyx_25030085_RegisterFile'.
Finding identical cells in module `\ysyx_25030085_csr_regfile'.
Finding identical cells in module `\ysyx_25030085_ex'.
Finding identical cells in module `\ysyx_25030085_id'.
Finding identical cells in module `\ysyx_25030085_if'.
Finding identical cells in module `\ysyx_25030085_lsu'.
Finding identical cells in module `\ysyx_25030085_wb'.
Removed a total of 0 cells.

11.20.13. Executing OPT_RMDFF pass (remove dff with constant values).

11.20.14. Executing OPT_CLEAN pass (remove unused cells and wires).
Finding unused cells or wires in module \ysyx_25030085..
Finding unused cells or wires in module \ysyx_25030085_RegisterFile..
Finding unused cells or wires in module \ysyx_25030085_csr_regfile..
Finding unused cells or wires in module \ysyx_25030085_ex..
Finding unused cells or wires in module \ysyx_25030085_id..
Finding unused cells or wires in module \ysyx_25030085_if..
Finding unused cells or wires in module \ysyx_25030085_lsu..
Finding unused cells or wires in module \ysyx_25030085_wb..
Removed 0 unused cells and 6 unused wires.
<suppressed ~3 debug messages>

11.20.15. Executing OPT_EXPR pass (perform const folding).
Optimizing module ysyx_25030085.
Optimizing module ysyx_25030085_RegisterFile.
Optimizing module ysyx_25030085_csr_regfile.
Optimizing module ysyx_25030085_ex.
Optimizing module ysyx_25030085_id.
Optimizing module ysyx_25030085_if.
Optimizing module ysyx_25030085_lsu.
Optimizing module ysyx_25030085_wb.

11.20.16. Finished OPT passes. (There is nothing left to do.)

11.21. Executing TECHMAP pass (map to technology primitives).

11.21.1. Executing Verilog-2005 frontend: <techmap.v>
Parsing Verilog input from `<techmap.v>' to AST representation.
Generating RTLIL representation for module `\_90_simplemap_bool_ops'.
Generating RTLIL representation for module `\_90_simplemap_reduce_ops'.
Generating RTLIL representation for module `\_90_simplemap_logic_ops'.
Generating RTLIL representation for module `\_90_simplemap_compare_ops'.
Generating RTLIL representation for module `\_90_simplemap_various'.
Generating RTLIL representation for module `\_90_simplemap_registers'.
Generating RTLIL representation for module `\_90_shift_ops_shr_shl_sshl_sshr'.
Generating RTLIL representation for module `\_90_shift_shiftx'.
Generating RTLIL representation for module `\_90_fa'.
Generating RTLIL representation for module `\_90_lcu'.
Generating RTLIL representation for module `\_90_alu'.
Generating RTLIL representation for module `\_90_macc'.
Generating RTLIL representation for module `\_90_alumacc'.
Generating RTLIL representation for module `\$__div_mod_u'.
Generating RTLIL representation for module `\$__div_mod'.
Generating RTLIL representation for module `\_90_div'.
Generating RTLIL representation for module `\_90_mod'.
Generating RTLIL representation for module `\_90_pow'.
Generating RTLIL representation for module `\_90_pmux'.
Generating RTLIL representation for module `\_90_lut'.
Successfully finished Verilog frontend.

11.21.2. Continuing TECHMAP pass.
Using extmapper simplemap for cells of type $logic_and.
Using extmapper simplemap for cells of type $reduce_bool.
Using extmapper simplemap for cells of type $logic_not.
Using extmapper simplemap for cells of type $dff.
Using extmapper simplemap for cells of type $mux.
Using extmapper simplemap for cells of type $and.
Using extmapper simplemap for cells of type $not.
Running "alumacc" on wrapper $extern:wrap:$sub:A_SIGNED=0:A_WIDTH=4:B_SIGNED=0:B_WIDTH=4:Y_WIDTH=4:394426c56d1a028ba8fdd5469b163e04011def47.
Using template $extern:wrap:$sub:A_SIGNED=0:A_WIDTH=4:B_SIGNED=0:B_WIDTH=4:Y_WIDTH=4:394426c56d1a028ba8fdd5469b163e04011def47 for cells of type $extern:wrap:$sub:A_SIGNED=0:A_WIDTH=4:B_SIGNED=0:B_WIDTH=4:Y_WIDTH=4:394426c56d1a028ba8fdd5469b163e04011def47.
Using template $paramod\_90_alu\A_SIGNED=0\B_SIGNED=0\A_WIDTH=4\B_WIDTH=4\Y_WIDTH=4 for cells of type $alu.
Using extmapper simplemap for cells of type $xor.
Using template $paramod\_90_lcu\WIDTH=4 for cells of type $lcu.
Using extmapper simplemap for cells of type $pos.
Using extmapper simplemap for cells of type $or.
Using extmapper simplemap for cells of type $adff.
Using extmapper simplemap for cells of type $reduce_or.
Using template $paramod\_90_alu\A_SIGNED=0\B_SIGNED=0\A_WIDTH=3\B_WIDTH=32\Y_WIDTH=32 for cells of type $alu.
Using template $paramod\_90_pmux\WIDTH=32\S_WIDTH=5 for cells of type $pmux.
Using extmapper simplemap for cells of type $eq.
Using template $paramod\_90_lcu\WIDTH=32 for cells of type $lcu.
Using template $paramod\_90_pmux\WIDTH=2\S_WIDTH=2 for cells of type $pmux.
Using template $paramod\_90_pmux\WIDTH=1\S_WIDTH=2 for cells of type $pmux.
Using template $paramod\_90_pmux\WIDTH=1\S_WIDTH=4 for cells of type $pmux.
Using template $paramod\_90_pmux\WIDTH=3\S_WIDTH=4 for cells of type $pmux.
Using template $paramod\_90_alu\A_SIGNED=0\B_SIGNED=0\A_WIDTH=1\B_WIDTH=64\Y_WIDTH=64 for cells of type $alu.
Using template $paramod\_90_lcu\WIDTH=64 for cells of type $lcu.
Using extmapper simplemap for cells of type $dlatch.
Using template $paramod\_90_alu\A_SIGNED=0\B_SIGNED=0\A_WIDTH=32\B_WIDTH=32\Y_WIDTH=32 for cells of type $alu.
Using extmapper simplemap for cells of type $logic_or.
Using template $paramod$constmap:66d421c313e4e958be776b99540ac2de3b59fdbc$paramod$9b74a473ccd678a23e1df4cc12019cbbece20051\_90_shift_ops_shr_shl_sshl_sshr for cells of type $shl.
Using template $paramod$constmap:8e66d8dd60fcf7e3a5815ef17e34f47dda9b68c1$paramod$0ac8b42eb8e4524fd51c7f10657f2bb8b596fc6e\_90_shift_ops_shr_shl_sshl_sshr for cells of type $shl.
Using template $paramod\_90_pmux\WIDTH=4\S_WIDTH=2 for cells of type $pmux.
Using template $paramod\_90_pmux\WIDTH=8\S_WIDTH=3 for cells of type $pmux.
Using template $paramod\_90_pmux\WIDTH=32\S_WIDTH=2 for cells of type $pmux.
No more expansions possible.
<suppressed ~2568 debug messages>

11.22. Executing OPT pass (performing simple optimizations).

11.22.1. Executing OPT_EXPR pass (perform const folding).
Optimizing module ysyx_25030085.
Optimizing module ysyx_25030085_RegisterFile.
<suppressed ~112 debug messages>
Optimizing module ysyx_25030085_csr_regfile.
<suppressed ~468 debug messages>
Optimizing module ysyx_25030085_ex.
<suppressed ~222 debug messages>
Optimizing module ysyx_25030085_id.
<suppressed ~103 debug messages>
Optimizing module ysyx_25030085_if.
<suppressed ~4 debug messages>
Optimizing module ysyx_25030085_lsu.
<suppressed ~121 debug messages>
Optimizing module ysyx_25030085_wb.
<suppressed ~193 debug messages>

11.22.2. Executing OPT_MERGE pass (detect identical cells).
Finding identical cells in module `\ysyx_25030085'.
Finding identical cells in module `\ysyx_25030085_RegisterFile'.
Finding identical cells in module `\ysyx_25030085_csr_regfile'.
<suppressed ~87 debug messages>
Finding identical cells in module `\ysyx_25030085_ex'.
Finding identical cells in module `\ysyx_25030085_id'.
<suppressed ~573 debug messages>
Finding identical cells in module `\ysyx_25030085_if'.
<suppressed ~3 debug messages>
Finding identical cells in module `\ysyx_25030085_lsu'.
<suppressed ~21 debug messages>
Finding identical cells in module `\ysyx_25030085_wb'.
<suppressed ~9 debug messages>
Removed a total of 231 cells.

11.22.3. Executing OPT_RMDFF pass (remove dff with constant values).

11.22.4. Executing OPT_CLEAN pass (remove unused cells and wires).
Finding unused cells or wires in module \ysyx_25030085..
Finding unused cells or wires in module \ysyx_25030085_RegisterFile..
Finding unused cells or wires in module \ysyx_25030085_csr_regfile..
Finding unused cells or wires in module \ysyx_25030085_ex..
Finding unused cells or wires in module \ysyx_25030085_id..
Finding unused cells or wires in module \ysyx_25030085_if..
Finding unused cells or wires in module \ysyx_25030085_lsu..
Finding unused cells or wires in module \ysyx_25030085_wb..
Removed 236 unused cells and 1168 unused wires.
<suppressed ~243 debug messages>

11.22.5. Finished fast OPT passes.

11.23. Executing ABC pass (technology mapping using ABC).

11.23.1. Extracting gate netlist of module `\ysyx_25030085' to `<abc-temp-dir>/input.blif'..
Extracted 0 gates and 0 wires to a netlist network with 0 inputs and 0 outputs.
Don't call ABC as there is nothing to map.
Removing temp directory.

11.23.2. Extracting gate netlist of module `\ysyx_25030085_RegisterFile' to `<abc-temp-dir>/input.blif'..
Extracted 1525 gates and 2052 wires to a netlist network with 525 inputs and 544 outputs.

11.23.2.1. Executing ABC.
Running ABC command: berkeley-abc -s -f <abc-temp-dir>/abc.script 2>&1
ABC: ABC command line: "source <abc-temp-dir>/abc.script".
ABC: 
ABC: + read_blif <abc-temp-dir>/input.blif 
ABC: + read_library <abc-temp-dir>/stdcells.genlib 
ABC: Entered genlib library with 17 gates from file "<abc-temp-dir>/stdcells.genlib".
ABC: + strash 
ABC: + dretime 
ABC: + retime 
ABC: + map 
ABC: + write_blif <abc-temp-dir>/output.blif 

11.23.2.2. Re-integrating ABC results.
ABC RESULTS:            ANDNOT cells:       81
ABC RESULTS:               MUX cells:     1376
ABC RESULTS:              NAND cells:        1
ABC RESULTS:               NOR cells:        4
ABC RESULTS:               NOT cells:        1
ABC RESULTS:                OR cells:       30
ABC RESULTS:             ORNOT cells:        2
ABC RESULTS:              XNOR cells:        2
ABC RESULTS:               XOR cells:        8
ABC RESULTS:        internal signals:      983
ABC RESULTS:           input signals:      525
ABC RESULTS:          output signals:      544
Removing temp directory.

11.23.3. Extracting gate netlist of module `\ysyx_25030085_csr_regfile' to `<abc-temp-dir>/input.blif'..
Extracted 377 gates and 457 wires to a netlist network with 78 inputs and 96 outputs.

11.23.3.1. Executing ABC.
Running ABC command: berkeley-abc -s -f <abc-temp-dir>/abc.script 2>&1
ABC: ABC command line: "source <abc-temp-dir>/abc.script".
ABC: 
ABC: + read_blif <abc-temp-dir>/input.blif 
ABC: + read_library <abc-temp-dir>/stdcells.genlib 
ABC: Entered genlib library with 17 gates from file "<abc-temp-dir>/stdcells.genlib".
ABC: + strash 
ABC: + dretime 
ABC: + retime 
ABC: + map 
ABC: + write_blif <abc-temp-dir>/output.blif 

11.23.3.2. Re-integrating ABC results.
ABC RESULTS:               AND cells:        3
ABC RESULTS:            ANDNOT cells:      127
ABC RESULTS:              AOI3 cells:       12
ABC RESULTS:               MUX cells:       37
ABC RESULTS:              NAND cells:       31
ABC RESULTS:               NOR cells:        4
ABC RESULTS:               NOT cells:       47
ABC RESULTS:              OAI3 cells:       10
ABC RESULTS:                OR cells:       73
ABC RESULTS:             ORNOT cells:       17
ABC RESULTS:              XNOR cells:        1
ABC RESULTS:               XOR cells:       62
ABC RESULTS:        internal signals:      283
ABC RESULTS:           input signals:       78
ABC RESULTS:          output signals:       96
Removing temp directory.

11.23.4. Extracting gate netlist of module `\ysyx_25030085_ex' to `<abc-temp-dir>/input.blif'..
Extracted 692 gates and 987 wires to a netlist network with 293 inputs and 211 outputs.

11.23.4.1. Executing ABC.
Running ABC command: berkeley-abc -s -f <abc-temp-dir>/abc.script 2>&1
ABC: ABC command line: "source <abc-temp-dir>/abc.script".
ABC: 
ABC: + read_blif <abc-temp-dir>/input.blif 
ABC: + read_library <abc-temp-dir>/stdcells.genlib 
ABC: Entered genlib library with 17 gates from file "<abc-temp-dir>/stdcells.genlib".
ABC: + strash 
ABC: + dretime 
ABC: + retime 
ABC: + map 
ABC: + write_blif <abc-temp-dir>/output.blif 

11.23.4.2. Re-integrating ABC results.
ABC RESULTS:               AND cells:       15
ABC RESULTS:            ANDNOT cells:       69
ABC RESULTS:              AOI3 cells:       19
ABC RESULTS:               MUX cells:      351
ABC RESULTS:              NAND cells:       38
ABC RESULTS:               NOR cells:        7
ABC RESULTS:               NOT cells:       33
ABC RESULTS:              OAI3 cells:       25
ABC RESULTS:                OR cells:       23
ABC RESULTS:             ORNOT cells:       10
ABC RESULTS:              XNOR cells:       28
ABC RESULTS:               XOR cells:       66
ABC RESULTS:        internal signals:      483
ABC RESULTS:           input signals:      293
ABC RESULTS:          output signals:      211
Removing temp directory.

11.23.5. Extracting gate netlist of module `\ysyx_25030085_id' to `<abc-temp-dir>/input.blif'..
Extracted 452 gates and 587 wires to a netlist network with 133 inputs and 110 outputs.

11.23.5.1. Executing ABC.
Running ABC command: berkeley-abc -s -f <abc-temp-dir>/abc.script 2>&1
ABC: ABC command line: "source <abc-temp-dir>/abc.script".
ABC: 
ABC: + read_blif <abc-temp-dir>/input.blif 
ABC: + read_library <abc-temp-dir>/stdcells.genlib 
ABC: Entered genlib library with 17 gates from file "<abc-temp-dir>/stdcells.genlib".
ABC: + strash 
ABC: + dretime 
ABC: + retime 
ABC: + map 
ABC: + write_blif <abc-temp-dir>/output.blif 

11.23.5.2. Re-integrating ABC results.
ABC RESULTS:               AND cells:        9
ABC RESULTS:            ANDNOT cells:       69
ABC RESULTS:              AOI3 cells:        7
ABC RESULTS:              AOI4 cells:        1
ABC RESULTS:               MUX cells:      129
ABC RESULTS:              NAND cells:        8
ABC RESULTS:               NOR cells:        3
ABC RESULTS:               NOT cells:       21
ABC RESULTS:              OAI3 cells:        6
ABC RESULTS:              OAI4 cells:       49
ABC RESULTS:                OR cells:       54
ABC RESULTS:             ORNOT cells:        8
ABC RESULTS:        internal signals:      344
ABC RESULTS:           input signals:      133
ABC RESULTS:          output signals:      110
Removing temp directory.

11.23.6. Extracting gate netlist of module `\ysyx_25030085_if' to `<abc-temp-dir>/input.blif'..
Extracted 178 gates and 347 wires to a netlist network with 168 inputs and 101 outputs.

11.23.6.1. Executing ABC.
Running ABC command: berkeley-abc -s -f <abc-temp-dir>/abc.script 2>&1
ABC: ABC command line: "source <abc-temp-dir>/abc.script".
ABC: 
ABC: + read_blif <abc-temp-dir>/input.blif 
ABC: + read_library <abc-temp-dir>/stdcells.genlib 
ABC: Entered genlib library with 17 gates from file "<abc-temp-dir>/stdcells.genlib".
ABC: + strash 
ABC: + dretime 
ABC: + retime 
ABC: + map 
ABC: + write_blif <abc-temp-dir>/output.blif 

11.23.6.2. Re-integrating ABC results.
ABC RESULTS:               AND cells:        1
ABC RESULTS:            ANDNOT cells:        3
ABC RESULTS:              AOI3 cells:        1
ABC RESULTS:               MUX cells:      161
ABC RESULTS:              NAND cells:        1
ABC RESULTS:               NOT cells:        2
ABC RESULTS:              OAI3 cells:        1
ABC RESULTS:                OR cells:        2
ABC RESULTS:        internal signals:       78
ABC RESULTS:           input signals:      168
ABC RESULTS:          output signals:      101
Removing temp directory.

11.23.7. Extracting gate netlist of module `\ysyx_25030085_lsu' to `<abc-temp-dir>/input.blif'..
Extracted 760 gates and 1185 wires to a netlist network with 423 inputs and 281 outputs.

11.23.7.1. Executing ABC.
Running ABC command: berkeley-abc -s -f <abc-temp-dir>/abc.script 2>&1
ABC: ABC command line: "source <abc-temp-dir>/abc.script".
ABC: 
ABC: + read_blif <abc-temp-dir>/input.blif 
ABC: + read_library <abc-temp-dir>/stdcells.genlib 
ABC: Entered genlib library with 17 gates from file "<abc-temp-dir>/stdcells.genlib".
ABC: + strash 
ABC: + dretime 
ABC: + retime 
ABC: + map 
ABC: + write_blif <abc-temp-dir>/output.blif 

11.23.7.2. Re-integrating ABC results.
ABC RESULTS:            ANDNOT cells:      104
ABC RESULTS:              AOI3 cells:       12
ABC RESULTS:              AOI4 cells:        1
ABC RESULTS:               MUX cells:      458
ABC RESULTS:              NAND cells:       38
ABC RESULTS:               NOR cells:        8
ABC RESULTS:               NOT cells:       34
ABC RESULTS:              OAI3 cells:        4
ABC RESULTS:              OAI4 cells:       17
ABC RESULTS:                OR cells:       12
ABC RESULTS:             ORNOT cells:       15
ABC RESULTS:        internal signals:      481
ABC RESULTS:           input signals:      423
ABC RESULTS:          output signals:      281
Removing temp directory.

11.23.8. Extracting gate netlist of module `\ysyx_25030085_wb' to `<abc-temp-dir>/input.blif'..
Extracted 857 gates and 1295 wires to a netlist network with 436 inputs and 234 outputs.

11.23.8.1. Executing ABC.
Running ABC command: berkeley-abc -s -f <abc-temp-dir>/abc.script 2>&1
ABC: ABC command line: "source <abc-temp-dir>/abc.script".
ABC: 
ABC: + read_blif <abc-temp-dir>/input.blif 
ABC: + read_library <abc-temp-dir>/stdcells.genlib 
ABC: Entered genlib library with 17 gates from file "<abc-temp-dir>/stdcells.genlib".
ABC: + strash 
ABC: + dretime 
ABC: + retime 
ABC: + map 
ABC: + write_blif <abc-temp-dir>/output.blif 

11.23.8.2. Re-integrating ABC results.
ABC RESULTS:               AND cells:        1
ABC RESULTS:            ANDNOT cells:       38
ABC RESULTS:              AOI3 cells:       33
ABC RESULTS:              AOI4 cells:       32
ABC RESULTS:               MUX cells:      432
ABC RESULTS:              NAND cells:       21
ABC RESULTS:               NOR cells:        2
ABC RESULTS:               NOT cells:       39
ABC RESULTS:              OAI4 cells:       32
ABC RESULTS:                OR cells:       23
ABC RESULTS:             ORNOT cells:       44
ABC RESULTS:              XNOR cells:        3
ABC RESULTS:               XOR cells:       26
ABC RESULTS:        internal signals:      625
ABC RESULTS:           input signals:      436
ABC RESULTS:          output signals:      234
Removing temp directory.

11.24. Executing OPT pass (performing simple optimizations).

11.24.1. Executing OPT_EXPR pass (perform const folding).
Optimizing module ysyx_25030085.
Optimizing module ysyx_25030085_RegisterFile.
Optimizing module ysyx_25030085_csr_regfile.
<suppressed ~7 debug messages>
Optimizing module ysyx_25030085_ex.
<suppressed ~146 debug messages>
Optimizing module ysyx_25030085_id.
<suppressed ~65 debug messages>
Optimizing module ysyx_25030085_if.
<suppressed ~64 debug messages>
Optimizing module ysyx_25030085_lsu.
<suppressed ~208 debug messages>
Optimizing module ysyx_25030085_wb.
<suppressed ~232 debug messages>

11.24.2. Executing OPT_MERGE pass (detect identical cells).
Finding identical cells in module `\ysyx_25030085'.
Finding identical cells in module `\ysyx_25030085_RegisterFile'.
<suppressed ~3 debug messages>
Finding identical cells in module `\ysyx_25030085_csr_regfile'.
Finding identical cells in module `\ysyx_25030085_ex'.
Finding identical cells in module `\ysyx_25030085_id'.
Finding identical cells in module `\ysyx_25030085_if'.
Finding identical cells in module `\ysyx_25030085_lsu'.
<suppressed ~3 debug messages>
Finding identical cells in module `\ysyx_25030085_wb'.
Removed a total of 2 cells.

11.24.3. Executing OPT_RMDFF pass (remove dff with constant values).

11.24.4. Executing OPT_CLEAN pass (remove unused cells and wires).
Finding unused cells or wires in module \ysyx_25030085..
Finding unused cells or wires in module \ysyx_25030085_RegisterFile..
Finding unused cells or wires in module \ysyx_25030085_csr_regfile..
Finding unused cells or wires in module \ysyx_25030085_ex..
Finding unused cells or wires in module \ysyx_25030085_id..
Finding unused cells or wires in module \ysyx_25030085_if..
Finding unused cells or wires in module \ysyx_25030085_lsu..
Finding unused cells or wires in module \ysyx_25030085_wb..
Removed 4 unused cells and 3811 unused wires.
<suppressed ~13 debug messages>

11.24.5. Finished fast OPT passes.

11.25. Executing HIERARCHY pass (managing design hierarchy).

11.25.1. Analyzing design hierarchy..
Top module:  \ysyx_25030085
Used module:     \ysyx_25030085_ex
Used module:         \ysyx_25030085_csr_regfile
Used module:     \ysyx_25030085_id
Used module:     \ysyx_25030085_if
Used module:     \ysyx_25030085_lsu
Used module:     \ysyx_25030085_RegisterFile
Used module:     \ysyx_25030085_wb

11.25.2. Analyzing design hierarchy..
Top module:  \ysyx_25030085
Used module:     \ysyx_25030085_ex
Used module:         \ysyx_25030085_csr_regfile
Used module:     \ysyx_25030085_id
Used module:     \ysyx_25030085_if
Used module:     \ysyx_25030085_lsu
Used module:     \ysyx_25030085_RegisterFile
Used module:     \ysyx_25030085_wb
Removed 0 unused modules.

11.26. Printing statistics.

=== ysyx_25030085 ===

   Number of wires:                 54
   Number of wire bits:            915
   Number of public wires:          54
   Number of public wire bits:     915
   Number of memories:               0
   Number of memory bits:            0
   Number of processes:              0
   Number of cells:                  6
     ysyx_25030085_RegisterFile      1
     ysyx_25030085_ex                1
     ysyx_25030085_id                1
     ysyx_25030085_if                1
     ysyx_25030085_lsu               1
     ysyx_25030085_wb                1

=== ysyx_25030085_RegisterFile ===

   Number of wires:               1463
   Number of wire bits:           2030
   Number of public wires:          23
   Number of public wire bits:     590
   Number of memories:               0
   Number of memory bits:            0
   Number of processes:              0
   Number of cells:               1984
     $_ANDNOT_                      81
     $_DFF_P_                      480
     $_MUX_                       1376
     $_NAND_                         1
     $_NOR_                          3
     $_NOT_                          1
     $_ORNOT_                        2
     $_OR_                          30
     $_XNOR_                         2
     $_XOR_                          8

=== ysyx_25030085_csr_regfile ===

   Number of wires:                337
   Number of wire bits:            503
   Number of public wires:           7
   Number of public wire bits:     111
   Number of memories:               0
   Number of memory bits:            0
   Number of processes:              0
   Number of cells:                488
     $_ANDNOT_                     127
     $_AND_                          3
     $_AOI3_                        12
     $_DFF_P_                       64
     $_MUX_                         37
     $_NAND_                        31
     $_NOR_                          4
     $_NOT_                         47
     $_OAI3_                        10
     $_ORNOT_                       17
     $_OR_                          73
     $_XNOR_                         1
     $_XOR_                         62

=== ysyx_25030085_ex ===

   Number of wires:                512
   Number of wire bits:           1159
   Number of public wires:          31
   Number of public wire bits:     540
   Number of memories:               0
   Number of memory bits:            0
   Number of processes:              0
   Number of cells:                831
     $_ANDNOT_                      69
     $_AND_                         15
     $_AOI3_                        19
     $_DFF_PP0_                    144
     $_DFF_PP1_                      3
     $_MUX_                        351
     $_NAND_                        38
     $_NOR_                          7
     $_NOT_                         32
     $_OAI3_                        25
     $_ORNOT_                       10
     $_OR_                          23
     $_XNOR_                        28
     $_XOR_                         66
     ysyx_25030085_csr_regfile       1

=== ysyx_25030085_id ===

   Number of wires:                295
   Number of wire bits:            836
   Number of public wires:          36
   Number of public wire bits:     515
   Number of memories:               0
   Number of memory bits:            0
   Number of processes:              0
   Number of cells:                431
     $_ANDNOT_                      69
     $_AND_                          9
     $_AOI3_                         7
     $_AOI4_                         1
     $_DFF_PP0_                     64
     $_DFF_PP1_                      3
     $_MUX_                        129
     $_NAND_                         8
     $_NOR_                          3
     $_NOT_                         21
     $_OAI3_                         6
     $_OAI4_                        49
     $_ORNOT_                        8
     $_OR_                          54

=== ysyx_25030085_if ===

   Number of wires:                 93
   Number of wire bits:            406
   Number of public wires:          15
   Number of public wire bits:     235
   Number of memories:               0
   Number of memory bits:            0
   Number of processes:              0
   Number of cells:                304
     $_ANDNOT_                       3
     $_AND_                          1
     $_AOI3_                         1
     $_DFF_PP0_                     34
     $_DFF_PP1_                      3
     $_DFF_P_                       64
     $_DLATCH_P_                    32
     $_MUX_                        161
     $_NAND_                         1
     $_NOT_                          1
     $_OAI3_                         1
     $_OR_                           2

=== ysyx_25030085_lsu ===

   Number of wires:                474
   Number of wire bits:           1314
   Number of public wires:          41
   Number of public wire bits:     681
   Number of memories:               0
   Number of memory bits:            0
   Number of processes:              0
   Number of cells:                914
     $_ANDNOT_                     104
     $_AOI3_                        12
     $_AOI4_                         1
     $_DFF_PP0_                     78
     $_DFF_PP1_                      1
     $_DFF_P_                      133
     $_MUX_                        458
     $_NAND_                        38
     $_NOR_                          7
     $_NOT_                         34
     $_OAI3_                         4
     $_OAI4_                        17
     $_ORNOT_                       15
     $_OR_                          12

=== ysyx_25030085_wb ===

   Number of wires:                530
   Number of wire bits:           1261
   Number of public wires:          29
   Number of public wire bits:     529
   Number of memories:               0
   Number of memory bits:            0
   Number of processes:              0
   Number of cells:                960
     $_ANDNOT_                      38
     $_AND_                          1
     $_AOI3_                        33
     $_AOI4_                        32
     $_DFF_PP0_                    224
     $_DFF_PP1_                      3
     $_DFF_P_                        9
     $_MUX_                        432
     $_NAND_                        21
     $_NOR_                          2
     $_NOT_                         37
     $_OAI4_                        32
     $_ORNOT_                       44
     $_OR_                          23
     $_XNOR_                         3
     $_XOR_                         26

=== design hierarchy ===

   ysyx_25030085                     1
     ysyx_25030085_RegisterFile      1
     ysyx_25030085_ex                1
       ysyx_25030085_csr_regfile      1
     ysyx_25030085_id                1
     ysyx_25030085_if                1
     ysyx_25030085_lsu               1
     ysyx_25030085_wb                1

   Number of wires:               3758
   Number of wire bits:           8424
   Number of public wires:         236
   Number of public wire bits:    4116
   Number of memories:               0
   Number of memory bits:            0
   Number of processes:              0
   Number of cells:               5911
     $_ANDNOT_                     491
     $_AND_                         29
     $_AOI3_                        84
     $_AOI4_                        34
     $_DFF_PP0_                    544
     $_DFF_PP1_                     13
     $_DFF_P_                      750
     $_DLATCH_P_                    32
     $_MUX_                       2944
     $_NAND_                       138
     $_NOR_                         26
     $_NOT_                        173
     $_OAI3_                        46
     $_OAI4_                        98
     $_ORNOT_                       96
     $_OR_                         217
     $_XNOR_                        34
     $_XOR_                        162

11.27. Executing CHECK pass (checking for obvious problems).
checking module ysyx_25030085..
checking module ysyx_25030085_RegisterFile..
checking module ysyx_25030085_csr_regfile..
checking module ysyx_25030085_ex..
checking module ysyx_25030085_id..
checking module ysyx_25030085_if..
checking module ysyx_25030085_lsu..
checking module ysyx_25030085_wb..
found and reported 0 problems.

12. Executing OPT pass (performing simple optimizations).

12.1. Executing OPT_EXPR pass (perform const folding).
Optimizing module ysyx_25030085.
Optimizing module ysyx_25030085_RegisterFile.
Optimizing module ysyx_25030085_csr_regfile.
Optimizing module ysyx_25030085_ex.
Optimizing module ysyx_25030085_id.
Optimizing module ysyx_25030085_if.
Optimizing module ysyx_25030085_lsu.
Optimizing module ysyx_25030085_wb.

12.2. Executing OPT_MERGE pass (detect identical cells).
Finding identical cells in module `\ysyx_25030085'.
Finding identical cells in module `\ysyx_25030085_RegisterFile'.
Finding identical cells in module `\ysyx_25030085_csr_regfile'.
Finding identical cells in module `\ysyx_25030085_ex'.
Finding identical cells in module `\ysyx_25030085_id'.
Finding identical cells in module `\ysyx_25030085_if'.
Finding identical cells in module `\ysyx_25030085_lsu'.
Finding identical cells in module `\ysyx_25030085_wb'.
Removed a total of 0 cells.

12.3. Executing OPT_MUXTREE pass (detect dead branches in mux trees).
Running muxtree optimizer on module \ysyx_25030085..
  Creating internal representation of mux trees.
  No muxes found in this module.
Running muxtree optimizer on module \ysyx_25030085_RegisterFile..
  Creating internal representation of mux trees.
  No muxes found in this module.
Running muxtree optimizer on module \ysyx_25030085_csr_regfile..
  Creating internal representation of mux trees.
  No muxes found in this module.
Running muxtree optimizer on module \ysyx_25030085_ex..
  Creating internal representation of mux trees.
  No muxes found in this module.
Running muxtree optimizer on module \ysyx_25030085_id..
  Creating internal representation of mux trees.
  No muxes found in this module.
Running muxtree optimizer on module \ysyx_25030085_if..
  Creating internal representation of mux trees.
  No muxes found in this module.
Running muxtree optimizer on module \ysyx_25030085_lsu..
  Creating internal representation of mux trees.
  No muxes found in this module.
Running muxtree optimizer on module \ysyx_25030085_wb..
  Creating internal representation of mux trees.
  No muxes found in this module.
Removed 0 multiplexer ports.

12.4. Executing OPT_REDUCE pass (consolidate $*mux and $reduce_* inputs).
  Optimizing cells in module \ysyx_25030085.
  Optimizing cells in module \ysyx_25030085_RegisterFile.
  Optimizing cells in module \ysyx_25030085_csr_regfile.
  Optimizing cells in module \ysyx_25030085_ex.
  Optimizing cells in module \ysyx_25030085_id.
  Optimizing cells in module \ysyx_25030085_if.
  Optimizing cells in module \ysyx_25030085_lsu.
  Optimizing cells in module \ysyx_25030085_wb.
Performed a total of 0 changes.

12.5. Executing OPT_MERGE pass (detect identical cells).
Finding identical cells in module `\ysyx_25030085'.
Finding identical cells in module `\ysyx_25030085_RegisterFile'.
Finding identical cells in module `\ysyx_25030085_csr_regfile'.
Finding identical cells in module `\ysyx_25030085_ex'.
Finding identical cells in module `\ysyx_25030085_id'.
Finding identical cells in module `\ysyx_25030085_if'.
Finding identical cells in module `\ysyx_25030085_lsu'.
Finding identical cells in module `\ysyx_25030085_wb'.
Removed a total of 0 cells.

12.6. Executing OPT_RMDFF pass (remove dff with constant values).

12.7. Executing OPT_CLEAN pass (remove unused cells and wires).
Finding unused cells or wires in module \ysyx_25030085..
Finding unused cells or wires in module \ysyx_25030085_RegisterFile..
Finding unused cells or wires in module \ysyx_25030085_csr_regfile..
Finding unused cells or wires in module \ysyx_25030085_ex..
Finding unused cells or wires in module \ysyx_25030085_id..
Finding unused cells or wires in module \ysyx_25030085_if..
Finding unused cells or wires in module \ysyx_25030085_lsu..
Finding unused cells or wires in module \ysyx_25030085_wb..
Removed 0 unused cells and 27 unused wires.
<suppressed ~27 debug messages>

12.8. Executing OPT_EXPR pass (perform const folding).
Optimizing module ysyx_25030085.
Optimizing module ysyx_25030085_RegisterFile.
Optimizing module ysyx_25030085_csr_regfile.
Optimizing module ysyx_25030085_ex.
Optimizing module ysyx_25030085_id.
Optimizing module ysyx_25030085_if.
Optimizing module ysyx_25030085_lsu.
Optimizing module ysyx_25030085_wb.

12.9. Finished OPT passes. (There is nothing left to do.)

13. Executing TECHMAP pass (map to technology primitives).

13.1. Executing Verilog-2005 frontend: /home/zzy/ysyx-workbench/yosys-sta/scripts/../nangate45/verilog/cells_latch.v
Parsing Verilog input from `/home/zzy/ysyx-workbench/yosys-sta/scripts/../nangate45/verilog/cells_latch.v' to AST representation.
Generating RTLIL representation for module `\$_DLATCH_P_'.
Generating RTLIL representation for module `\$_DLATCH_N_'.
Successfully finished Verilog frontend.

13.2. Continuing TECHMAP pass.
Using template \$_DLATCH_P_ for cells of type $_DLATCH_P_.
No more expansions possible.
<suppressed ~32 debug messages>

14. Executing DFFLIBMAP pass (mapping DFF cells to sequential cells from liberty file).
Warning: Found unsupported expression 'SE*SI+D*!SE' in pin attribute of cell 'SDFFRS_X1' - skipping.
Warning: Found unsupported expression 'SE*SI+D*!SE' in pin attribute of cell 'SDFFRS_X2' - skipping.
Warning: Found unsupported expression 'SE*SI+D*!SE' in pin attribute of cell 'SDFFR_X1' - skipping.
Warning: Found unsupported expression 'SE*SI+D*!SE' in pin attribute of cell 'SDFFR_X2' - skipping.
Warning: Found unsupported expression 'SE*SI+D*!SE' in pin attribute of cell 'SDFFS_X1' - skipping.
Warning: Found unsupported expression 'SE*SI+D*!SE' in pin attribute of cell 'SDFFS_X2' - skipping.
Warning: Found unsupported expression 'SE*SI+D*!SE' in pin attribute of cell 'SDFF_X1' - skipping.
Warning: Found unsupported expression 'SE*SI+D*!SE' in pin attribute of cell 'SDFF_X2' - skipping.
  cell DFF_X1 (noninv, pins=4, area=4.52) is a direct match for cell type $_DFF_P_.
Warning: Found unsupported expression 'SE*SI+D*!SE' in pin attribute of cell 'SDFFRS_X1' - skipping.
Warning: Found unsupported expression 'SE*SI+D*!SE' in pin attribute of cell 'SDFFRS_X2' - skipping.
Warning: Found unsupported expression 'SE*SI+D*!SE' in pin attribute of cell 'SDFFR_X1' - skipping.
Warning: Found unsupported expression 'SE*SI+D*!SE' in pin attribute of cell 'SDFFR_X2' - skipping.
Warning: Found unsupported expression 'SE*SI+D*!SE' in pin attribute of cell 'SDFFS_X1' - skipping.
Warning: Found unsupported expression 'SE*SI+D*!SE' in pin attribute of cell 'SDFFS_X2' - skipping.
Warning: Found unsupported expression 'SE*SI+D*!SE' in pin attribute of cell 'SDFF_X1' - skipping.
Warning: Found unsupported expression 'SE*SI+D*!SE' in pin attribute of cell 'SDFF_X2' - skipping.
  cell DFFR_X1 (noninv, pins=5, area=5.32) is a direct match for cell type $_DFF_PN0_.
Warning: Found unsupported expression 'SE*SI+D*!SE' in pin attribute of cell 'SDFFRS_X1' - skipping.
Warning: Found unsupported expression 'SE*SI+D*!SE' in pin attribute of cell 'SDFFRS_X2' - skipping.
Warning: Found unsupported expression 'SE*SI+D*!SE' in pin attribute of cell 'SDFFR_X1' - skipping.
Warning: Found unsupported expression 'SE*SI+D*!SE' in pin attribute of cell 'SDFFR_X2' - skipping.
Warning: Found unsupported expression 'SE*SI+D*!SE' in pin attribute of cell 'SDFFS_X1' - skipping.
Warning: Found unsupported expression 'SE*SI+D*!SE' in pin attribute of cell 'SDFFS_X2' - skipping.
Warning: Found unsupported expression 'SE*SI+D*!SE' in pin attribute of cell 'SDFF_X1' - skipping.
Warning: Found unsupported expression 'SE*SI+D*!SE' in pin attribute of cell 'SDFF_X2' - skipping.
  cell DFFS_X1 (noninv, pins=5, area=5.32) is a direct match for cell type $_DFF_PN1_.
Warning: Found unsupported expression 'SE*SI+D*!SE' in pin attribute of cell 'SDFFRS_X1' - skipping.
Warning: Found unsupported expression 'SE*SI+D*!SE' in pin attribute of cell 'SDFFRS_X2' - skipping.
Warning: Found unsupported expression 'SE*SI+D*!SE' in pin attribute of cell 'SDFFR_X1' - skipping.
Warning: Found unsupported expression 'SE*SI+D*!SE' in pin attribute of cell 'SDFFR_X2' - skipping.
Warning: Found unsupported expression 'SE*SI+D*!SE' in pin attribute of cell 'SDFFS_X1' - skipping.
Warning: Found unsupported expression 'SE*SI+D*!SE' in pin attribute of cell 'SDFFS_X2' - skipping.
Warning: Found unsupported expression 'SE*SI+D*!SE' in pin attribute of cell 'SDFF_X1' - skipping.
Warning: Found unsupported expression 'SE*SI+D*!SE' in pin attribute of cell 'SDFF_X2' - skipping.
Warning: Found unsupported expression 'SE*SI+D*!SE' in pin attribute of cell 'SDFFRS_X1' - skipping.
Warning: Found unsupported expression 'SE*SI+D*!SE' in pin attribute of cell 'SDFFRS_X2' - skipping.
Warning: Found unsupported expression 'SE*SI+D*!SE' in pin attribute of cell 'SDFFR_X1' - skipping.
Warning: Found unsupported expression 'SE*SI+D*!SE' in pin attribute of cell 'SDFFR_X2' - skipping.
Warning: Found unsupported expression 'SE*SI+D*!SE' in pin attribute of cell 'SDFFS_X1' - skipping.
Warning: Found unsupported expression 'SE*SI+D*!SE' in pin attribute of cell 'SDFFS_X2' - skipping.
Warning: Found unsupported expression 'SE*SI+D*!SE' in pin attribute of cell 'SDFF_X1' - skipping.
Warning: Found unsupported expression 'SE*SI+D*!SE' in pin attribute of cell 'SDFF_X2' - skipping.
Warning: Found unsupported expression 'SE*SI+D*!SE' in pin attribute of cell 'SDFFRS_X1' - skipping.
Warning: Found unsupported expression 'SE*SI+D*!SE' in pin attribute of cell 'SDFFRS_X2' - skipping.
Warning: Found unsupported expression 'SE*SI+D*!SE' in pin attribute of cell 'SDFFR_X1' - skipping.
Warning: Found unsupported expression 'SE*SI+D*!SE' in pin attribute of cell 'SDFFR_X2' - skipping.
Warning: Found unsupported expression 'SE*SI+D*!SE' in pin attribute of cell 'SDFFS_X1' - skipping.
Warning: Found unsupported expression 'SE*SI+D*!SE' in pin attribute of cell 'SDFFS_X2' - skipping.
Warning: Found unsupported expression 'SE*SI+D*!SE' in pin attribute of cell 'SDFF_X1' - skipping.
Warning: Found unsupported expression 'SE*SI+D*!SE' in pin attribute of cell 'SDFF_X2' - skipping.
  cell DFFRS_X1 (noninv, pins=6, area=6.38) is a direct match for cell type $_DFFSR_PNN_.
Warning: Found unsupported expression 'SE*SI+D*!SE' in pin attribute of cell 'SDFFRS_X1' - skipping.
Warning: Found unsupported expression 'SE*SI+D*!SE' in pin attribute of cell 'SDFFRS_X2' - skipping.
Warning: Found unsupported expression 'SE*SI+D*!SE' in pin attribute of cell 'SDFFR_X1' - skipping.
Warning: Found unsupported expression 'SE*SI+D*!SE' in pin attribute of cell 'SDFFR_X2' - skipping.
Warning: Found unsupported expression 'SE*SI+D*!SE' in pin attribute of cell 'SDFFS_X1' - skipping.
Warning: Found unsupported expression 'SE*SI+D*!SE' in pin attribute of cell 'SDFFS_X2' - skipping.
Warning: Found unsupported expression 'SE*SI+D*!SE' in pin attribute of cell 'SDFF_X1' - skipping.
Warning: Found unsupported expression 'SE*SI+D*!SE' in pin attribute of cell 'SDFF_X2' - skipping.
Warning: Found unsupported expression 'SE*SI+D*!SE' in pin attribute of cell 'SDFFRS_X1' - skipping.
Warning: Found unsupported expression 'SE*SI+D*!SE' in pin attribute of cell 'SDFFRS_X2' - skipping.
Warning: Found unsupported expression 'SE*SI+D*!SE' in pin attribute of cell 'SDFFR_X1' - skipping.
Warning: Found unsupported expression 'SE*SI+D*!SE' in pin attribute of cell 'SDFFR_X2' - skipping.
Warning: Found unsupported expression 'SE*SI+D*!SE' in pin attribute of cell 'SDFFS_X1' - skipping.
Warning: Found unsupported expression 'SE*SI+D*!SE' in pin attribute of cell 'SDFFS_X2' - skipping.
Warning: Found unsupported expression 'SE*SI+D*!SE' in pin attribute of cell 'SDFF_X1' - skipping.
Warning: Found unsupported expression 'SE*SI+D*!SE' in pin attribute of cell 'SDFF_X2' - skipping.
Warning: Found unsupported expression 'SE*SI+D*!SE' in pin attribute of cell 'SDFFRS_X1' - skipping.
Warning: Found unsupported expression 'SE*SI+D*!SE' in pin attribute of cell 'SDFFRS_X2' - skipping.
Warning: Found unsupported expression 'SE*SI+D*!SE' in pin attribute of cell 'SDFFR_X1' - skipping.
Warning: Found unsupported expression 'SE*SI+D*!SE' in pin attribute of cell 'SDFFR_X2' - skipping.
Warning: Found unsupported expression 'SE*SI+D*!SE' in pin attribute of cell 'SDFFS_X1' - skipping.
Warning: Found unsupported expression 'SE*SI+D*!SE' in pin attribute of cell 'SDFFS_X2' - skipping.
Warning: Found unsupported expression 'SE*SI+D*!SE' in pin attribute of cell 'SDFF_X1' - skipping.
Warning: Found unsupported expression 'SE*SI+D*!SE' in pin attribute of cell 'SDFF_X2' - skipping.
  create mapping for $_DFF_PP0_ from mapping for $_DFF_PN0_.
  create mapping for $_DFF_PP1_ from mapping for $_DFF_PN1_.
  create mapping for $_DFFSR_PPN_ from mapping for $_DFFSR_PNN_.
  create mapping for $_DFFSR_PNP_ from mapping for $_DFFSR_PNN_.
  create mapping for $_DFFSR_PPP_ from mapping for $_DFFSR_PNP_.
  create mapping for $_DFF_N_ from mapping for $_DFF_P_.
  create mapping for $_DFF_NN0_ from mapping for $_DFF_PN0_.
  create mapping for $_DFF_NP0_ from mapping for $_DFF_NN0_.
  create mapping for $_DFF_NN1_ from mapping for $_DFF_NN0_.
  create mapping for $_DFF_NP1_ from mapping for $_DFF_NN1_.
  create mapping for $_DFFSR_NNN_ from mapping for $_DFFSR_PNN_.
  create mapping for $_DFFSR_NPN_ from mapping for $_DFFSR_NNN_.
  create mapping for $_DFFSR_NNP_ from mapping for $_DFFSR_NNN_.
  create mapping for $_DFFSR_NPP_ from mapping for $_DFFSR_NNP_.
  final dff cell mappings:
    DFF_X1 _DFF_N_ (.CK(~C), .D( D), .Q( Q), .QN(~Q));
    DFF_X1 _DFF_P_ (.CK( C), .D( D), .Q( Q), .QN(~Q));
    DFFR_X1 _DFF_NN0_ (.CK(~C), .D( D), .Q( Q), .QN(~Q), .RN( R));
    DFFR_X1 _DFF_NN1_ (.CK(~C), .D(~D), .Q(~Q), .QN( Q), .RN( R));
    DFFR_X1 _DFF_NP0_ (.CK(~C), .D( D), .Q( Q), .QN(~Q), .RN(~R));
    DFFR_X1 _DFF_NP1_ (.CK(~C), .D(~D), .Q(~Q), .QN( Q), .RN(~R));
    DFFR_X1 _DFF_PN0_ (.CK( C), .D( D), .Q( Q), .QN(~Q), .RN( R));
    DFFS_X1 _DFF_PN1_ (.CK( C), .D( D), .Q( Q), .QN(~Q), .SN( R));
    DFFR_X1 _DFF_PP0_ (.CK( C), .D( D), .Q( Q), .QN(~Q), .RN(~R));
    DFFS_X1 _DFF_PP1_ (.CK( C), .D( D), .Q( Q), .QN(~Q), .SN(~R));
    DFFRS_X1 _DFFSR_NNN_ (.CK(~C), .D( D), .Q( Q), .QN(~Q), .RN( R), .SN( S));
    DFFRS_X1 _DFFSR_NNP_ (.CK(~C), .D( D), .Q( Q), .QN(~Q), .RN(~R), .SN( S));
    DFFRS_X1 _DFFSR_NPN_ (.CK(~C), .D( D), .Q( Q), .QN(~Q), .RN( R), .SN(~S));
    DFFRS_X1 _DFFSR_NPP_ (.CK(~C), .D( D), .Q( Q), .QN(~Q), .RN(~R), .SN(~S));
    DFFRS_X1 _DFFSR_PNN_ (.CK( C), .D( D), .Q( Q), .QN(~Q), .RN( R), .SN( S));
    DFFRS_X1 _DFFSR_PNP_ (.CK( C), .D( D), .Q( Q), .QN(~Q), .RN(~R), .SN( S));
    DFFRS_X1 _DFFSR_PPN_ (.CK( C), .D( D), .Q( Q), .QN(~Q), .RN( R), .SN(~S));
    DFFRS_X1 _DFFSR_PPP_ (.CK( C), .D( D), .Q( Q), .QN(~Q), .RN(~R), .SN(~S));
Mapping DFF cells in module `\ysyx_25030085':
Mapping DFF cells in module `\ysyx_25030085_RegisterFile':
  mapped 480 $_DFF_P_ cells to \DFF_X1 cells.
Mapping DFF cells in module `\ysyx_25030085_csr_regfile':
  mapped 64 $_DFF_P_ cells to \DFF_X1 cells.
Mapping DFF cells in module `\ysyx_25030085_ex':
  mapped 144 $_DFF_PP0_ cells to \DFFR_X1 cells.
  mapped 3 $_DFF_PP1_ cells to \DFFS_X1 cells.
Mapping DFF cells in module `\ysyx_25030085_id':
  mapped 64 $_DFF_PP0_ cells to \DFFR_X1 cells.
  mapped 3 $_DFF_PP1_ cells to \DFFS_X1 cells.
Mapping DFF cells in module `\ysyx_25030085_if':
  mapped 34 $_DFF_PP0_ cells to \DFFR_X1 cells.
  mapped 3 $_DFF_PP1_ cells to \DFFS_X1 cells.
  mapped 64 $_DFF_P_ cells to \DFF_X1 cells.
Mapping DFF cells in module `\ysyx_25030085_lsu':
  mapped 78 $_DFF_PP0_ cells to \DFFR_X1 cells.
  mapped 1 $_DFF_PP1_ cells to \DFFS_X1 cells.
  mapped 133 $_DFF_P_ cells to \DFF_X1 cells.
Mapping DFF cells in module `\ysyx_25030085_wb':
  mapped 224 $_DFF_PP0_ cells to \DFFR_X1 cells.
  mapped 3 $_DFF_PP1_ cells to \DFFS_X1 cells.
  mapped 9 $_DFF_P_ cells to \DFF_X1 cells.

15. Executing OPT pass (performing simple optimizations).

15.1. Executing OPT_EXPR pass (perform const folding).
Optimizing module ysyx_25030085.
Optimizing module ysyx_25030085_RegisterFile.
Optimizing module ysyx_25030085_csr_regfile.
Optimizing module ysyx_25030085_ex.
Optimizing module ysyx_25030085_id.
Optimizing module ysyx_25030085_if.
Optimizing module ysyx_25030085_lsu.
Optimizing module ysyx_25030085_wb.

15.2. Executing OPT_MERGE pass (detect identical cells).
Finding identical cells in module `\ysyx_25030085'.
Finding identical cells in module `\ysyx_25030085_RegisterFile'.
Finding identical cells in module `\ysyx_25030085_csr_regfile'.
Finding identical cells in module `\ysyx_25030085_ex'.
<suppressed ~438 debug messages>
Finding identical cells in module `\ysyx_25030085_id'.
<suppressed ~198 debug messages>
Finding identical cells in module `\ysyx_25030085_if'.
<suppressed ~108 debug messages>
Finding identical cells in module `\ysyx_25030085_lsu'.
<suppressed ~234 debug messages>
Finding identical cells in module `\ysyx_25030085_wb'.
<suppressed ~678 debug messages>
Removed a total of 552 cells.

15.3. Executing OPT_MUXTREE pass (detect dead branches in mux trees).
Running muxtree optimizer on module \ysyx_25030085..
  Creating internal representation of mux trees.
  No muxes found in this module.
Running muxtree optimizer on module \ysyx_25030085_RegisterFile..
  Creating internal representation of mux trees.
  No muxes found in this module.
Running muxtree optimizer on module \ysyx_25030085_csr_regfile..
  Creating internal representation of mux trees.
  No muxes found in this module.
Running muxtree optimizer on module \ysyx_25030085_ex..
  Creating internal representation of mux trees.
  No muxes found in this module.
Running muxtree optimizer on module \ysyx_25030085_id..
  Creating internal representation of mux trees.
  No muxes found in this module.
Running muxtree optimizer on module \ysyx_25030085_if..
  Creating internal representation of mux trees.
  No muxes found in this module.
Running muxtree optimizer on module \ysyx_25030085_lsu..
  Creating internal representation of mux trees.
  No muxes found in this module.
Running muxtree optimizer on module \ysyx_25030085_wb..
  Creating internal representation of mux trees.
  No muxes found in this module.
Removed 0 multiplexer ports.

15.4. Executing OPT_REDUCE pass (consolidate $*mux and $reduce_* inputs).
  Optimizing cells in module \ysyx_25030085.
  Optimizing cells in module \ysyx_25030085_RegisterFile.
  Optimizing cells in module \ysyx_25030085_csr_regfile.
  Optimizing cells in module \ysyx_25030085_ex.
  Optimizing cells in module \ysyx_25030085_id.
  Optimizing cells in module \ysyx_25030085_if.
  Optimizing cells in module \ysyx_25030085_lsu.
  Optimizing cells in module \ysyx_25030085_wb.
Performed a total of 0 changes.

15.5. Executing OPT_MERGE pass (detect identical cells).
Finding identical cells in module `\ysyx_25030085'.
Finding identical cells in module `\ysyx_25030085_RegisterFile'.
Finding identical cells in module `\ysyx_25030085_csr_regfile'.
Finding identical cells in module `\ysyx_25030085_ex'.
Finding identical cells in module `\ysyx_25030085_id'.
Finding identical cells in module `\ysyx_25030085_if'.
Finding identical cells in module `\ysyx_25030085_lsu'.
Finding identical cells in module `\ysyx_25030085_wb'.
Removed a total of 0 cells.

15.6. Executing OPT_RMDFF pass (remove dff with constant values).

15.7. Executing OPT_CLEAN pass (remove unused cells and wires).
Finding unused cells or wires in module \ysyx_25030085..
Finding unused cells or wires in module \ysyx_25030085_RegisterFile..
Finding unused cells or wires in module \ysyx_25030085_csr_regfile..
Finding unused cells or wires in module \ysyx_25030085_ex..
Finding unused cells or wires in module \ysyx_25030085_id..
Finding unused cells or wires in module \ysyx_25030085_if..
Finding unused cells or wires in module \ysyx_25030085_lsu..
Finding unused cells or wires in module \ysyx_25030085_wb..
Removed 123 unused cells and 894 unused wires.
<suppressed ~129 debug messages>

15.8. Executing OPT_EXPR pass (perform const folding).
Optimizing module ysyx_25030085.
Optimizing module ysyx_25030085_RegisterFile.
Optimizing module ysyx_25030085_csr_regfile.
Optimizing module ysyx_25030085_ex.
Optimizing module ysyx_25030085_id.
Optimizing module ysyx_25030085_if.
Optimizing module ysyx_25030085_lsu.
Optimizing module ysyx_25030085_wb.

15.9. Rerunning OPT passes. (Maybe there is more to do..)

15.10. Executing OPT_MUXTREE pass (detect dead branches in mux trees).
Running muxtree optimizer on module \ysyx_25030085..
  Creating internal representation of mux trees.
  No muxes found in this module.
Running muxtree optimizer on module \ysyx_25030085_RegisterFile..
  Creating internal representation of mux trees.
  No muxes found in this module.
Running muxtree optimizer on module \ysyx_25030085_csr_regfile..
  Creating internal representation of mux trees.
  No muxes found in this module.
Running muxtree optimizer on module \ysyx_25030085_ex..
  Creating internal representation of mux trees.
  No muxes found in this module.
Running muxtree optimizer on module \ysyx_25030085_id..
  Creating internal representation of mux trees.
  No muxes found in this module.
Running muxtree optimizer on module \ysyx_25030085_if..
  Creating internal representation of mux trees.
  No muxes found in this module.
Running muxtree optimizer on module \ysyx_25030085_lsu..
  Creating internal representation of mux trees.
  No muxes found in this module.
Running muxtree optimizer on module \ysyx_25030085_wb..
  Creating internal representation of mux trees.
  No muxes found in this module.
Removed 0 multiplexer ports.

15.11. Executing OPT_REDUCE pass (consolidate $*mux and $reduce_* inputs).
  Optimizing cells in module \ysyx_25030085.
  Optimizing cells in module \ysyx_25030085_RegisterFile.
  Optimizing cells in module \ysyx_25030085_csr_regfile.
  Optimizing cells in module \ysyx_25030085_ex.
  Optimizing cells in module \ysyx_25030085_id.
  Optimizing cells in module \ysyx_25030085_if.
  Optimizing cells in module \ysyx_25030085_lsu.
  Optimizing cells in module \ysyx_25030085_wb.
Performed a total of 0 changes.

15.12. Executing OPT_MERGE pass (detect identical cells).
Finding identical cells in module `\ysyx_25030085'.
Finding identical cells in module `\ysyx_25030085_RegisterFile'.
Finding identical cells in module `\ysyx_25030085_csr_regfile'.
Finding identical cells in module `\ysyx_25030085_ex'.
Finding identical cells in module `\ysyx_25030085_id'.
Finding identical cells in module `\ysyx_25030085_if'.
Finding identical cells in module `\ysyx_25030085_lsu'.
Finding identical cells in module `\ysyx_25030085_wb'.
Removed a total of 0 cells.

15.13. Executing OPT_RMDFF pass (remove dff with constant values).

15.14. Executing OPT_CLEAN pass (remove unused cells and wires).
Finding unused cells or wires in module \ysyx_25030085..
Finding unused cells or wires in module \ysyx_25030085_RegisterFile..
Finding unused cells or wires in module \ysyx_25030085_csr_regfile..
Finding unused cells or wires in module \ysyx_25030085_ex..
Finding unused cells or wires in module \ysyx_25030085_id..
Finding unused cells or wires in module \ysyx_25030085_if..
Finding unused cells or wires in module \ysyx_25030085_lsu..
Finding unused cells or wires in module \ysyx_25030085_wb..

15.15. Executing OPT_EXPR pass (perform const folding).
Optimizing module ysyx_25030085.
Optimizing module ysyx_25030085_RegisterFile.
Optimizing module ysyx_25030085_csr_regfile.
Optimizing module ysyx_25030085_ex.
Optimizing module ysyx_25030085_id.
Optimizing module ysyx_25030085_if.
Optimizing module ysyx_25030085_lsu.
Optimizing module ysyx_25030085_wb.

15.16. Finished OPT passes. (There is nothing left to do.)

16. Executing ABC pass (technology mapping using ABC).

16.1. Extracting gate netlist of module `\ysyx_25030085' to `/tmp/yosys-abc-h02OpQ/input.blif'..
Extracted 0 gates and 0 wires to a netlist network with 0 inputs and 0 outputs.
Don't call ABC as there is nothing to map.
Removing temp directory.

16.2. Extracting gate netlist of module `\ysyx_25030085_RegisterFile' to `/tmp/yosys-abc-JAAtf6/input.blif'..
Extracted 1504 gates and 2029 wires to a netlist network with 525 inputs and 544 outputs.

16.2.1. Executing ABC.
Running ABC command: berkeley-abc -s -f /tmp/yosys-abc-JAAtf6/abc.script 2>&1
ABC: ABC command line: "source /tmp/yosys-abc-JAAtf6/abc.script".
ABC: 
ABC: + read_blif /tmp/yosys-abc-JAAtf6/input.blif 
ABC: + read_lib -w /home/zzy/ysyx-workbench/yosys-sta/scripts/../nangate45/lib/merged.lib 
ABC: Parsing finished successfully.  Parsing time =     0.05 sec
ABC: Scl_LibertyReadGenlib() skipped cell "fakeram45_1024x32" without logic function.
ABC: Scl_LibertyReadGenlib() skipped cell "fakeram45_2048x39" without logic function.
ABC: Scl_LibertyReadGenlib() skipped cell "fakeram45_256x34" without logic function.
ABC: Scl_LibertyReadGenlib() skipped cell "fakeram45_256x95" without logic function.
ABC: Scl_LibertyReadGenlib() skipped cell "fakeram45_256x96" without logic function.
ABC: Scl_LibertyReadGenlib() skipped cell "fakeram45_32x64" without logic function.
ABC: Scl_LibertyReadGenlib() skipped cell "fakeram45_512x64" without logic function.
ABC: Scl_LibertyReadGenlib() skipped cell "fakeram45_64x15" without logic function.
ABC: Scl_LibertyReadGenlib() skipped cell "fakeram45_64x21" without logic function.
ABC: Scl_LibertyReadGenlib() skipped cell "fakeram45_64x32" without logic function.
ABC: Scl_LibertyReadGenlib() skipped cell "fakeram45_64x7" without logic function.
ABC: Scl_LibertyReadGenlib() skipped cell "fakeram45_64x96" without logic function.
ABC: Scl_LibertyReadGenlib() skipped cell "ANTENNA_X1" due to dont_use attribute.
ABC: Scl_LibertyReadGenlib() skipped cell "CLKGATETST_X1" without logic function.
ABC: Scl_LibertyReadGenlib() skipped cell "CLKGATETST_X2" without logic function.
ABC: Scl_LibertyReadGenlib() skipped cell "CLKGATETST_X4" without logic function.
ABC: Scl_LibertyReadGenlib() skipped cell "CLKGATETST_X8" without logic function.
ABC: Scl_LibertyReadGenlib() skipped cell "CLKGATE_X1" without logic function.
ABC: Scl_LibertyReadGenlib() skipped cell "CLKGATE_X2" without logic function.
ABC: Scl_LibertyReadGenlib() skipped cell "CLKGATE_X4" without logic function.
ABC: Scl_LibertyReadGenlib() skipped cell "CLKGATE_X8" without logic function.
ABC: Scl_LibertyReadGenlib() skipped sequential cell "DFFRS_X1".
ABC: Scl_LibertyReadGenlib() skipped sequential cell "DFFRS_X2".
ABC: Scl_LibertyReadGenlib() skipped sequential cell "DFFR_X1".
ABC: Scl_LibertyReadGenlib() skipped sequential cell "DFFR_X2".
ABC: Scl_LibertyReadGenlib() skipped sequential cell "DFFS_X1".
ABC: Scl_LibertyReadGenlib() skipped sequential cell "DFFS_X2".
ABC: Scl_LibertyReadGenlib() skipped sequential cell "DFF_X1".
ABC: Scl_LibertyReadGenlib() skipped sequential cell "DFF_X2".
ABC: Scl_LibertyReadGenlib() skipped sequential cell "DLH_X1".
ABC: Scl_LibertyReadGenlib() skipped sequential cell "DLH_X2".
ABC: Scl_LibertyReadGenlib() skipped sequential cell "DLL_X1".
ABC: Scl_LibertyReadGenlib() skipped sequential cell "DLL_X2".
ABC: Scl_LibertyReadGenlib() skipped cell "FILLCELL_X2" due to dont_use attribute.
ABC: Scl_LibertyReadGenlib() skipped cell "FILLCELL_X4" due to dont_use attribute.
ABC: Scl_LibertyReadGenlib() skipped cell "FILLCELL_X8" due to dont_use attribute.
ABC: Scl_LibertyReadGenlib() skipped cell "FILLCELL_X32" due to dont_use attribute.
ABC: Scl_LibertyReadGenlib() skipped cell "LOGIC0_X1" due to dont_use attribute.
ABC: Scl_LibertyReadGenlib() skipped cell "LOGIC1_X1" due to dont_use attribute.
ABC: Scl_LibertyReadGenlib() skipped sequential cell "SDFFRS_X1".
ABC: Scl_LibertyReadGenlib() skipped sequential cell "SDFFRS_X2".
ABC: Scl_LibertyReadGenlib() skipped sequential cell "SDFFR_X1".
ABC: Scl_LibertyReadGenlib() skipped sequential cell "SDFFR_X2".
ABC: Scl_LibertyReadGenlib() skipped sequential cell "SDFFS_X1".
ABC: Scl_LibertyReadGenlib() skipped sequential cell "SDFFS_X2".
ABC: Scl_LibertyReadGenlib() skipped sequential cell "SDFF_X1".
ABC: Scl_LibertyReadGenlib() skipped sequential cell "SDFF_X2".
ABC: Scl_LibertyReadGenlib() skipped three-state cell "TBUF_X1".
ABC: Scl_LibertyReadGenlib() skipped three-state cell "TBUF_X2".
ABC: Scl_LibertyReadGenlib() skipped three-state cell "TBUF_X4".
ABC: Scl_LibertyReadGenlib() skipped three-state cell "TBUF_X8".
ABC: Scl_LibertyReadGenlib() skipped three-state cell "TBUF_X16".
ABC: Scl_LibertyReadGenlib() skipped three-state cell "TINV_X1".
ABC: Scl_LibertyReadGenlib() skipped sequential cell "TLAT_X1".
ABC: Library "nangate45_merged" from "/home/zzy/ysyx-workbench/yosys-sta/scripts/../nangate45/lib/merged.lib" has 88 cells (47 skipped: 21 seq; 6 tri-state; 20 no func; 7 dont_use).  Time =     0.06 sec
ABC: Memory =    8.88 MB. Time =     0.06 sec
ABC: Warning: Detected 2 multi-output gates (for example, "FA_X1").
ABC: + strash 
ABC: + ifraig 
ABC: + retime -D -D 2000.0 -M 6 
ABC: + strash 
ABC: + dch -f 
ABC: + map -p -M 1 -D 2000.0 -f 
ABC: + topo 
ABC: + dnsize 
ABC: + buffer -p 
ABC: + upsize 
ABC: + 
ABC: + write_blif /tmp/yosys-abc-JAAtf6/output.blif 

16.2.2. Re-integrating ABC results.
ABC RESULTS:           AND2_X1 cells:       31
ABC RESULTS:           AND2_X2 cells:        4
ABC RESULTS:           AND3_X1 cells:        8
ABC RESULTS:         AOI211_X2 cells:        4
ABC RESULTS:         AOI211_X4 cells:        1
ABC RESULTS:          AOI21_X1 cells:      151
ABC RESULTS:          AOI22_X1 cells:      384
ABC RESULTS:           BUF_X16 cells:        1
ABC RESULTS:            BUF_X4 cells:      153
ABC RESULTS:            BUF_X8 cells:       32
ABC RESULTS:            INV_X1 cells:       16
ABC RESULTS:            INV_X2 cells:        8
ABC RESULTS:            INV_X4 cells:        2
ABC RESULTS:           MUX2_X1 cells:      490
ABC RESULTS:          NAND2_X1 cells:       43
ABC RESULTS:          NAND2_X4 cells:        1
ABC RESULTS:          NAND3_X1 cells:      272
ABC RESULTS:          NAND4_X1 cells:       31
ABC RESULTS:           NOR2_X1 cells:        1
ABC RESULTS:           NOR2_X2 cells:        5
ABC RESULTS:           NOR2_X4 cells:       18
ABC RESULTS:           NOR3_X1 cells:       11
ABC RESULTS:           NOR4_X1 cells:        2
ABC RESULTS:         OAI211_X2 cells:       14
ABC RESULTS:          OAI21_X1 cells:       53
ABC RESULTS:         OAI221_X1 cells:        5
ABC RESULTS:            OR3_X1 cells:        9
ABC RESULTS:            OR3_X2 cells:        1
ABC RESULTS:            OR3_X4 cells:        9
ABC RESULTS:            OR4_X1 cells:        6
ABC RESULTS:          XNOR2_X1 cells:        2
ABC RESULTS:          XNOR2_X2 cells:        4
ABC RESULTS:        internal signals:      960
ABC RESULTS:           input signals:      525
ABC RESULTS:          output signals:      544
Removing temp directory.

16.3. Extracting gate netlist of module `\ysyx_25030085_csr_regfile' to `/tmp/yosys-abc-WAOqSR/input.blif'..
Extracted 381 gates and 501 wires to a netlist network with 120 inputs and 96 outputs.

16.3.1. Executing ABC.
Running ABC command: berkeley-abc -s -f /tmp/yosys-abc-WAOqSR/abc.script 2>&1
ABC: ABC command line: "source /tmp/yosys-abc-WAOqSR/abc.script".
ABC: 
ABC: + read_blif /tmp/yosys-abc-WAOqSR/input.blif 
ABC: + read_lib -w /home/zzy/ysyx-workbench/yosys-sta/scripts/../nangate45/lib/merged.lib 
ABC: Parsing finished successfully.  Parsing time =     0.04 sec
ABC: Scl_LibertyReadGenlib() skipped cell "fakeram45_1024x32" without logic function.
ABC: Scl_LibertyReadGenlib() skipped cell "fakeram45_2048x39" without logic function.
ABC: Scl_LibertyReadGenlib() skipped cell "fakeram45_256x34" without logic function.
ABC: Scl_LibertyReadGenlib() skipped cell "fakeram45_256x95" without logic function.
ABC: Scl_LibertyReadGenlib() skipped cell "fakeram45_256x96" without logic function.
ABC: Scl_LibertyReadGenlib() skipped cell "fakeram45_32x64" without logic function.
ABC: Scl_LibertyReadGenlib() skipped cell "fakeram45_512x64" without logic function.
ABC: Scl_LibertyReadGenlib() skipped cell "fakeram45_64x15" without logic function.
ABC: Scl_LibertyReadGenlib() skipped cell "fakeram45_64x21" without logic function.
ABC: Scl_LibertyReadGenlib() skipped cell "fakeram45_64x32" without logic function.
ABC: Scl_LibertyReadGenlib() skipped cell "fakeram45_64x7" without logic function.
ABC: Scl_LibertyReadGenlib() skipped cell "fakeram45_64x96" without logic function.
ABC: Scl_LibertyReadGenlib() skipped cell "ANTENNA_X1" due to dont_use attribute.
ABC: Scl_LibertyReadGenlib() skipped cell "CLKGATETST_X1" without logic function.
ABC: Scl_LibertyReadGenlib() skipped cell "CLKGATETST_X2" without logic function.
ABC: Scl_LibertyReadGenlib() skipped cell "CLKGATETST_X4" without logic function.
ABC: Scl_LibertyReadGenlib() skipped cell "CLKGATETST_X8" without logic function.
ABC: Scl_LibertyReadGenlib() skipped cell "CLKGATE_X1" without logic function.
ABC: Scl_LibertyReadGenlib() skipped cell "CLKGATE_X2" without logic function.
ABC: Scl_LibertyReadGenlib() skipped cell "CLKGATE_X4" without logic function.
ABC: Scl_LibertyReadGenlib() skipped cell "CLKGATE_X8" without logic function.
ABC: Scl_LibertyReadGenlib() skipped sequential cell "DFFRS_X1".
ABC: Scl_LibertyReadGenlib() skipped sequential cell "DFFRS_X2".
ABC: Scl_LibertyReadGenlib() skipped sequential cell "DFFR_X1".
ABC: Scl_LibertyReadGenlib() skipped sequential cell "DFFR_X2".
ABC: Scl_LibertyReadGenlib() skipped sequential cell "DFFS_X1".
ABC: Scl_LibertyReadGenlib() skipped sequential cell "DFFS_X2".
ABC: Scl_LibertyReadGenlib() skipped sequential cell "DFF_X1".
ABC: Scl_LibertyReadGenlib() skipped sequential cell "DFF_X2".
ABC: Scl_LibertyReadGenlib() skipped sequential cell "DLH_X1".
ABC: Scl_LibertyReadGenlib() skipped sequential cell "DLH_X2".
ABC: Scl_LibertyReadGenlib() skipped sequential cell "DLL_X1".
ABC: Scl_LibertyReadGenlib() skipped sequential cell "DLL_X2".
ABC: Scl_LibertyReadGenlib() skipped cell "FILLCELL_X2" due to dont_use attribute.
ABC: Scl_LibertyReadGenlib() skipped cell "FILLCELL_X4" due to dont_use attribute.
ABC: Scl_LibertyReadGenlib() skipped cell "FILLCELL_X8" due to dont_use attribute.
ABC: Scl_LibertyReadGenlib() skipped cell "FILLCELL_X32" due to dont_use attribute.
ABC: Scl_LibertyReadGenlib() skipped cell "LOGIC0_X1" due to dont_use attribute.
ABC: Scl_LibertyReadGenlib() skipped cell "LOGIC1_X1" due to dont_use attribute.
ABC: Scl_LibertyReadGenlib() skipped sequential cell "SDFFRS_X1".
ABC: Scl_LibertyReadGenlib() skipped sequential cell "SDFFRS_X2".
ABC: Scl_LibertyReadGenlib() skipped sequential cell "SDFFR_X1".
ABC: Scl_LibertyReadGenlib() skipped sequential cell "SDFFR_X2".
ABC: Scl_LibertyReadGenlib() skipped sequential cell "SDFFS_X1".
ABC: Scl_LibertyReadGenlib() skipped sequential cell "SDFFS_X2".
ABC: Scl_LibertyReadGenlib() skipped sequential cell "SDFF_X1".
ABC: Scl_LibertyReadGenlib() skipped sequential cell "SDFF_X2".
ABC: Scl_LibertyReadGenlib() skipped three-state cell "TBUF_X1".
ABC: Scl_LibertyReadGenlib() skipped three-state cell "TBUF_X2".
ABC: Scl_LibertyReadGenlib() skipped three-state cell "TBUF_X4".
ABC: Scl_LibertyReadGenlib() skipped three-state cell "TBUF_X8".
ABC: Scl_LibertyReadGenlib() skipped three-state cell "TBUF_X16".
ABC: Scl_LibertyReadGenlib() skipped three-state cell "TINV_X1".
ABC: Scl_LibertyReadGenlib() skipped sequential cell "TLAT_X1".
ABC: Library "nangate45_merged" from "/home/zzy/ysyx-workbench/yosys-sta/scripts/../nangate45/lib/merged.lib" has 88 cells (47 skipped: 21 seq; 6 tri-state; 20 no func; 7 dont_use).  Time =     0.06 sec
ABC: Memory =    8.88 MB. Time =     0.06 sec
ABC: Warning: Detected 2 multi-output gates (for example, "FA_X1").
ABC: + strash 
ABC: + ifraig 
ABC: + retime -D -D 2000.0 -M 6 
ABC: + strash 
ABC: + dch -f 
ABC: + map -p -M 1 -D 2000.0 -f 
ABC: + topo 
ABC: + dnsize 
ABC: + buffer -p 
ABC: + upsize 
ABC: + 
ABC: + write_blif /tmp/yosys-abc-WAOqSR/output.blif 

16.3.2. Re-integrating ABC results.
ABC RESULTS:           AND2_X1 cells:       59
ABC RESULTS:           AND2_X2 cells:        2
ABC RESULTS:           AND2_X4 cells:       11
ABC RESULTS:           AND3_X1 cells:       68
ABC RESULTS:           AND3_X2 cells:        2
ABC RESULTS:           AND3_X4 cells:        4
ABC RESULTS:           AND4_X1 cells:       24
ABC RESULTS:           AND4_X4 cells:        2
ABC RESULTS:         AOI211_X2 cells:        3
ABC RESULTS:         AOI211_X4 cells:       12
ABC RESULTS:          AOI21_X1 cells:       32
ABC RESULTS:            BUF_X2 cells:        6
ABC RESULTS:            BUF_X4 cells:       13
ABC RESULTS:            BUF_X8 cells:        1
ABC RESULTS:         CLKBUF_X2 cells:        9
ABC RESULTS:            INV_X1 cells:       24
ABC RESULTS:          NAND2_X1 cells:       10
ABC RESULTS:          NAND3_X1 cells:       27
ABC RESULTS:          NAND3_X2 cells:        1
ABC RESULTS:          NAND4_X1 cells:       27
ABC RESULTS:           NOR2_X1 cells:       48
ABC RESULTS:           NOR3_X1 cells:       21
ABC RESULTS:           NOR3_X2 cells:        1
ABC RESULTS:          OAI21_X1 cells:       55
ABC RESULTS:            OR2_X1 cells:        8
ABC RESULTS:            OR3_X1 cells:        2
ABC RESULTS:            OR3_X4 cells:        2
ABC RESULTS:          XNOR2_X1 cells:        6
ABC RESULTS:        internal signals:      285
ABC RESULTS:           input signals:      120
ABC RESULTS:          output signals:       96
Removing temp directory.

16.4. Extracting gate netlist of module `\ysyx_25030085_ex' to `/tmp/yosys-abc-wbIR3t/input.blif'..
Extracted 668 gates and 978 wires to a netlist network with 310 inputs and 212 outputs.

16.4.1. Executing ABC.
Running ABC command: berkeley-abc -s -f /tmp/yosys-abc-wbIR3t/abc.script 2>&1
ABC: ABC command line: "source /tmp/yosys-abc-wbIR3t/abc.script".
ABC: 
ABC: + read_blif /tmp/yosys-abc-wbIR3t/input.blif 
ABC: + read_lib -w /home/zzy/ysyx-workbench/yosys-sta/scripts/../nangate45/lib/merged.lib 
ABC: Parsing finished successfully.  Parsing time =     0.04 sec
ABC: Scl_LibertyReadGenlib() skipped cell "fakeram45_1024x32" without logic function.
ABC: Scl_LibertyReadGenlib() skipped cell "fakeram45_2048x39" without logic function.
ABC: Scl_LibertyReadGenlib() skipped cell "fakeram45_256x34" without logic function.
ABC: Scl_LibertyReadGenlib() skipped cell "fakeram45_256x95" without logic function.
ABC: Scl_LibertyReadGenlib() skipped cell "fakeram45_256x96" without logic function.
ABC: Scl_LibertyReadGenlib() skipped cell "fakeram45_32x64" without logic function.
ABC: Scl_LibertyReadGenlib() skipped cell "fakeram45_512x64" without logic function.
ABC: Scl_LibertyReadGenlib() skipped cell "fakeram45_64x15" without logic function.
ABC: Scl_LibertyReadGenlib() skipped cell "fakeram45_64x21" without logic function.
ABC: Scl_LibertyReadGenlib() skipped cell "fakeram45_64x32" without logic function.
ABC: Scl_LibertyReadGenlib() skipped cell "fakeram45_64x7" without logic function.
ABC: Scl_LibertyReadGenlib() skipped cell "fakeram45_64x96" without logic function.
ABC: Scl_LibertyReadGenlib() skipped cell "ANTENNA_X1" due to dont_use attribute.
ABC: Scl_LibertyReadGenlib() skipped cell "CLKGATETST_X1" without logic function.
ABC: Scl_LibertyReadGenlib() skipped cell "CLKGATETST_X2" without logic function.
ABC: Scl_LibertyReadGenlib() skipped cell "CLKGATETST_X4" without logic function.
ABC: Scl_LibertyReadGenlib() skipped cell "CLKGATETST_X8" without logic function.
ABC: Scl_LibertyReadGenlib() skipped cell "CLKGATE_X1" without logic function.
ABC: Scl_LibertyReadGenlib() skipped cell "CLKGATE_X2" without logic function.
ABC: Scl_LibertyReadGenlib() skipped cell "CLKGATE_X4" without logic function.
ABC: Scl_LibertyReadGenlib() skipped cell "CLKGATE_X8" without logic function.
ABC: Scl_LibertyReadGenlib() skipped sequential cell "DFFRS_X1".
ABC: Scl_LibertyReadGenlib() skipped sequential cell "DFFRS_X2".
ABC: Scl_LibertyReadGenlib() skipped sequential cell "DFFR_X1".
ABC: Scl_LibertyReadGenlib() skipped sequential cell "DFFR_X2".
ABC: Scl_LibertyReadGenlib() skipped sequential cell "DFFS_X1".
ABC: Scl_LibertyReadGenlib() skipped sequential cell "DFFS_X2".
ABC: Scl_LibertyReadGenlib() skipped sequential cell "DFF_X1".
ABC: Scl_LibertyReadGenlib() skipped sequential cell "DFF_X2".
ABC: Scl_LibertyReadGenlib() skipped sequential cell "DLH_X1".
ABC: Scl_LibertyReadGenlib() skipped sequential cell "DLH_X2".
ABC: Scl_LibertyReadGenlib() skipped sequential cell "DLL_X1".
ABC: Scl_LibertyReadGenlib() skipped sequential cell "DLL_X2".
ABC: Scl_LibertyReadGenlib() skipped cell "FILLCELL_X2" due to dont_use attribute.
ABC: Scl_LibertyReadGenlib() skipped cell "FILLCELL_X4" due to dont_use attribute.
ABC: Scl_LibertyReadGenlib() skipped cell "FILLCELL_X8" due to dont_use attribute.
ABC: Scl_LibertyReadGenlib() skipped cell "FILLCELL_X32" due to dont_use attribute.
ABC: Scl_LibertyReadGenlib() skipped cell "LOGIC0_X1" due to dont_use attribute.
ABC: Scl_LibertyReadGenlib() skipped cell "LOGIC1_X1" due to dont_use attribute.
ABC: Scl_LibertyReadGenlib() skipped sequential cell "SDFFRS_X1".
ABC: Scl_LibertyReadGenlib() skipped sequential cell "SDFFRS_X2".
ABC: Scl_LibertyReadGenlib() skipped sequential cell "SDFFR_X1".
ABC: Scl_LibertyReadGenlib() skipped sequential cell "SDFFR_X2".
ABC: Scl_LibertyReadGenlib() skipped sequential cell "SDFFS_X1".
ABC: Scl_LibertyReadGenlib() skipped sequential cell "SDFFS_X2".
ABC: Scl_LibertyReadGenlib() skipped sequential cell "SDFF_X1".
ABC: Scl_LibertyReadGenlib() skipped sequential cell "SDFF_X2".
ABC: Scl_LibertyReadGenlib() skipped three-state cell "TBUF_X1".
ABC: Scl_LibertyReadGenlib() skipped three-state cell "TBUF_X2".
ABC: Scl_LibertyReadGenlib() skipped three-state cell "TBUF_X4".
ABC: Scl_LibertyReadGenlib() skipped three-state cell "TBUF_X8".
ABC: Scl_LibertyReadGenlib() skipped three-state cell "TBUF_X16".
ABC: Scl_LibertyReadGenlib() skipped three-state cell "TINV_X1".
ABC: Scl_LibertyReadGenlib() skipped sequential cell "TLAT_X1".
ABC: Library "nangate45_merged" from "/home/zzy/ysyx-workbench/yosys-sta/scripts/../nangate45/lib/merged.lib" has 88 cells (47 skipped: 21 seq; 6 tri-state; 20 no func; 7 dont_use).  Time =     0.06 sec
ABC: Memory =    8.88 MB. Time =     0.06 sec
ABC: Warning: Detected 2 multi-output gates (for example, "FA_X1").
ABC: + strash 
ABC: + ifraig 
ABC: + retime -D -D 2000.0 -M 6 
ABC: + strash 
ABC: + dch -f 
ABC: + map -p -M 1 -D 2000.0 -f 
ABC: + topo 
ABC: + dnsize 
ABC: + buffer -p 
ABC: + upsize 
ABC: + 
ABC: + write_blif /tmp/yosys-abc-wbIR3t/output.blif 

16.4.2. Re-integrating ABC results.
ABC RESULTS:           AND2_X1 cells:       50
ABC RESULTS:           AND2_X2 cells:       12
ABC RESULTS:           AND2_X4 cells:        4
ABC RESULTS:           AND3_X1 cells:       21
ABC RESULTS:           AND3_X2 cells:        3
ABC RESULTS:           AND4_X1 cells:        2
ABC RESULTS:         AOI211_X4 cells:        1
ABC RESULTS:          AOI21_X1 cells:       22
ABC RESULTS:          AOI21_X4 cells:        1
ABC RESULTS:         AOI221_X2 cells:        1
ABC RESULTS:         AOI221_X4 cells:        1
ABC RESULTS:           BUF_X32 cells:        1
ABC RESULTS:            BUF_X4 cells:       16
ABC RESULTS:            BUF_X8 cells:        1
ABC RESULTS:            INV_X1 cells:       35
ABC RESULTS:            INV_X2 cells:        3
ABC RESULTS:           INV_X32 cells:        1
ABC RESULTS:            INV_X4 cells:        1
ABC RESULTS:           MUX2_X1 cells:      186
ABC RESULTS:           MUX2_X2 cells:        4
ABC RESULTS:          NAND2_X1 cells:       31
ABC RESULTS:          NAND2_X2 cells:        6
ABC RESULTS:          NAND2_X4 cells:        7
ABC RESULTS:          NAND3_X1 cells:       11
ABC RESULTS:          NAND3_X2 cells:        1
ABC RESULTS:          NAND3_X4 cells:        2
ABC RESULTS:          NAND4_X1 cells:        1
ABC RESULTS:           NOR2_X1 cells:       31
ABC RESULTS:           NOR2_X2 cells:        5
ABC RESULTS:           NOR2_X4 cells:        1
ABC RESULTS:           NOR3_X1 cells:       19
ABC RESULTS:           NOR3_X2 cells:        1
ABC RESULTS:           NOR3_X4 cells:        2
ABC RESULTS:           NOR4_X1 cells:        3
ABC RESULTS:           NOR4_X4 cells:        2
ABC RESULTS:          OAI21_X1 cells:       17
ABC RESULTS:          OAI21_X2 cells:        2
ABC RESULTS:            OR2_X1 cells:        4
ABC RESULTS:            OR2_X4 cells:        6
ABC RESULTS:            OR3_X1 cells:        7
ABC RESULTS:            OR3_X2 cells:        1
ABC RESULTS:            OR3_X4 cells:        1
ABC RESULTS:          XNOR2_X1 cells:       25
ABC RESULTS:          XNOR2_X2 cells:        1
ABC RESULTS:           XOR2_X1 cells:       27
ABC RESULTS:           XOR2_X2 cells:       11
ABC RESULTS:        internal signals:      456
ABC RESULTS:           input signals:      310
ABC RESULTS:          output signals:      212
Removing temp directory.

16.5. Extracting gate netlist of module `\ysyx_25030085_id' to `/tmp/yosys-abc-CEBpWs/input.blif'..
Extracted 344 gates and 499 wires to a netlist network with 155 inputs and 111 outputs.

16.5.1. Executing ABC.
Running ABC command: berkeley-abc -s -f /tmp/yosys-abc-CEBpWs/abc.script 2>&1
ABC: ABC command line: "source /tmp/yosys-abc-CEBpWs/abc.script".
ABC: 
ABC: + read_blif /tmp/yosys-abc-CEBpWs/input.blif 
ABC: + read_lib -w /home/zzy/ysyx-workbench/yosys-sta/scripts/../nangate45/lib/merged.lib 
ABC: Parsing finished successfully.  Parsing time =     0.05 sec
ABC: Scl_LibertyReadGenlib() skipped cell "fakeram45_1024x32" without logic function.
ABC: Scl_LibertyReadGenlib() skipped cell "fakeram45_2048x39" without logic function.
ABC: Scl_LibertyReadGenlib() skipped cell "fakeram45_256x34" without logic function.
ABC: Scl_LibertyReadGenlib() skipped cell "fakeram45_256x95" without logic function.
ABC: Scl_LibertyReadGenlib() skipped cell "fakeram45_256x96" without logic function.
ABC: Scl_LibertyReadGenlib() skipped cell "fakeram45_32x64" without logic function.
ABC: Scl_LibertyReadGenlib() skipped cell "fakeram45_512x64" without logic function.
ABC: Scl_LibertyReadGenlib() skipped cell "fakeram45_64x15" without logic function.
ABC: Scl_LibertyReadGenlib() skipped cell "fakeram45_64x21" without logic function.
ABC: Scl_LibertyReadGenlib() skipped cell "fakeram45_64x32" without logic function.
ABC: Scl_LibertyReadGenlib() skipped cell "fakeram45_64x7" without logic function.
ABC: Scl_LibertyReadGenlib() skipped cell "fakeram45_64x96" without logic function.
ABC: Scl_LibertyReadGenlib() skipped cell "ANTENNA_X1" due to dont_use attribute.
ABC: Scl_LibertyReadGenlib() skipped cell "CLKGATETST_X1" without logic function.
ABC: Scl_LibertyReadGenlib() skipped cell "CLKGATETST_X2" without logic function.
ABC: Scl_LibertyReadGenlib() skipped cell "CLKGATETST_X4" without logic function.
ABC: Scl_LibertyReadGenlib() skipped cell "CLKGATETST_X8" without logic function.
ABC: Scl_LibertyReadGenlib() skipped cell "CLKGATE_X1" without logic function.
ABC: Scl_LibertyReadGenlib() skipped cell "CLKGATE_X2" without logic function.
ABC: Scl_LibertyReadGenlib() skipped cell "CLKGATE_X4" without logic function.
ABC: Scl_LibertyReadGenlib() skipped cell "CLKGATE_X8" without logic function.
ABC: Scl_LibertyReadGenlib() skipped sequential cell "DFFRS_X1".
ABC: Scl_LibertyReadGenlib() skipped sequential cell "DFFRS_X2".
ABC: Scl_LibertyReadGenlib() skipped sequential cell "DFFR_X1".
ABC: Scl_LibertyReadGenlib() skipped sequential cell "DFFR_X2".
ABC: Scl_LibertyReadGenlib() skipped sequential cell "DFFS_X1".
ABC: Scl_LibertyReadGenlib() skipped sequential cell "DFFS_X2".
ABC: Scl_LibertyReadGenlib() skipped sequential cell "DFF_X1".
ABC: Scl_LibertyReadGenlib() skipped sequential cell "DFF_X2".
ABC: Scl_LibertyReadGenlib() skipped sequential cell "DLH_X1".
ABC: Scl_LibertyReadGenlib() skipped sequential cell "DLH_X2".
ABC: Scl_LibertyReadGenlib() skipped sequential cell "DLL_X1".
ABC: Scl_LibertyReadGenlib() skipped sequential cell "DLL_X2".
ABC: Scl_LibertyReadGenlib() skipped cell "FILLCELL_X2" due to dont_use attribute.
ABC: Scl_LibertyReadGenlib() skipped cell "FILLCELL_X4" due to dont_use attribute.
ABC: Scl_LibertyReadGenlib() skipped cell "FILLCELL_X8" due to dont_use attribute.
ABC: Scl_LibertyReadGenlib() skipped cell "FILLCELL_X32" due to dont_use attribute.
ABC: Scl_LibertyReadGenlib() skipped cell "LOGIC0_X1" due to dont_use attribute.
ABC: Scl_LibertyReadGenlib() skipped cell "LOGIC1_X1" due to dont_use attribute.
ABC: Scl_LibertyReadGenlib() skipped sequential cell "SDFFRS_X1".
ABC: Scl_LibertyReadGenlib() skipped sequential cell "SDFFRS_X2".
ABC: Scl_LibertyReadGenlib() skipped sequential cell "SDFFR_X1".
ABC: Scl_LibertyReadGenlib() skipped sequential cell "SDFFR_X2".
ABC: Scl_LibertyReadGenlib() skipped sequential cell "SDFFS_X1".
ABC: Scl_LibertyReadGenlib() skipped sequential cell "SDFFS_X2".
ABC: Scl_LibertyReadGenlib() skipped sequential cell "SDFF_X1".
ABC: Scl_LibertyReadGenlib() skipped sequential cell "SDFF_X2".
ABC: Scl_LibertyReadGenlib() skipped three-state cell "TBUF_X1".
ABC: Scl_LibertyReadGenlib() skipped three-state cell "TBUF_X2".
ABC: Scl_LibertyReadGenlib() skipped three-state cell "TBUF_X4".
ABC: Scl_LibertyReadGenlib() skipped three-state cell "TBUF_X8".
ABC: Scl_LibertyReadGenlib() skipped three-state cell "TBUF_X16".
ABC: Scl_LibertyReadGenlib() skipped three-state cell "TINV_X1".
ABC: Scl_LibertyReadGenlib() skipped sequential cell "TLAT_X1".
ABC: Library "nangate45_merged" from "/home/zzy/ysyx-workbench/yosys-sta/scripts/../nangate45/lib/merged.lib" has 88 cells (47 skipped: 21 seq; 6 tri-state; 20 no func; 7 dont_use).  Time =     0.06 sec
ABC: Memory =    8.88 MB. Time =     0.06 sec
ABC: Warning: Detected 2 multi-output gates (for example, "FA_X1").
ABC: + strash 
ABC: + ifraig 
ABC: + retime -D -D 2000.0 -M 6 
ABC: + strash 
ABC: + dch -f 
ABC: + map -p -M 1 -D 2000.0 -f 
ABC: + topo 
ABC: + dnsize 
ABC: + buffer -p 
ABC: + upsize 
ABC: + 
ABC: + write_blif /tmp/yosys-abc-CEBpWs/output.blif 

16.5.2. Re-integrating ABC results.
ABC RESULTS:           AND2_X1 cells:        1
ABC RESULTS:           AND2_X2 cells:        6
ABC RESULTS:           AND2_X4 cells:        9
ABC RESULTS:           AND3_X1 cells:        1
ABC RESULTS:           AND3_X4 cells:        3
ABC RESULTS:           AND4_X1 cells:        7
ABC RESULTS:           AND4_X4 cells:        1
ABC RESULTS:         AOI211_X2 cells:        6
ABC RESULTS:          AOI21_X1 cells:       10
ABC RESULTS:          AOI21_X2 cells:        4
ABC RESULTS:            BUF_X1 cells:        1
ABC RESULTS:           BUF_X16 cells:        6
ABC RESULTS:            BUF_X4 cells:        4
ABC RESULTS:            BUF_X8 cells:        7
ABC RESULTS:         CLKBUF_X1 cells:        1
ABC RESULTS:         CLKBUF_X2 cells:        1
ABC RESULTS:            INV_X1 cells:        6
ABC RESULTS:            INV_X2 cells:        1
ABC RESULTS:           INV_X32 cells:        6
ABC RESULTS:            INV_X4 cells:        5
ABC RESULTS:            INV_X8 cells:        1
ABC RESULTS:           MUX2_X1 cells:       64
ABC RESULTS:          NAND2_X1 cells:        4
ABC RESULTS:          NAND3_X1 cells:        2
ABC RESULTS:          NAND4_X1 cells:       16
ABC RESULTS:           NOR2_X1 cells:        2
ABC RESULTS:           NOR2_X2 cells:        5
ABC RESULTS:           NOR2_X4 cells:        5
ABC RESULTS:           NOR3_X1 cells:        3
ABC RESULTS:           NOR3_X2 cells:        1
ABC RESULTS:           NOR3_X4 cells:        4
ABC RESULTS:           NOR4_X1 cells:        1
ABC RESULTS:           NOR4_X4 cells:        1
ABC RESULTS:         OAI211_X2 cells:        5
ABC RESULTS:         OAI211_X4 cells:        1
ABC RESULTS:          OAI21_X1 cells:       20
ABC RESULTS:          OAI22_X1 cells:        3
ABC RESULTS:            OR2_X1 cells:        2
ABC RESULTS:            OR3_X1 cells:        7
ABC RESULTS:        internal signals:      233
ABC RESULTS:           input signals:      155
ABC RESULTS:          output signals:      111
Removing temp directory.

16.6. Extracting gate netlist of module `\ysyx_25030085_if' to `/tmp/yosys-abc-asP4cL/input.blif'..
Extracted 171 gates and 341 wires to a netlist network with 170 inputs and 102 outputs.

16.6.1. Executing ABC.
Running ABC command: berkeley-abc -s -f /tmp/yosys-abc-asP4cL/abc.script 2>&1
ABC: ABC command line: "source /tmp/yosys-abc-asP4cL/abc.script".
ABC: 
ABC: + read_blif /tmp/yosys-abc-asP4cL/input.blif 
ABC: + read_lib -w /home/zzy/ysyx-workbench/yosys-sta/scripts/../nangate45/lib/merged.lib 
ABC: Parsing finished successfully.  Parsing time =     0.04 sec
ABC: Scl_LibertyReadGenlib() skipped cell "fakeram45_1024x32" without logic function.
ABC: Scl_LibertyReadGenlib() skipped cell "fakeram45_2048x39" without logic function.
ABC: Scl_LibertyReadGenlib() skipped cell "fakeram45_256x34" without logic function.
ABC: Scl_LibertyReadGenlib() skipped cell "fakeram45_256x95" without logic function.
ABC: Scl_LibertyReadGenlib() skipped cell "fakeram45_256x96" without logic function.
ABC: Scl_LibertyReadGenlib() skipped cell "fakeram45_32x64" without logic function.
ABC: Scl_LibertyReadGenlib() skipped cell "fakeram45_512x64" without logic function.
ABC: Scl_LibertyReadGenlib() skipped cell "fakeram45_64x15" without logic function.
ABC: Scl_LibertyReadGenlib() skipped cell "fakeram45_64x21" without logic function.
ABC: Scl_LibertyReadGenlib() skipped cell "fakeram45_64x32" without logic function.
ABC: Scl_LibertyReadGenlib() skipped cell "fakeram45_64x7" without logic function.
ABC: Scl_LibertyReadGenlib() skipped cell "fakeram45_64x96" without logic function.
ABC: Scl_LibertyReadGenlib() skipped cell "ANTENNA_X1" due to dont_use attribute.
ABC: Scl_LibertyReadGenlib() skipped cell "CLKGATETST_X1" without logic function.
ABC: Scl_LibertyReadGenlib() skipped cell "CLKGATETST_X2" without logic function.
ABC: Scl_LibertyReadGenlib() skipped cell "CLKGATETST_X4" without logic function.
ABC: Scl_LibertyReadGenlib() skipped cell "CLKGATETST_X8" without logic function.
ABC: Scl_LibertyReadGenlib() skipped cell "CLKGATE_X1" without logic function.
ABC: Scl_LibertyReadGenlib() skipped cell "CLKGATE_X2" without logic function.
ABC: Scl_LibertyReadGenlib() skipped cell "CLKGATE_X4" without logic function.
ABC: Scl_LibertyReadGenlib() skipped cell "CLKGATE_X8" without logic function.
ABC: Scl_LibertyReadGenlib() skipped sequential cell "DFFRS_X1".
ABC: Scl_LibertyReadGenlib() skipped sequential cell "DFFRS_X2".
ABC: Scl_LibertyReadGenlib() skipped sequential cell "DFFR_X1".
ABC: Scl_LibertyReadGenlib() skipped sequential cell "DFFR_X2".
ABC: Scl_LibertyReadGenlib() skipped sequential cell "DFFS_X1".
ABC: Scl_LibertyReadGenlib() skipped sequential cell "DFFS_X2".
ABC: Scl_LibertyReadGenlib() skipped sequential cell "DFF_X1".
ABC: Scl_LibertyReadGenlib() skipped sequential cell "DFF_X2".
ABC: Scl_LibertyReadGenlib() skipped sequential cell "DLH_X1".
ABC: Scl_LibertyReadGenlib() skipped sequential cell "DLH_X2".
ABC: Scl_LibertyReadGenlib() skipped sequential cell "DLL_X1".
ABC: Scl_LibertyReadGenlib() skipped sequential cell "DLL_X2".
ABC: Scl_LibertyReadGenlib() skipped cell "FILLCELL_X2" due to dont_use attribute.
ABC: Scl_LibertyReadGenlib() skipped cell "FILLCELL_X4" due to dont_use attribute.
ABC: Scl_LibertyReadGenlib() skipped cell "FILLCELL_X8" due to dont_use attribute.
ABC: Scl_LibertyReadGenlib() skipped cell "FILLCELL_X32" due to dont_use attribute.
ABC: Scl_LibertyReadGenlib() skipped cell "LOGIC0_X1" due to dont_use attribute.
ABC: Scl_LibertyReadGenlib() skipped cell "LOGIC1_X1" due to dont_use attribute.
ABC: Scl_LibertyReadGenlib() skipped sequential cell "SDFFRS_X1".
ABC: Scl_LibertyReadGenlib() skipped sequential cell "SDFFRS_X2".
ABC: Scl_LibertyReadGenlib() skipped sequential cell "SDFFR_X1".
ABC: Scl_LibertyReadGenlib() skipped sequential cell "SDFFR_X2".
ABC: Scl_LibertyReadGenlib() skipped sequential cell "SDFFS_X1".
ABC: Scl_LibertyReadGenlib() skipped sequential cell "SDFFS_X2".
ABC: Scl_LibertyReadGenlib() skipped sequential cell "SDFF_X1".
ABC: Scl_LibertyReadGenlib() skipped sequential cell "SDFF_X2".
ABC: Scl_LibertyReadGenlib() skipped three-state cell "TBUF_X1".
ABC: Scl_LibertyReadGenlib() skipped three-state cell "TBUF_X2".
ABC: Scl_LibertyReadGenlib() skipped three-state cell "TBUF_X4".
ABC: Scl_LibertyReadGenlib() skipped three-state cell "TBUF_X8".
ABC: Scl_LibertyReadGenlib() skipped three-state cell "TBUF_X16".
ABC: Scl_LibertyReadGenlib() skipped three-state cell "TINV_X1".
ABC: Scl_LibertyReadGenlib() skipped sequential cell "TLAT_X1".
ABC: Library "nangate45_merged" from "/home/zzy/ysyx-workbench/yosys-sta/scripts/../nangate45/lib/merged.lib" has 88 cells (47 skipped: 21 seq; 6 tri-state; 20 no func; 7 dont_use).  Time =     0.06 sec
ABC: Memory =    8.88 MB. Time =     0.06 sec
ABC: Warning: Detected 2 multi-output gates (for example, "FA_X1").
ABC: + strash 
ABC: + ifraig 
ABC: + retime -D -D 2000.0 -M 6 
ABC: + strash 
ABC: + dch -f 
ABC: + map -p -M 1 -D 2000.0 -f 
ABC: + topo 
ABC: + dnsize 
ABC: + buffer -p 
ABC: + upsize 
ABC: + 
ABC: + write_blif /tmp/yosys-abc-asP4cL/output.blif 

16.6.2. Re-integrating ABC results.
ABC RESULTS:           AND2_X4 cells:        2
ABC RESULTS:           AND3_X1 cells:        1
ABC RESULTS:           BUF_X16 cells:        8
ABC RESULTS:            INV_X1 cells:        3
ABC RESULTS:           INV_X16 cells:        1
ABC RESULTS:            INV_X2 cells:        1
ABC RESULTS:           MUX2_X1 cells:       96
ABC RESULTS:           NOR2_X1 cells:        1
ABC RESULTS:          OAI21_X1 cells:        1
ABC RESULTS:         OAI221_X1 cells:        1
ABC RESULTS:            OR2_X1 cells:        1
ABC RESULTS:        internal signals:       69
ABC RESULTS:           input signals:      170
ABC RESULTS:          output signals:      102
Removing temp directory.

16.7. Extracting gate netlist of module `\ysyx_25030085_lsu' to `/tmp/yosys-abc-y8Bn2A/input.blif'..
Extracted 698 gates and 1127 wires to a netlist network with 429 inputs and 282 outputs.

16.7.1. Executing ABC.
Running ABC command: berkeley-abc -s -f /tmp/yosys-abc-y8Bn2A/abc.script 2>&1
ABC: ABC command line: "source /tmp/yosys-abc-y8Bn2A/abc.script".
ABC: 
ABC: + read_blif /tmp/yosys-abc-y8Bn2A/input.blif 
ABC: + read_lib -w /home/zzy/ysyx-workbench/yosys-sta/scripts/../nangate45/lib/merged.lib 
ABC: Parsing finished successfully.  Parsing time =     0.05 sec
ABC: Scl_LibertyReadGenlib() skipped cell "fakeram45_1024x32" without logic function.
ABC: Scl_LibertyReadGenlib() skipped cell "fakeram45_2048x39" without logic function.
ABC: Scl_LibertyReadGenlib() skipped cell "fakeram45_256x34" without logic function.
ABC: Scl_LibertyReadGenlib() skipped cell "fakeram45_256x95" without logic function.
ABC: Scl_LibertyReadGenlib() skipped cell "fakeram45_256x96" without logic function.
ABC: Scl_LibertyReadGenlib() skipped cell "fakeram45_32x64" without logic function.
ABC: Scl_LibertyReadGenlib() skipped cell "fakeram45_512x64" without logic function.
ABC: Scl_LibertyReadGenlib() skipped cell "fakeram45_64x15" without logic function.
ABC: Scl_LibertyReadGenlib() skipped cell "fakeram45_64x21" without logic function.
ABC: Scl_LibertyReadGenlib() skipped cell "fakeram45_64x32" without logic function.
ABC: Scl_LibertyReadGenlib() skipped cell "fakeram45_64x7" without logic function.
ABC: Scl_LibertyReadGenlib() skipped cell "fakeram45_64x96" without logic function.
ABC: Scl_LibertyReadGenlib() skipped cell "ANTENNA_X1" due to dont_use attribute.
ABC: Scl_LibertyReadGenlib() skipped cell "CLKGATETST_X1" without logic function.
ABC: Scl_LibertyReadGenlib() skipped cell "CLKGATETST_X2" without logic function.
ABC: Scl_LibertyReadGenlib() skipped cell "CLKGATETST_X4" without logic function.
ABC: Scl_LibertyReadGenlib() skipped cell "CLKGATETST_X8" without logic function.
ABC: Scl_LibertyReadGenlib() skipped cell "CLKGATE_X1" without logic function.
ABC: Scl_LibertyReadGenlib() skipped cell "CLKGATE_X2" without logic function.
ABC: Scl_LibertyReadGenlib() skipped cell "CLKGATE_X4" without logic function.
ABC: Scl_LibertyReadGenlib() skipped cell "CLKGATE_X8" without logic function.
ABC: Scl_LibertyReadGenlib() skipped sequential cell "DFFRS_X1".
ABC: Scl_LibertyReadGenlib() skipped sequential cell "DFFRS_X2".
ABC: Scl_LibertyReadGenlib() skipped sequential cell "DFFR_X1".
ABC: Scl_LibertyReadGenlib() skipped sequential cell "DFFR_X2".
ABC: Scl_LibertyReadGenlib() skipped sequential cell "DFFS_X1".
ABC: Scl_LibertyReadGenlib() skipped sequential cell "DFFS_X2".
ABC: Scl_LibertyReadGenlib() skipped sequential cell "DFF_X1".
ABC: Scl_LibertyReadGenlib() skipped sequential cell "DFF_X2".
ABC: Scl_LibertyReadGenlib() skipped sequential cell "DLH_X1".
ABC: Scl_LibertyReadGenlib() skipped sequential cell "DLH_X2".
ABC: Scl_LibertyReadGenlib() skipped sequential cell "DLL_X1".
ABC: Scl_LibertyReadGenlib() skipped sequential cell "DLL_X2".
ABC: Scl_LibertyReadGenlib() skipped cell "FILLCELL_X2" due to dont_use attribute.
ABC: Scl_LibertyReadGenlib() skipped cell "FILLCELL_X4" due to dont_use attribute.
ABC: Scl_LibertyReadGenlib() skipped cell "FILLCELL_X8" due to dont_use attribute.
ABC: Scl_LibertyReadGenlib() skipped cell "FILLCELL_X32" due to dont_use attribute.
ABC: Scl_LibertyReadGenlib() skipped cell "LOGIC0_X1" due to dont_use attribute.
ABC: Scl_LibertyReadGenlib() skipped cell "LOGIC1_X1" due to dont_use attribute.
ABC: Scl_LibertyReadGenlib() skipped sequential cell "SDFFRS_X1".
ABC: Scl_LibertyReadGenlib() skipped sequential cell "SDFFRS_X2".
ABC: Scl_LibertyReadGenlib() skipped sequential cell "SDFFR_X1".
ABC: Scl_LibertyReadGenlib() skipped sequential cell "SDFFR_X2".
ABC: Scl_LibertyReadGenlib() skipped sequential cell "SDFFS_X1".
ABC: Scl_LibertyReadGenlib() skipped sequential cell "SDFFS_X2".
ABC: Scl_LibertyReadGenlib() skipped sequential cell "SDFF_X1".
ABC: Scl_LibertyReadGenlib() skipped sequential cell "SDFF_X2".
ABC: Scl_LibertyReadGenlib() skipped three-state cell "TBUF_X1".
ABC: Scl_LibertyReadGenlib() skipped three-state cell "TBUF_X2".
ABC: Scl_LibertyReadGenlib() skipped three-state cell "TBUF_X4".
ABC: Scl_LibertyReadGenlib() skipped three-state cell "TBUF_X8".
ABC: Scl_LibertyReadGenlib() skipped three-state cell "TBUF_X16".
ABC: Scl_LibertyReadGenlib() skipped three-state cell "TINV_X1".
ABC: Scl_LibertyReadGenlib() skipped sequential cell "TLAT_X1".
ABC: Library "nangate45_merged" from "/home/zzy/ysyx-workbench/yosys-sta/scripts/../nangate45/lib/merged.lib" has 88 cells (47 skipped: 21 seq; 6 tri-state; 20 no func; 7 dont_use).  Time =     0.07 sec
ABC: Memory =    8.88 MB. Time =     0.07 sec
ABC: Warning: Detected 2 multi-output gates (for example, "FA_X1").
ABC: + strash 
ABC: + ifraig 
ABC: + retime -D -D 2000.0 -M 6 
ABC: + strash 
ABC: + dch -f 
ABC: + map -p -M 1 -D 2000.0 -f 
ABC: + topo 
ABC: + dnsize 
ABC: + buffer -p 
ABC: + upsize 
ABC: + 
ABC: + write_blif /tmp/yosys-abc-y8Bn2A/output.blif 

16.7.2. Re-integrating ABC results.
ABC RESULTS:           AND2_X1 cells:       12
ABC RESULTS:           AND2_X2 cells:        4
ABC RESULTS:           AND2_X4 cells:        3
ABC RESULTS:           AND3_X1 cells:       24
ABC RESULTS:          AOI21_X1 cells:        1
ABC RESULTS:          AOI22_X1 cells:        8
ABC RESULTS:            BUF_X2 cells:        2
ABC RESULTS:            BUF_X4 cells:       22
ABC RESULTS:            BUF_X8 cells:        3
ABC RESULTS:         CLKBUF_X2 cells:        4
ABC RESULTS:            INV_X1 cells:       64
ABC RESULTS:           INV_X32 cells:        2
ABC RESULTS:           MUX2_X1 cells:      210
ABC RESULTS:          NAND2_X1 cells:       15
ABC RESULTS:          NAND2_X2 cells:       12
ABC RESULTS:          NAND2_X4 cells:        1
ABC RESULTS:          NAND3_X1 cells:       34
ABC RESULTS:          NAND4_X1 cells:        1
ABC RESULTS:           NOR2_X1 cells:        4
ABC RESULTS:           NOR2_X2 cells:        2
ABC RESULTS:           NOR3_X1 cells:        3
ABC RESULTS:           NOR4_X1 cells:        2
ABC RESULTS:           NOR4_X4 cells:        1
ABC RESULTS:         OAI211_X2 cells:        2
ABC RESULTS:          OAI21_X1 cells:       35
ABC RESULTS:          OAI21_X2 cells:        1
ABC RESULTS:          OAI22_X1 cells:       24
ABC RESULTS:            OR3_X1 cells:        8
ABC RESULTS:            OR4_X1 cells:        1
ABC RESULTS:            OR4_X4 cells:        1
ABC RESULTS:        internal signals:      416
ABC RESULTS:           input signals:      429
ABC RESULTS:          output signals:      282
Removing temp directory.

16.8. Extracting gate netlist of module `\ysyx_25030085_wb' to `/tmp/yosys-abc-vHuUh7/input.blif'..
Extracted 688 gates and 1162 wires to a netlist network with 474 inputs and 235 outputs.

16.8.1. Executing ABC.
Running ABC command: berkeley-abc -s -f /tmp/yosys-abc-vHuUh7/abc.script 2>&1
ABC: ABC command line: "source /tmp/yosys-abc-vHuUh7/abc.script".
ABC: 
ABC: + read_blif /tmp/yosys-abc-vHuUh7/input.blif 
ABC: + read_lib -w /home/zzy/ysyx-workbench/yosys-sta/scripts/../nangate45/lib/merged.lib 
ABC: Parsing finished successfully.  Parsing time =     0.04 sec
ABC: Scl_LibertyReadGenlib() skipped cell "fakeram45_1024x32" without logic function.
ABC: Scl_LibertyReadGenlib() skipped cell "fakeram45_2048x39" without logic function.
ABC: Scl_LibertyReadGenlib() skipped cell "fakeram45_256x34" without logic function.
ABC: Scl_LibertyReadGenlib() skipped cell "fakeram45_256x95" without logic function.
ABC: Scl_LibertyReadGenlib() skipped cell "fakeram45_256x96" without logic function.
ABC: Scl_LibertyReadGenlib() skipped cell "fakeram45_32x64" without logic function.
ABC: Scl_LibertyReadGenlib() skipped cell "fakeram45_512x64" without logic function.
ABC: Scl_LibertyReadGenlib() skipped cell "fakeram45_64x15" without logic function.
ABC: Scl_LibertyReadGenlib() skipped cell "fakeram45_64x21" without logic function.
ABC: Scl_LibertyReadGenlib() skipped cell "fakeram45_64x32" without logic function.
ABC: Scl_LibertyReadGenlib() skipped cell "fakeram45_64x7" without logic function.
ABC: Scl_LibertyReadGenlib() skipped cell "fakeram45_64x96" without logic function.
ABC: Scl_LibertyReadGenlib() skipped cell "ANTENNA_X1" due to dont_use attribute.
ABC: Scl_LibertyReadGenlib() skipped cell "CLKGATETST_X1" without logic function.
ABC: Scl_LibertyReadGenlib() skipped cell "CLKGATETST_X2" without logic function.
ABC: Scl_LibertyReadGenlib() skipped cell "CLKGATETST_X4" without logic function.
ABC: Scl_LibertyReadGenlib() skipped cell "CLKGATETST_X8" without logic function.
ABC: Scl_LibertyReadGenlib() skipped cell "CLKGATE_X1" without logic function.
ABC: Scl_LibertyReadGenlib() skipped cell "CLKGATE_X2" without logic function.
ABC: Scl_LibertyReadGenlib() skipped cell "CLKGATE_X4" without logic function.
ABC: Scl_LibertyReadGenlib() skipped cell "CLKGATE_X8" without logic function.
ABC: Scl_LibertyReadGenlib() skipped sequential cell "DFFRS_X1".
ABC: Scl_LibertyReadGenlib() skipped sequential cell "DFFRS_X2".
ABC: Scl_LibertyReadGenlib() skipped sequential cell "DFFR_X1".
ABC: Scl_LibertyReadGenlib() skipped sequential cell "DFFR_X2".
ABC: Scl_LibertyReadGenlib() skipped sequential cell "DFFS_X1".
ABC: Scl_LibertyReadGenlib() skipped sequential cell "DFFS_X2".
ABC: Scl_LibertyReadGenlib() skipped sequential cell "DFF_X1".
ABC: Scl_LibertyReadGenlib() skipped sequential cell "DFF_X2".
ABC: Scl_LibertyReadGenlib() skipped sequential cell "DLH_X1".
ABC: Scl_LibertyReadGenlib() skipped sequential cell "DLH_X2".
ABC: Scl_LibertyReadGenlib() skipped sequential cell "DLL_X1".
ABC: Scl_LibertyReadGenlib() skipped sequential cell "DLL_X2".
ABC: Scl_LibertyReadGenlib() skipped cell "FILLCELL_X2" due to dont_use attribute.
ABC: Scl_LibertyReadGenlib() skipped cell "FILLCELL_X4" due to dont_use attribute.
ABC: Scl_LibertyReadGenlib() skipped cell "FILLCELL_X8" due to dont_use attribute.
ABC: Scl_LibertyReadGenlib() skipped cell "FILLCELL_X32" due to dont_use attribute.
ABC: Scl_LibertyReadGenlib() skipped cell "LOGIC0_X1" due to dont_use attribute.
ABC: Scl_LibertyReadGenlib() skipped cell "LOGIC1_X1" due to dont_use attribute.
ABC: Scl_LibertyReadGenlib() skipped sequential cell "SDFFRS_X1".
ABC: Scl_LibertyReadGenlib() skipped sequential cell "SDFFRS_X2".
ABC: Scl_LibertyReadGenlib() skipped sequential cell "SDFFR_X1".
ABC: Scl_LibertyReadGenlib() skipped sequential cell "SDFFR_X2".
ABC: Scl_LibertyReadGenlib() skipped sequential cell "SDFFS_X1".
ABC: Scl_LibertyReadGenlib() skipped sequential cell "SDFFS_X2".
ABC: Scl_LibertyReadGenlib() skipped sequential cell "SDFF_X1".
ABC: Scl_LibertyReadGenlib() skipped sequential cell "SDFF_X2".
ABC: Scl_LibertyReadGenlib() skipped three-state cell "TBUF_X1".
ABC: Scl_LibertyReadGenlib() skipped three-state cell "TBUF_X2".
ABC: Scl_LibertyReadGenlib() skipped three-state cell "TBUF_X4".
ABC: Scl_LibertyReadGenlib() skipped three-state cell "TBUF_X8".
ABC: Scl_LibertyReadGenlib() skipped three-state cell "TBUF_X16".
ABC: Scl_LibertyReadGenlib() skipped three-state cell "TINV_X1".
ABC: Scl_LibertyReadGenlib() skipped sequential cell "TLAT_X1".
ABC: Library "nangate45_merged" from "/home/zzy/ysyx-workbench/yosys-sta/scripts/../nangate45/lib/merged.lib" has 88 cells (47 skipped: 21 seq; 6 tri-state; 20 no func; 7 dont_use).  Time =     0.06 sec
ABC: Memory =    8.88 MB. Time =     0.06 sec
ABC: Warning: Detected 2 multi-output gates (for example, "FA_X1").
ABC: + strash 
ABC: + ifraig 
ABC: + retime -D -D 2000.0 -M 6 
ABC: + strash 
ABC: + dch -f 
ABC: + map -p -M 1 -D 2000.0 -f 
ABC: + topo 
ABC: + dnsize 
ABC: + buffer -p 
ABC: + upsize 
ABC: + 
ABC: + write_blif /tmp/yosys-abc-vHuUh7/output.blif 

16.8.2. Re-integrating ABC results.
ABC RESULTS:           AND2_X1 cells:        8
ABC RESULTS:           AND2_X2 cells:        1
ABC RESULTS:           AND2_X4 cells:       27
ABC RESULTS:           AND3_X1 cells:       32
ABC RESULTS:           AND3_X4 cells:        1
ABC RESULTS:           AND4_X1 cells:        3
ABC RESULTS:         AOI211_X2 cells:        1
ABC RESULTS:         AOI211_X4 cells:        7
ABC RESULTS:          AOI21_X1 cells:       41
ABC RESULTS:         AOI221_X2 cells:        1
ABC RESULTS:         AOI221_X4 cells:       11
ABC RESULTS:          AOI22_X1 cells:        2
ABC RESULTS:            BUF_X2 cells:        4
ABC RESULTS:            BUF_X4 cells:       34
ABC RESULTS:            BUF_X8 cells:        2
ABC RESULTS:         CLKBUF_X2 cells:        3
ABC RESULTS:            INV_X1 cells:        7
ABC RESULTS:            INV_X2 cells:        1
ABC RESULTS:           MUX2_X1 cells:      230
ABC RESULTS:          NAND2_X1 cells:        5
ABC RESULTS:          NAND3_X1 cells:       28
ABC RESULTS:           NOR2_X1 cells:       13
ABC RESULTS:           NOR3_X1 cells:        1
ABC RESULTS:           NOR4_X1 cells:        4
ABC RESULTS:         OAI211_X2 cells:        2
ABC RESULTS:          OAI21_X1 cells:       33
ABC RESULTS:         OAI221_X1 cells:        1
ABC RESULTS:          OAI22_X1 cells:       12
ABC RESULTS:          OAI22_X2 cells:        1
ABC RESULTS:            OR2_X1 cells:        6
ABC RESULTS:            OR3_X1 cells:       13
ABC RESULTS:        internal signals:      453
ABC RESULTS:           input signals:      474
ABC RESULTS:          output signals:      235
Removing temp directory.

17. Executing HILOMAP pass (mapping to constant drivers).

18. Executing SETUNDEF pass (replace undef values with defined constants).

19. Executing SPLITNETS pass (splitting up multi-bit signals).

20. Executing INSBUF pass (insert buffer cells for connected wires).
Added ysyx_25030085_RegisterFile.$auto$insbuf.cc:79:execute$22441: \rf[1][0] -> $abc$18193$rf[1][0]
Added ysyx_25030085_RegisterFile.$auto$insbuf.cc:79:execute$22442: \rf[0][0] -> $abc$18193$rf[0][0]
Added ysyx_25030085_RegisterFile.$auto$insbuf.cc:79:execute$22443: \arrs1 [0] -> $abc$18193$arrs1[0]
Added ysyx_25030085_RegisterFile.$auto$insbuf.cc:79:execute$22444: \arrs1 [1] -> $abc$18193$arrs1[1]
Added ysyx_25030085_RegisterFile.$auto$insbuf.cc:79:execute$22445: \rf[3][0] -> $abc$18193$rf[3][0]
Added ysyx_25030085_RegisterFile.$auto$insbuf.cc:79:execute$22446: \rf[2][0] -> $abc$18193$rf[2][0]
Added ysyx_25030085_RegisterFile.$auto$insbuf.cc:79:execute$22447: \arrs1 [2] -> $abc$18193$arrs1[2]
Added ysyx_25030085_RegisterFile.$auto$insbuf.cc:79:execute$22448: \rf[5][0] -> $abc$18193$rf[5][0]
Added ysyx_25030085_RegisterFile.$auto$insbuf.cc:79:execute$22449: \rf[4][0] -> $abc$18193$rf[4][0]
Added ysyx_25030085_RegisterFile.$auto$insbuf.cc:79:execute$22450: \rf[7][0] -> $abc$18193$rf[7][0]
Added ysyx_25030085_RegisterFile.$auto$insbuf.cc:79:execute$22451: \rf[6][0] -> $abc$18193$rf[6][0]
Added ysyx_25030085_RegisterFile.$auto$insbuf.cc:79:execute$22452: \arrs1 [3] -> $abc$18193$arrs1[3]
Added ysyx_25030085_RegisterFile.$auto$insbuf.cc:79:execute$22453: \rf[9][0] -> $abc$18193$rf[9][0]
Added ysyx_25030085_RegisterFile.$auto$insbuf.cc:79:execute$22454: \rf[8][0] -> $abc$18193$rf[8][0]
Added ysyx_25030085_RegisterFile.$auto$insbuf.cc:79:execute$22455: \rf[11][0] -> $abc$18193$rf[11][0]
Added ysyx_25030085_RegisterFile.$auto$insbuf.cc:79:execute$22456: \rf[10][0] -> $abc$18193$rf[10][0]
Added ysyx_25030085_RegisterFile.$auto$insbuf.cc:79:execute$22457: \rf[13][0] -> $abc$18193$rf[13][0]
Added ysyx_25030085_RegisterFile.$auto$insbuf.cc:79:execute$22458: \rf[12][0] -> $abc$18193$rf[12][0]
Added ysyx_25030085_RegisterFile.$auto$insbuf.cc:79:execute$22459: \rf[14][0] -> $abc$18193$rf[14][0]
Added ysyx_25030085_RegisterFile.$auto$insbuf.cc:79:execute$22460: $abc$18193$rdata1[0] -> \rdata1 [0]
Added ysyx_25030085_RegisterFile.$auto$insbuf.cc:79:execute$22461: \rf[1][1] -> $abc$18193$rf[1][1]
Added ysyx_25030085_RegisterFile.$auto$insbuf.cc:79:execute$22462: \rf[0][1] -> $abc$18193$rf[0][1]
Added ysyx_25030085_RegisterFile.$auto$insbuf.cc:79:execute$22463: \rf[3][1] -> $abc$18193$rf[3][1]
Added ysyx_25030085_RegisterFile.$auto$insbuf.cc:79:execute$22464: \rf[2][1] -> $abc$18193$rf[2][1]
Added ysyx_25030085_RegisterFile.$auto$insbuf.cc:79:execute$22465: \rf[5][1] -> $abc$18193$rf[5][1]
Added ysyx_25030085_RegisterFile.$auto$insbuf.cc:79:execute$22466: \rf[4][1] -> $abc$18193$rf[4][1]
Added ysyx_25030085_RegisterFile.$auto$insbuf.cc:79:execute$22467: \rf[7][1] -> $abc$18193$rf[7][1]
Added ysyx_25030085_RegisterFile.$auto$insbuf.cc:79:execute$22468: \rf[6][1] -> $abc$18193$rf[6][1]
Added ysyx_25030085_RegisterFile.$auto$insbuf.cc:79:execute$22469: \rf[9][1] -> $abc$18193$rf[9][1]
Added ysyx_25030085_RegisterFile.$auto$insbuf.cc:79:execute$22470: \rf[8][1] -> $abc$18193$rf[8][1]
Added ysyx_25030085_RegisterFile.$auto$insbuf.cc:79:execute$22471: \rf[11][1] -> $abc$18193$rf[11][1]
Added ysyx_25030085_RegisterFile.$auto$insbuf.cc:79:execute$22472: \rf[10][1] -> $abc$18193$rf[10][1]
Added ysyx_25030085_RegisterFile.$auto$insbuf.cc:79:execute$22473: \rf[13][1] -> $abc$18193$rf[13][1]
Added ysyx_25030085_RegisterFile.$auto$insbuf.cc:79:execute$22474: \rf[12][1] -> $abc$18193$rf[12][1]
Added ysyx_25030085_RegisterFile.$auto$insbuf.cc:79:execute$22475: \rf[14][1] -> $abc$18193$rf[14][1]
Added ysyx_25030085_RegisterFile.$auto$insbuf.cc:79:execute$22476: $abc$18193$rdata1[1] -> \rdata1 [1]
Added ysyx_25030085_RegisterFile.$auto$insbuf.cc:79:execute$22477: \rf[1][2] -> $abc$18193$rf[1][2]
Added ysyx_25030085_RegisterFile.$auto$insbuf.cc:79:execute$22478: \rf[0][2] -> $abc$18193$rf[0][2]
Added ysyx_25030085_RegisterFile.$auto$insbuf.cc:79:execute$22479: \rf[3][2] -> $abc$18193$rf[3][2]
Added ysyx_25030085_RegisterFile.$auto$insbuf.cc:79:execute$22480: \rf[2][2] -> $abc$18193$rf[2][2]
Added ysyx_25030085_RegisterFile.$auto$insbuf.cc:79:execute$22481: \rf[5][2] -> $abc$18193$rf[5][2]
Added ysyx_25030085_RegisterFile.$auto$insbuf.cc:79:execute$22482: \rf[4][2] -> $abc$18193$rf[4][2]
Added ysyx_25030085_RegisterFile.$auto$insbuf.cc:79:execute$22483: \rf[7][2] -> $abc$18193$rf[7][2]
Added ysyx_25030085_RegisterFile.$auto$insbuf.cc:79:execute$22484: \rf[6][2] -> $abc$18193$rf[6][2]
Added ysyx_25030085_RegisterFile.$auto$insbuf.cc:79:execute$22485: \rf[9][2] -> $abc$18193$rf[9][2]
Added ysyx_25030085_RegisterFile.$auto$insbuf.cc:79:execute$22486: \rf[8][2] -> $abc$18193$rf[8][2]
Added ysyx_25030085_RegisterFile.$auto$insbuf.cc:79:execute$22487: \rf[11][2] -> $abc$18193$rf[11][2]
Added ysyx_25030085_RegisterFile.$auto$insbuf.cc:79:execute$22488: \rf[10][2] -> $abc$18193$rf[10][2]
Added ysyx_25030085_RegisterFile.$auto$insbuf.cc:79:execute$22489: \rf[13][2] -> $abc$18193$rf[13][2]
Added ysyx_25030085_RegisterFile.$auto$insbuf.cc:79:execute$22490: \rf[12][2] -> $abc$18193$rf[12][2]
Added ysyx_25030085_RegisterFile.$auto$insbuf.cc:79:execute$22491: \rf[14][2] -> $abc$18193$rf[14][2]
Added ysyx_25030085_RegisterFile.$auto$insbuf.cc:79:execute$22492: $abc$18193$rdata1[2] -> \rdata1 [2]
Added ysyx_25030085_RegisterFile.$auto$insbuf.cc:79:execute$22493: \rf[1][3] -> $abc$18193$rf[1][3]
Added ysyx_25030085_RegisterFile.$auto$insbuf.cc:79:execute$22494: \rf[0][3] -> $abc$18193$rf[0][3]
Added ysyx_25030085_RegisterFile.$auto$insbuf.cc:79:execute$22495: \rf[3][3] -> $abc$18193$rf[3][3]
Added ysyx_25030085_RegisterFile.$auto$insbuf.cc:79:execute$22496: \rf[2][3] -> $abc$18193$rf[2][3]
Added ysyx_25030085_RegisterFile.$auto$insbuf.cc:79:execute$22497: \rf[5][3] -> $abc$18193$rf[5][3]
Added ysyx_25030085_RegisterFile.$auto$insbuf.cc:79:execute$22498: \rf[4][3] -> $abc$18193$rf[4][3]
Added ysyx_25030085_RegisterFile.$auto$insbuf.cc:79:execute$22499: \rf[7][3] -> $abc$18193$rf[7][3]
Added ysyx_25030085_RegisterFile.$auto$insbuf.cc:79:execute$22500: \rf[6][3] -> $abc$18193$rf[6][3]
Added ysyx_25030085_RegisterFile.$auto$insbuf.cc:79:execute$22501: \rf[9][3] -> $abc$18193$rf[9][3]
Added ysyx_25030085_RegisterFile.$auto$insbuf.cc:79:execute$22502: \rf[8][3] -> $abc$18193$rf[8][3]
Added ysyx_25030085_RegisterFile.$auto$insbuf.cc:79:execute$22503: \rf[11][3] -> $abc$18193$rf[11][3]
Added ysyx_25030085_RegisterFile.$auto$insbuf.cc:79:execute$22504: \rf[10][3] -> $abc$18193$rf[10][3]
Added ysyx_25030085_RegisterFile.$auto$insbuf.cc:79:execute$22505: \rf[13][3] -> $abc$18193$rf[13][3]
Added ysyx_25030085_RegisterFile.$auto$insbuf.cc:79:execute$22506: \rf[12][3] -> $abc$18193$rf[12][3]
Added ysyx_25030085_RegisterFile.$auto$insbuf.cc:79:execute$22507: \rf[14][3] -> $abc$18193$rf[14][3]
Added ysyx_25030085_RegisterFile.$auto$insbuf.cc:79:execute$22508: $abc$18193$rdata1[3] -> \rdata1 [3]
Added ysyx_25030085_RegisterFile.$auto$insbuf.cc:79:execute$22509: \rf[1][4] -> $abc$18193$rf[1][4]
Added ysyx_25030085_RegisterFile.$auto$insbuf.cc:79:execute$22510: \rf[0][4] -> $abc$18193$rf[0][4]
Added ysyx_25030085_RegisterFile.$auto$insbuf.cc:79:execute$22511: \rf[3][4] -> $abc$18193$rf[3][4]
Added ysyx_25030085_RegisterFile.$auto$insbuf.cc:79:execute$22512: \rf[2][4] -> $abc$18193$rf[2][4]
Added ysyx_25030085_RegisterFile.$auto$insbuf.cc:79:execute$22513: \rf[5][4] -> $abc$18193$rf[5][4]
Added ysyx_25030085_RegisterFile.$auto$insbuf.cc:79:execute$22514: \rf[4][4] -> $abc$18193$rf[4][4]
Added ysyx_25030085_RegisterFile.$auto$insbuf.cc:79:execute$22515: \rf[7][4] -> $abc$18193$rf[7][4]
Added ysyx_25030085_RegisterFile.$auto$insbuf.cc:79:execute$22516: \rf[6][4] -> $abc$18193$rf[6][4]
Added ysyx_25030085_RegisterFile.$auto$insbuf.cc:79:execute$22517: \rf[9][4] -> $abc$18193$rf[9][4]
Added ysyx_25030085_RegisterFile.$auto$insbuf.cc:79:execute$22518: \rf[8][4] -> $abc$18193$rf[8][4]
Added ysyx_25030085_RegisterFile.$auto$insbuf.cc:79:execute$22519: \rf[11][4] -> $abc$18193$rf[11][4]
Added ysyx_25030085_RegisterFile.$auto$insbuf.cc:79:execute$22520: \rf[10][4] -> $abc$18193$rf[10][4]
Added ysyx_25030085_RegisterFile.$auto$insbuf.cc:79:execute$22521: \rf[13][4] -> $abc$18193$rf[13][4]
Added ysyx_25030085_RegisterFile.$auto$insbuf.cc:79:execute$22522: \rf[12][4] -> $abc$18193$rf[12][4]
Added ysyx_25030085_RegisterFile.$auto$insbuf.cc:79:execute$22523: \rf[14][4] -> $abc$18193$rf[14][4]
Added ysyx_25030085_RegisterFile.$auto$insbuf.cc:79:execute$22524: $abc$18193$rdata1[4] -> \rdata1 [4]
Added ysyx_25030085_RegisterFile.$auto$insbuf.cc:79:execute$22525: \rf[1][5] -> $abc$18193$rf[1][5]
Added ysyx_25030085_RegisterFile.$auto$insbuf.cc:79:execute$22526: \rf[0][5] -> $abc$18193$rf[0][5]
Added ysyx_25030085_RegisterFile.$auto$insbuf.cc:79:execute$22527: \rf[3][5] -> $abc$18193$rf[3][5]
Added ysyx_25030085_RegisterFile.$auto$insbuf.cc:79:execute$22528: \rf[2][5] -> $abc$18193$rf[2][5]
Added ysyx_25030085_RegisterFile.$auto$insbuf.cc:79:execute$22529: \rf[5][5] -> $abc$18193$rf[5][5]
Added ysyx_25030085_RegisterFile.$auto$insbuf.cc:79:execute$22530: \rf[4][5] -> $abc$18193$rf[4][5]
Added ysyx_25030085_RegisterFile.$auto$insbuf.cc:79:execute$22531: \rf[7][5] -> $abc$18193$rf[7][5]
Added ysyx_25030085_RegisterFile.$auto$insbuf.cc:79:execute$22532: \rf[6][5] -> $abc$18193$rf[6][5]
Added ysyx_25030085_RegisterFile.$auto$insbuf.cc:79:execute$22533: \rf[9][5] -> $abc$18193$rf[9][5]
Added ysyx_25030085_RegisterFile.$auto$insbuf.cc:79:execute$22534: \rf[8][5] -> $abc$18193$rf[8][5]
Added ysyx_25030085_RegisterFile.$auto$insbuf.cc:79:execute$22535: \rf[11][5] -> $abc$18193$rf[11][5]
Added ysyx_25030085_RegisterFile.$auto$insbuf.cc:79:execute$22536: \rf[10][5] -> $abc$18193$rf[10][5]
Added ysyx_25030085_RegisterFile.$auto$insbuf.cc:79:execute$22537: \rf[13][5] -> $abc$18193$rf[13][5]
Added ysyx_25030085_RegisterFile.$auto$insbuf.cc:79:execute$22538: \rf[12][5] -> $abc$18193$rf[12][5]
Added ysyx_25030085_RegisterFile.$auto$insbuf.cc:79:execute$22539: \rf[14][5] -> $abc$18193$rf[14][5]
Added ysyx_25030085_RegisterFile.$auto$insbuf.cc:79:execute$22540: $abc$18193$rdata1[5] -> \rdata1 [5]
Added ysyx_25030085_RegisterFile.$auto$insbuf.cc:79:execute$22541: \rf[1][6] -> $abc$18193$rf[1][6]
Added ysyx_25030085_RegisterFile.$auto$insbuf.cc:79:execute$22542: \rf[0][6] -> $abc$18193$rf[0][6]
Added ysyx_25030085_RegisterFile.$auto$insbuf.cc:79:execute$22543: \rf[3][6] -> $abc$18193$rf[3][6]
Added ysyx_25030085_RegisterFile.$auto$insbuf.cc:79:execute$22544: \rf[2][6] -> $abc$18193$rf[2][6]
Added ysyx_25030085_RegisterFile.$auto$insbuf.cc:79:execute$22545: \rf[5][6] -> $abc$18193$rf[5][6]
Added ysyx_25030085_RegisterFile.$auto$insbuf.cc:79:execute$22546: \rf[4][6] -> $abc$18193$rf[4][6]
Added ysyx_25030085_RegisterFile.$auto$insbuf.cc:79:execute$22547: \rf[7][6] -> $abc$18193$rf[7][6]
Added ysyx_25030085_RegisterFile.$auto$insbuf.cc:79:execute$22548: \rf[6][6] -> $abc$18193$rf[6][6]
Added ysyx_25030085_RegisterFile.$auto$insbuf.cc:79:execute$22549: \rf[9][6] -> $abc$18193$rf[9][6]
Added ysyx_25030085_RegisterFile.$auto$insbuf.cc:79:execute$22550: \rf[8][6] -> $abc$18193$rf[8][6]
Added ysyx_25030085_RegisterFile.$auto$insbuf.cc:79:execute$22551: \rf[11][6] -> $abc$18193$rf[11][6]
Added ysyx_25030085_RegisterFile.$auto$insbuf.cc:79:execute$22552: \rf[10][6] -> $abc$18193$rf[10][6]
Added ysyx_25030085_RegisterFile.$auto$insbuf.cc:79:execute$22553: \rf[13][6] -> $abc$18193$rf[13][6]
Added ysyx_25030085_RegisterFile.$auto$insbuf.cc:79:execute$22554: \rf[12][6] -> $abc$18193$rf[12][6]
Added ysyx_25030085_RegisterFile.$auto$insbuf.cc:79:execute$22555: \rf[14][6] -> $abc$18193$rf[14][6]
Added ysyx_25030085_RegisterFile.$auto$insbuf.cc:79:execute$22556: $abc$18193$rdata1[6] -> \rdata1 [6]
Added ysyx_25030085_RegisterFile.$auto$insbuf.cc:79:execute$22557: \rf[1][7] -> $abc$18193$rf[1][7]
Added ysyx_25030085_RegisterFile.$auto$insbuf.cc:79:execute$22558: \rf[0][7] -> $abc$18193$rf[0][7]
Added ysyx_25030085_RegisterFile.$auto$insbuf.cc:79:execute$22559: \rf[3][7] -> $abc$18193$rf[3][7]
Added ysyx_25030085_RegisterFile.$auto$insbuf.cc:79:execute$22560: \rf[2][7] -> $abc$18193$rf[2][7]
Added ysyx_25030085_RegisterFile.$auto$insbuf.cc:79:execute$22561: \rf[5][7] -> $abc$18193$rf[5][7]
Added ysyx_25030085_RegisterFile.$auto$insbuf.cc:79:execute$22562: \rf[4][7] -> $abc$18193$rf[4][7]
Added ysyx_25030085_RegisterFile.$auto$insbuf.cc:79:execute$22563: \rf[7][7] -> $abc$18193$rf[7][7]
Added ysyx_25030085_RegisterFile.$auto$insbuf.cc:79:execute$22564: \rf[6][7] -> $abc$18193$rf[6][7]
Added ysyx_25030085_RegisterFile.$auto$insbuf.cc:79:execute$22565: \rf[9][7] -> $abc$18193$rf[9][7]
Added ysyx_25030085_RegisterFile.$auto$insbuf.cc:79:execute$22566: \rf[8][7] -> $abc$18193$rf[8][7]
Added ysyx_25030085_RegisterFile.$auto$insbuf.cc:79:execute$22567: \rf[11][7] -> $abc$18193$rf[11][7]
Added ysyx_25030085_RegisterFile.$auto$insbuf.cc:79:execute$22568: \rf[10][7] -> $abc$18193$rf[10][7]
Added ysyx_25030085_RegisterFile.$auto$insbuf.cc:79:execute$22569: \rf[13][7] -> $abc$18193$rf[13][7]
Added ysyx_25030085_RegisterFile.$auto$insbuf.cc:79:execute$22570: \rf[12][7] -> $abc$18193$rf[12][7]
Added ysyx_25030085_RegisterFile.$auto$insbuf.cc:79:execute$22571: \rf[14][7] -> $abc$18193$rf[14][7]
Added ysyx_25030085_RegisterFile.$auto$insbuf.cc:79:execute$22572: $abc$18193$rdata1[7] -> \rdata1 [7]
Added ysyx_25030085_RegisterFile.$auto$insbuf.cc:79:execute$22573: \rf[1][8] -> $abc$18193$rf[1][8]
Added ysyx_25030085_RegisterFile.$auto$insbuf.cc:79:execute$22574: \rf[0][8] -> $abc$18193$rf[0][8]
Added ysyx_25030085_RegisterFile.$auto$insbuf.cc:79:execute$22575: \rf[3][8] -> $abc$18193$rf[3][8]
Added ysyx_25030085_RegisterFile.$auto$insbuf.cc:79:execute$22576: \rf[2][8] -> $abc$18193$rf[2][8]
Added ysyx_25030085_RegisterFile.$auto$insbuf.cc:79:execute$22577: \rf[5][8] -> $abc$18193$rf[5][8]
Added ysyx_25030085_RegisterFile.$auto$insbuf.cc:79:execute$22578: \rf[4][8] -> $abc$18193$rf[4][8]
Added ysyx_25030085_RegisterFile.$auto$insbuf.cc:79:execute$22579: \rf[7][8] -> $abc$18193$rf[7][8]
Added ysyx_25030085_RegisterFile.$auto$insbuf.cc:79:execute$22580: \rf[6][8] -> $abc$18193$rf[6][8]
Added ysyx_25030085_RegisterFile.$auto$insbuf.cc:79:execute$22581: \rf[9][8] -> $abc$18193$rf[9][8]
Added ysyx_25030085_RegisterFile.$auto$insbuf.cc:79:execute$22582: \rf[8][8] -> $abc$18193$rf[8][8]
Added ysyx_25030085_RegisterFile.$auto$insbuf.cc:79:execute$22583: \rf[11][8] -> $abc$18193$rf[11][8]
Added ysyx_25030085_RegisterFile.$auto$insbuf.cc:79:execute$22584: \rf[10][8] -> $abc$18193$rf[10][8]
Added ysyx_25030085_RegisterFile.$auto$insbuf.cc:79:execute$22585: \rf[13][8] -> $abc$18193$rf[13][8]
Added ysyx_25030085_RegisterFile.$auto$insbuf.cc:79:execute$22586: \rf[12][8] -> $abc$18193$rf[12][8]
Added ysyx_25030085_RegisterFile.$auto$insbuf.cc:79:execute$22587: \rf[14][8] -> $abc$18193$rf[14][8]
Added ysyx_25030085_RegisterFile.$auto$insbuf.cc:79:execute$22588: $abc$18193$rdata1[8] -> \rdata1 [8]
Added ysyx_25030085_RegisterFile.$auto$insbuf.cc:79:execute$22589: \rf[1][9] -> $abc$18193$rf[1][9]
Added ysyx_25030085_RegisterFile.$auto$insbuf.cc:79:execute$22590: \rf[0][9] -> $abc$18193$rf[0][9]
Added ysyx_25030085_RegisterFile.$auto$insbuf.cc:79:execute$22591: \rf[3][9] -> $abc$18193$rf[3][9]
Added ysyx_25030085_RegisterFile.$auto$insbuf.cc:79:execute$22592: \rf[2][9] -> $abc$18193$rf[2][9]
Added ysyx_25030085_RegisterFile.$auto$insbuf.cc:79:execute$22593: \rf[5][9] -> $abc$18193$rf[5][9]
Added ysyx_25030085_RegisterFile.$auto$insbuf.cc:79:execute$22594: \rf[4][9] -> $abc$18193$rf[4][9]
Added ysyx_25030085_RegisterFile.$auto$insbuf.cc:79:execute$22595: \rf[7][9] -> $abc$18193$rf[7][9]
Added ysyx_25030085_RegisterFile.$auto$insbuf.cc:79:execute$22596: \rf[6][9] -> $abc$18193$rf[6][9]
Added ysyx_25030085_RegisterFile.$auto$insbuf.cc:79:execute$22597: \rf[9][9] -> $abc$18193$rf[9][9]
Added ysyx_25030085_RegisterFile.$auto$insbuf.cc:79:execute$22598: \rf[8][9] -> $abc$18193$rf[8][9]
Added ysyx_25030085_RegisterFile.$auto$insbuf.cc:79:execute$22599: \rf[11][9] -> $abc$18193$rf[11][9]
Added ysyx_25030085_RegisterFile.$auto$insbuf.cc:79:execute$22600: \rf[10][9] -> $abc$18193$rf[10][9]
Added ysyx_25030085_RegisterFile.$auto$insbuf.cc:79:execute$22601: \rf[13][9] -> $abc$18193$rf[13][9]
Added ysyx_25030085_RegisterFile.$auto$insbuf.cc:79:execute$22602: \rf[12][9] -> $abc$18193$rf[12][9]
Added ysyx_25030085_RegisterFile.$auto$insbuf.cc:79:execute$22603: \rf[14][9] -> $abc$18193$rf[14][9]
Added ysyx_25030085_RegisterFile.$auto$insbuf.cc:79:execute$22604: $abc$18193$rdata1[9] -> \rdata1 [9]
Added ysyx_25030085_RegisterFile.$auto$insbuf.cc:79:execute$22605: \rf[1][10] -> $abc$18193$rf[1][10]
Added ysyx_25030085_RegisterFile.$auto$insbuf.cc:79:execute$22606: \rf[0][10] -> $abc$18193$rf[0][10]
Added ysyx_25030085_RegisterFile.$auto$insbuf.cc:79:execute$22607: \rf[3][10] -> $abc$18193$rf[3][10]
Added ysyx_25030085_RegisterFile.$auto$insbuf.cc:79:execute$22608: \rf[2][10] -> $abc$18193$rf[2][10]
Added ysyx_25030085_RegisterFile.$auto$insbuf.cc:79:execute$22609: \rf[5][10] -> $abc$18193$rf[5][10]
Added ysyx_25030085_RegisterFile.$auto$insbuf.cc:79:execute$22610: \rf[4][10] -> $abc$18193$rf[4][10]
Added ysyx_25030085_RegisterFile.$auto$insbuf.cc:79:execute$22611: \rf[7][10] -> $abc$18193$rf[7][10]
Added ysyx_25030085_RegisterFile.$auto$insbuf.cc:79:execute$22612: \rf[6][10] -> $abc$18193$rf[6][10]
Added ysyx_25030085_RegisterFile.$auto$insbuf.cc:79:execute$22613: \rf[9][10] -> $abc$18193$rf[9][10]
Added ysyx_25030085_RegisterFile.$auto$insbuf.cc:79:execute$22614: \rf[8][10] -> $abc$18193$rf[8][10]
Added ysyx_25030085_RegisterFile.$auto$insbuf.cc:79:execute$22615: \rf[11][10] -> $abc$18193$rf[11][10]
Added ysyx_25030085_RegisterFile.$auto$insbuf.cc:79:execute$22616: \rf[10][10] -> $abc$18193$rf[10][10]
Added ysyx_25030085_RegisterFile.$auto$insbuf.cc:79:execute$22617: \rf[13][10] -> $abc$18193$rf[13][10]
Added ysyx_25030085_RegisterFile.$auto$insbuf.cc:79:execute$22618: \rf[12][10] -> $abc$18193$rf[12][10]
Added ysyx_25030085_RegisterFile.$auto$insbuf.cc:79:execute$22619: \rf[14][10] -> $abc$18193$rf[14][10]
Added ysyx_25030085_RegisterFile.$auto$insbuf.cc:79:execute$22620: $abc$18193$rdata1[10] -> \rdata1 [10]
Added ysyx_25030085_RegisterFile.$auto$insbuf.cc:79:execute$22621: \rf[1][11] -> $abc$18193$rf[1][11]
Added ysyx_25030085_RegisterFile.$auto$insbuf.cc:79:execute$22622: \rf[0][11] -> $abc$18193$rf[0][11]
Added ysyx_25030085_RegisterFile.$auto$insbuf.cc:79:execute$22623: \rf[3][11] -> $abc$18193$rf[3][11]
Added ysyx_25030085_RegisterFile.$auto$insbuf.cc:79:execute$22624: \rf[2][11] -> $abc$18193$rf[2][11]
Added ysyx_25030085_RegisterFile.$auto$insbuf.cc:79:execute$22625: \rf[5][11] -> $abc$18193$rf[5][11]
Added ysyx_25030085_RegisterFile.$auto$insbuf.cc:79:execute$22626: \rf[4][11] -> $abc$18193$rf[4][11]
Added ysyx_25030085_RegisterFile.$auto$insbuf.cc:79:execute$22627: \rf[7][11] -> $abc$18193$rf[7][11]
Added ysyx_25030085_RegisterFile.$auto$insbuf.cc:79:execute$22628: \rf[6][11] -> $abc$18193$rf[6][11]
Added ysyx_25030085_RegisterFile.$auto$insbuf.cc:79:execute$22629: \rf[9][11] -> $abc$18193$rf[9][11]
Added ysyx_25030085_RegisterFile.$auto$insbuf.cc:79:execute$22630: \rf[8][11] -> $abc$18193$rf[8][11]
Added ysyx_25030085_RegisterFile.$auto$insbuf.cc:79:execute$22631: \rf[11][11] -> $abc$18193$rf[11][11]
Added ysyx_25030085_RegisterFile.$auto$insbuf.cc:79:execute$22632: \rf[10][11] -> $abc$18193$rf[10][11]
Added ysyx_25030085_RegisterFile.$auto$insbuf.cc:79:execute$22633: \rf[13][11] -> $abc$18193$rf[13][11]
Added ysyx_25030085_RegisterFile.$auto$insbuf.cc:79:execute$22634: \rf[12][11] -> $abc$18193$rf[12][11]
Added ysyx_25030085_RegisterFile.$auto$insbuf.cc:79:execute$22635: \rf[14][11] -> $abc$18193$rf[14][11]
Added ysyx_25030085_RegisterFile.$auto$insbuf.cc:79:execute$22636: $abc$18193$rdata1[11] -> \rdata1 [11]
Added ysyx_25030085_RegisterFile.$auto$insbuf.cc:79:execute$22637: \rf[1][12] -> $abc$18193$rf[1][12]
Added ysyx_25030085_RegisterFile.$auto$insbuf.cc:79:execute$22638: \rf[0][12] -> $abc$18193$rf[0][12]
Added ysyx_25030085_RegisterFile.$auto$insbuf.cc:79:execute$22639: \rf[3][12] -> $abc$18193$rf[3][12]
Added ysyx_25030085_RegisterFile.$auto$insbuf.cc:79:execute$22640: \rf[2][12] -> $abc$18193$rf[2][12]
Added ysyx_25030085_RegisterFile.$auto$insbuf.cc:79:execute$22641: \rf[5][12] -> $abc$18193$rf[5][12]
Added ysyx_25030085_RegisterFile.$auto$insbuf.cc:79:execute$22642: \rf[4][12] -> $abc$18193$rf[4][12]
Added ysyx_25030085_RegisterFile.$auto$insbuf.cc:79:execute$22643: \rf[7][12] -> $abc$18193$rf[7][12]
Added ysyx_25030085_RegisterFile.$auto$insbuf.cc:79:execute$22644: \rf[6][12] -> $abc$18193$rf[6][12]
Added ysyx_25030085_RegisterFile.$auto$insbuf.cc:79:execute$22645: \rf[9][12] -> $abc$18193$rf[9][12]
Added ysyx_25030085_RegisterFile.$auto$insbuf.cc:79:execute$22646: \rf[8][12] -> $abc$18193$rf[8][12]
Added ysyx_25030085_RegisterFile.$auto$insbuf.cc:79:execute$22647: \rf[11][12] -> $abc$18193$rf[11][12]
Added ysyx_25030085_RegisterFile.$auto$insbuf.cc:79:execute$22648: \rf[10][12] -> $abc$18193$rf[10][12]
Added ysyx_25030085_RegisterFile.$auto$insbuf.cc:79:execute$22649: \rf[13][12] -> $abc$18193$rf[13][12]
Added ysyx_25030085_RegisterFile.$auto$insbuf.cc:79:execute$22650: \rf[12][12] -> $abc$18193$rf[12][12]
Added ysyx_25030085_RegisterFile.$auto$insbuf.cc:79:execute$22651: \rf[14][12] -> $abc$18193$rf[14][12]
Added ysyx_25030085_RegisterFile.$auto$insbuf.cc:79:execute$22652: $abc$18193$rdata1[12] -> \rdata1 [12]
Added ysyx_25030085_RegisterFile.$auto$insbuf.cc:79:execute$22653: \rf[1][13] -> $abc$18193$rf[1][13]
Added ysyx_25030085_RegisterFile.$auto$insbuf.cc:79:execute$22654: \rf[0][13] -> $abc$18193$rf[0][13]
Added ysyx_25030085_RegisterFile.$auto$insbuf.cc:79:execute$22655: \rf[3][13] -> $abc$18193$rf[3][13]
Added ysyx_25030085_RegisterFile.$auto$insbuf.cc:79:execute$22656: \rf[2][13] -> $abc$18193$rf[2][13]
Added ysyx_25030085_RegisterFile.$auto$insbuf.cc:79:execute$22657: \rf[5][13] -> $abc$18193$rf[5][13]
Added ysyx_25030085_RegisterFile.$auto$insbuf.cc:79:execute$22658: \rf[4][13] -> $abc$18193$rf[4][13]
Added ysyx_25030085_RegisterFile.$auto$insbuf.cc:79:execute$22659: \rf[7][13] -> $abc$18193$rf[7][13]
Added ysyx_25030085_RegisterFile.$auto$insbuf.cc:79:execute$22660: \rf[6][13] -> $abc$18193$rf[6][13]
Added ysyx_25030085_RegisterFile.$auto$insbuf.cc:79:execute$22661: \rf[9][13] -> $abc$18193$rf[9][13]
Added ysyx_25030085_RegisterFile.$auto$insbuf.cc:79:execute$22662: \rf[8][13] -> $abc$18193$rf[8][13]
Added ysyx_25030085_RegisterFile.$auto$insbuf.cc:79:execute$22663: \rf[11][13] -> $abc$18193$rf[11][13]
Added ysyx_25030085_RegisterFile.$auto$insbuf.cc:79:execute$22664: \rf[10][13] -> $abc$18193$rf[10][13]
Added ysyx_25030085_RegisterFile.$auto$insbuf.cc:79:execute$22665: \rf[13][13] -> $abc$18193$rf[13][13]
Added ysyx_25030085_RegisterFile.$auto$insbuf.cc:79:execute$22666: \rf[12][13] -> $abc$18193$rf[12][13]
Added ysyx_25030085_RegisterFile.$auto$insbuf.cc:79:execute$22667: \rf[14][13] -> $abc$18193$rf[14][13]
Added ysyx_25030085_RegisterFile.$auto$insbuf.cc:79:execute$22668: $abc$18193$rdata1[13] -> \rdata1 [13]
Added ysyx_25030085_RegisterFile.$auto$insbuf.cc:79:execute$22669: \rf[1][14] -> $abc$18193$rf[1][14]
Added ysyx_25030085_RegisterFile.$auto$insbuf.cc:79:execute$22670: \rf[0][14] -> $abc$18193$rf[0][14]
Added ysyx_25030085_RegisterFile.$auto$insbuf.cc:79:execute$22671: \rf[3][14] -> $abc$18193$rf[3][14]
Added ysyx_25030085_RegisterFile.$auto$insbuf.cc:79:execute$22672: \rf[2][14] -> $abc$18193$rf[2][14]
Added ysyx_25030085_RegisterFile.$auto$insbuf.cc:79:execute$22673: \rf[5][14] -> $abc$18193$rf[5][14]
Added ysyx_25030085_RegisterFile.$auto$insbuf.cc:79:execute$22674: \rf[4][14] -> $abc$18193$rf[4][14]
Added ysyx_25030085_RegisterFile.$auto$insbuf.cc:79:execute$22675: \rf[7][14] -> $abc$18193$rf[7][14]
Added ysyx_25030085_RegisterFile.$auto$insbuf.cc:79:execute$22676: \rf[6][14] -> $abc$18193$rf[6][14]
Added ysyx_25030085_RegisterFile.$auto$insbuf.cc:79:execute$22677: \rf[9][14] -> $abc$18193$rf[9][14]
Added ysyx_25030085_RegisterFile.$auto$insbuf.cc:79:execute$22678: \rf[8][14] -> $abc$18193$rf[8][14]
Added ysyx_25030085_RegisterFile.$auto$insbuf.cc:79:execute$22679: \rf[11][14] -> $abc$18193$rf[11][14]
Added ysyx_25030085_RegisterFile.$auto$insbuf.cc:79:execute$22680: \rf[10][14] -> $abc$18193$rf[10][14]
Added ysyx_25030085_RegisterFile.$auto$insbuf.cc:79:execute$22681: \rf[13][14] -> $abc$18193$rf[13][14]
Added ysyx_25030085_RegisterFile.$auto$insbuf.cc:79:execute$22682: \rf[12][14] -> $abc$18193$rf[12][14]
Added ysyx_25030085_RegisterFile.$auto$insbuf.cc:79:execute$22683: \rf[14][14] -> $abc$18193$rf[14][14]
Added ysyx_25030085_RegisterFile.$auto$insbuf.cc:79:execute$22684: $abc$18193$rdata1[14] -> \rdata1 [14]
Added ysyx_25030085_RegisterFile.$auto$insbuf.cc:79:execute$22685: \rf[1][15] -> $abc$18193$rf[1][15]
Added ysyx_25030085_RegisterFile.$auto$insbuf.cc:79:execute$22686: \rf[0][15] -> $abc$18193$rf[0][15]
Added ysyx_25030085_RegisterFile.$auto$insbuf.cc:79:execute$22687: \rf[3][15] -> $abc$18193$rf[3][15]
Added ysyx_25030085_RegisterFile.$auto$insbuf.cc:79:execute$22688: \rf[2][15] -> $abc$18193$rf[2][15]
Added ysyx_25030085_RegisterFile.$auto$insbuf.cc:79:execute$22689: \rf[5][15] -> $abc$18193$rf[5][15]
Added ysyx_25030085_RegisterFile.$auto$insbuf.cc:79:execute$22690: \rf[4][15] -> $abc$18193$rf[4][15]
Added ysyx_25030085_RegisterFile.$auto$insbuf.cc:79:execute$22691: \rf[7][15] -> $abc$18193$rf[7][15]
Added ysyx_25030085_RegisterFile.$auto$insbuf.cc:79:execute$22692: \rf[6][15] -> $abc$18193$rf[6][15]
Added ysyx_25030085_RegisterFile.$auto$insbuf.cc:79:execute$22693: \rf[9][15] -> $abc$18193$rf[9][15]
Added ysyx_25030085_RegisterFile.$auto$insbuf.cc:79:execute$22694: \rf[8][15] -> $abc$18193$rf[8][15]
Added ysyx_25030085_RegisterFile.$auto$insbuf.cc:79:execute$22695: \rf[11][15] -> $abc$18193$rf[11][15]
Added ysyx_25030085_RegisterFile.$auto$insbuf.cc:79:execute$22696: \rf[10][15] -> $abc$18193$rf[10][15]
Added ysyx_25030085_RegisterFile.$auto$insbuf.cc:79:execute$22697: \rf[13][15] -> $abc$18193$rf[13][15]
Added ysyx_25030085_RegisterFile.$auto$insbuf.cc:79:execute$22698: \rf[12][15] -> $abc$18193$rf[12][15]
Added ysyx_25030085_RegisterFile.$auto$insbuf.cc:79:execute$22699: \rf[14][15] -> $abc$18193$rf[14][15]
Added ysyx_25030085_RegisterFile.$auto$insbuf.cc:79:execute$22700: $abc$18193$rdata1[15] -> \rdata1 [15]
Added ysyx_25030085_RegisterFile.$auto$insbuf.cc:79:execute$22701: \rf[1][16] -> $abc$18193$rf[1][16]
Added ysyx_25030085_RegisterFile.$auto$insbuf.cc:79:execute$22702: \rf[0][16] -> $abc$18193$rf[0][16]
Added ysyx_25030085_RegisterFile.$auto$insbuf.cc:79:execute$22703: \rf[3][16] -> $abc$18193$rf[3][16]
Added ysyx_25030085_RegisterFile.$auto$insbuf.cc:79:execute$22704: \rf[2][16] -> $abc$18193$rf[2][16]
Added ysyx_25030085_RegisterFile.$auto$insbuf.cc:79:execute$22705: \rf[5][16] -> $abc$18193$rf[5][16]
Added ysyx_25030085_RegisterFile.$auto$insbuf.cc:79:execute$22706: \rf[4][16] -> $abc$18193$rf[4][16]
Added ysyx_25030085_RegisterFile.$auto$insbuf.cc:79:execute$22707: \rf[7][16] -> $abc$18193$rf[7][16]
Added ysyx_25030085_RegisterFile.$auto$insbuf.cc:79:execute$22708: \rf[6][16] -> $abc$18193$rf[6][16]
Added ysyx_25030085_RegisterFile.$auto$insbuf.cc:79:execute$22709: \rf[9][16] -> $abc$18193$rf[9][16]
Added ysyx_25030085_RegisterFile.$auto$insbuf.cc:79:execute$22710: \rf[8][16] -> $abc$18193$rf[8][16]
Added ysyx_25030085_RegisterFile.$auto$insbuf.cc:79:execute$22711: \rf[11][16] -> $abc$18193$rf[11][16]
Added ysyx_25030085_RegisterFile.$auto$insbuf.cc:79:execute$22712: \rf[10][16] -> $abc$18193$rf[10][16]
Added ysyx_25030085_RegisterFile.$auto$insbuf.cc:79:execute$22713: \rf[13][16] -> $abc$18193$rf[13][16]
Added ysyx_25030085_RegisterFile.$auto$insbuf.cc:79:execute$22714: \rf[12][16] -> $abc$18193$rf[12][16]
Added ysyx_25030085_RegisterFile.$auto$insbuf.cc:79:execute$22715: \rf[14][16] -> $abc$18193$rf[14][16]
Added ysyx_25030085_RegisterFile.$auto$insbuf.cc:79:execute$22716: $abc$18193$rdata1[16] -> \rdata1 [16]
Added ysyx_25030085_RegisterFile.$auto$insbuf.cc:79:execute$22717: \rf[1][17] -> $abc$18193$rf[1][17]
Added ysyx_25030085_RegisterFile.$auto$insbuf.cc:79:execute$22718: \rf[0][17] -> $abc$18193$rf[0][17]
Added ysyx_25030085_RegisterFile.$auto$insbuf.cc:79:execute$22719: \rf[3][17] -> $abc$18193$rf[3][17]
Added ysyx_25030085_RegisterFile.$auto$insbuf.cc:79:execute$22720: \rf[2][17] -> $abc$18193$rf[2][17]
Added ysyx_25030085_RegisterFile.$auto$insbuf.cc:79:execute$22721: \rf[5][17] -> $abc$18193$rf[5][17]
Added ysyx_25030085_RegisterFile.$auto$insbuf.cc:79:execute$22722: \rf[4][17] -> $abc$18193$rf[4][17]
Added ysyx_25030085_RegisterFile.$auto$insbuf.cc:79:execute$22723: \rf[7][17] -> $abc$18193$rf[7][17]
Added ysyx_25030085_RegisterFile.$auto$insbuf.cc:79:execute$22724: \rf[6][17] -> $abc$18193$rf[6][17]
Added ysyx_25030085_RegisterFile.$auto$insbuf.cc:79:execute$22725: \rf[9][17] -> $abc$18193$rf[9][17]
Added ysyx_25030085_RegisterFile.$auto$insbuf.cc:79:execute$22726: \rf[8][17] -> $abc$18193$rf[8][17]
Added ysyx_25030085_RegisterFile.$auto$insbuf.cc:79:execute$22727: \rf[11][17] -> $abc$18193$rf[11][17]
Added ysyx_25030085_RegisterFile.$auto$insbuf.cc:79:execute$22728: \rf[10][17] -> $abc$18193$rf[10][17]
Added ysyx_25030085_RegisterFile.$auto$insbuf.cc:79:execute$22729: \rf[13][17] -> $abc$18193$rf[13][17]
Added ysyx_25030085_RegisterFile.$auto$insbuf.cc:79:execute$22730: \rf[12][17] -> $abc$18193$rf[12][17]
Added ysyx_25030085_RegisterFile.$auto$insbuf.cc:79:execute$22731: \rf[14][17] -> $abc$18193$rf[14][17]
Added ysyx_25030085_RegisterFile.$auto$insbuf.cc:79:execute$22732: $abc$18193$rdata1[17] -> \rdata1 [17]
Added ysyx_25030085_RegisterFile.$auto$insbuf.cc:79:execute$22733: \rf[1][18] -> $abc$18193$rf[1][18]
Added ysyx_25030085_RegisterFile.$auto$insbuf.cc:79:execute$22734: \rf[0][18] -> $abc$18193$rf[0][18]
Added ysyx_25030085_RegisterFile.$auto$insbuf.cc:79:execute$22735: \rf[3][18] -> $abc$18193$rf[3][18]
Added ysyx_25030085_RegisterFile.$auto$insbuf.cc:79:execute$22736: \rf[2][18] -> $abc$18193$rf[2][18]
Added ysyx_25030085_RegisterFile.$auto$insbuf.cc:79:execute$22737: \rf[5][18] -> $abc$18193$rf[5][18]
Added ysyx_25030085_RegisterFile.$auto$insbuf.cc:79:execute$22738: \rf[4][18] -> $abc$18193$rf[4][18]
Added ysyx_25030085_RegisterFile.$auto$insbuf.cc:79:execute$22739: \rf[7][18] -> $abc$18193$rf[7][18]
Added ysyx_25030085_RegisterFile.$auto$insbuf.cc:79:execute$22740: \rf[6][18] -> $abc$18193$rf[6][18]
Added ysyx_25030085_RegisterFile.$auto$insbuf.cc:79:execute$22741: \rf[9][18] -> $abc$18193$rf[9][18]
Added ysyx_25030085_RegisterFile.$auto$insbuf.cc:79:execute$22742: \rf[8][18] -> $abc$18193$rf[8][18]
Added ysyx_25030085_RegisterFile.$auto$insbuf.cc:79:execute$22743: \rf[11][18] -> $abc$18193$rf[11][18]
Added ysyx_25030085_RegisterFile.$auto$insbuf.cc:79:execute$22744: \rf[10][18] -> $abc$18193$rf[10][18]
Added ysyx_25030085_RegisterFile.$auto$insbuf.cc:79:execute$22745: \rf[13][18] -> $abc$18193$rf[13][18]
Added ysyx_25030085_RegisterFile.$auto$insbuf.cc:79:execute$22746: \rf[12][18] -> $abc$18193$rf[12][18]
Added ysyx_25030085_RegisterFile.$auto$insbuf.cc:79:execute$22747: \rf[14][18] -> $abc$18193$rf[14][18]
Added ysyx_25030085_RegisterFile.$auto$insbuf.cc:79:execute$22748: $abc$18193$rdata1[18] -> \rdata1 [18]
Added ysyx_25030085_RegisterFile.$auto$insbuf.cc:79:execute$22749: \rf[1][19] -> $abc$18193$rf[1][19]
Added ysyx_25030085_RegisterFile.$auto$insbuf.cc:79:execute$22750: \rf[0][19] -> $abc$18193$rf[0][19]
Added ysyx_25030085_RegisterFile.$auto$insbuf.cc:79:execute$22751: \rf[3][19] -> $abc$18193$rf[3][19]
Added ysyx_25030085_RegisterFile.$auto$insbuf.cc:79:execute$22752: \rf[2][19] -> $abc$18193$rf[2][19]
Added ysyx_25030085_RegisterFile.$auto$insbuf.cc:79:execute$22753: \rf[5][19] -> $abc$18193$rf[5][19]
Added ysyx_25030085_RegisterFile.$auto$insbuf.cc:79:execute$22754: \rf[4][19] -> $abc$18193$rf[4][19]
Added ysyx_25030085_RegisterFile.$auto$insbuf.cc:79:execute$22755: \rf[7][19] -> $abc$18193$rf[7][19]
Added ysyx_25030085_RegisterFile.$auto$insbuf.cc:79:execute$22756: \rf[6][19] -> $abc$18193$rf[6][19]
Added ysyx_25030085_RegisterFile.$auto$insbuf.cc:79:execute$22757: \rf[9][19] -> $abc$18193$rf[9][19]
Added ysyx_25030085_RegisterFile.$auto$insbuf.cc:79:execute$22758: \rf[8][19] -> $abc$18193$rf[8][19]
Added ysyx_25030085_RegisterFile.$auto$insbuf.cc:79:execute$22759: \rf[11][19] -> $abc$18193$rf[11][19]
Added ysyx_25030085_RegisterFile.$auto$insbuf.cc:79:execute$22760: \rf[10][19] -> $abc$18193$rf[10][19]
Added ysyx_25030085_RegisterFile.$auto$insbuf.cc:79:execute$22761: \rf[13][19] -> $abc$18193$rf[13][19]
Added ysyx_25030085_RegisterFile.$auto$insbuf.cc:79:execute$22762: \rf[12][19] -> $abc$18193$rf[12][19]
Added ysyx_25030085_RegisterFile.$auto$insbuf.cc:79:execute$22763: \rf[14][19] -> $abc$18193$rf[14][19]
Added ysyx_25030085_RegisterFile.$auto$insbuf.cc:79:execute$22764: $abc$18193$rdata1[19] -> \rdata1 [19]
Added ysyx_25030085_RegisterFile.$auto$insbuf.cc:79:execute$22765: \rf[1][20] -> $abc$18193$rf[1][20]
Added ysyx_25030085_RegisterFile.$auto$insbuf.cc:79:execute$22766: \rf[0][20] -> $abc$18193$rf[0][20]
Added ysyx_25030085_RegisterFile.$auto$insbuf.cc:79:execute$22767: \rf[3][20] -> $abc$18193$rf[3][20]
Added ysyx_25030085_RegisterFile.$auto$insbuf.cc:79:execute$22768: \rf[2][20] -> $abc$18193$rf[2][20]
Added ysyx_25030085_RegisterFile.$auto$insbuf.cc:79:execute$22769: \rf[5][20] -> $abc$18193$rf[5][20]
Added ysyx_25030085_RegisterFile.$auto$insbuf.cc:79:execute$22770: \rf[4][20] -> $abc$18193$rf[4][20]
Added ysyx_25030085_RegisterFile.$auto$insbuf.cc:79:execute$22771: \rf[7][20] -> $abc$18193$rf[7][20]
Added ysyx_25030085_RegisterFile.$auto$insbuf.cc:79:execute$22772: \rf[6][20] -> $abc$18193$rf[6][20]
Added ysyx_25030085_RegisterFile.$auto$insbuf.cc:79:execute$22773: \rf[9][20] -> $abc$18193$rf[9][20]
Added ysyx_25030085_RegisterFile.$auto$insbuf.cc:79:execute$22774: \rf[8][20] -> $abc$18193$rf[8][20]
Added ysyx_25030085_RegisterFile.$auto$insbuf.cc:79:execute$22775: \rf[11][20] -> $abc$18193$rf[11][20]
Added ysyx_25030085_RegisterFile.$auto$insbuf.cc:79:execute$22776: \rf[10][20] -> $abc$18193$rf[10][20]
Added ysyx_25030085_RegisterFile.$auto$insbuf.cc:79:execute$22777: \rf[13][20] -> $abc$18193$rf[13][20]
Added ysyx_25030085_RegisterFile.$auto$insbuf.cc:79:execute$22778: \rf[12][20] -> $abc$18193$rf[12][20]
Added ysyx_25030085_RegisterFile.$auto$insbuf.cc:79:execute$22779: \rf[14][20] -> $abc$18193$rf[14][20]
Added ysyx_25030085_RegisterFile.$auto$insbuf.cc:79:execute$22780: $abc$18193$rdata1[20] -> \rdata1 [20]
Added ysyx_25030085_RegisterFile.$auto$insbuf.cc:79:execute$22781: \rf[1][21] -> $abc$18193$rf[1][21]
Added ysyx_25030085_RegisterFile.$auto$insbuf.cc:79:execute$22782: \rf[0][21] -> $abc$18193$rf[0][21]
Added ysyx_25030085_RegisterFile.$auto$insbuf.cc:79:execute$22783: \rf[3][21] -> $abc$18193$rf[3][21]
Added ysyx_25030085_RegisterFile.$auto$insbuf.cc:79:execute$22784: \rf[2][21] -> $abc$18193$rf[2][21]
Added ysyx_25030085_RegisterFile.$auto$insbuf.cc:79:execute$22785: \rf[5][21] -> $abc$18193$rf[5][21]
Added ysyx_25030085_RegisterFile.$auto$insbuf.cc:79:execute$22786: \rf[4][21] -> $abc$18193$rf[4][21]
Added ysyx_25030085_RegisterFile.$auto$insbuf.cc:79:execute$22787: \rf[7][21] -> $abc$18193$rf[7][21]
Added ysyx_25030085_RegisterFile.$auto$insbuf.cc:79:execute$22788: \rf[6][21] -> $abc$18193$rf[6][21]
Added ysyx_25030085_RegisterFile.$auto$insbuf.cc:79:execute$22789: \rf[9][21] -> $abc$18193$rf[9][21]
Added ysyx_25030085_RegisterFile.$auto$insbuf.cc:79:execute$22790: \rf[8][21] -> $abc$18193$rf[8][21]
Added ysyx_25030085_RegisterFile.$auto$insbuf.cc:79:execute$22791: \rf[11][21] -> $abc$18193$rf[11][21]
Added ysyx_25030085_RegisterFile.$auto$insbuf.cc:79:execute$22792: \rf[10][21] -> $abc$18193$rf[10][21]
Added ysyx_25030085_RegisterFile.$auto$insbuf.cc:79:execute$22793: \rf[13][21] -> $abc$18193$rf[13][21]
Added ysyx_25030085_RegisterFile.$auto$insbuf.cc:79:execute$22794: \rf[12][21] -> $abc$18193$rf[12][21]
Added ysyx_25030085_RegisterFile.$auto$insbuf.cc:79:execute$22795: \rf[14][21] -> $abc$18193$rf[14][21]
Added ysyx_25030085_RegisterFile.$auto$insbuf.cc:79:execute$22796: $abc$18193$rdata1[21] -> \rdata1 [21]
Added ysyx_25030085_RegisterFile.$auto$insbuf.cc:79:execute$22797: \rf[1][22] -> $abc$18193$rf[1][22]
Added ysyx_25030085_RegisterFile.$auto$insbuf.cc:79:execute$22798: \rf[0][22] -> $abc$18193$rf[0][22]
Added ysyx_25030085_RegisterFile.$auto$insbuf.cc:79:execute$22799: \rf[3][22] -> $abc$18193$rf[3][22]
Added ysyx_25030085_RegisterFile.$auto$insbuf.cc:79:execute$22800: \rf[2][22] -> $abc$18193$rf[2][22]
Added ysyx_25030085_RegisterFile.$auto$insbuf.cc:79:execute$22801: \rf[5][22] -> $abc$18193$rf[5][22]
Added ysyx_25030085_RegisterFile.$auto$insbuf.cc:79:execute$22802: \rf[4][22] -> $abc$18193$rf[4][22]
Added ysyx_25030085_RegisterFile.$auto$insbuf.cc:79:execute$22803: \rf[7][22] -> $abc$18193$rf[7][22]
Added ysyx_25030085_RegisterFile.$auto$insbuf.cc:79:execute$22804: \rf[6][22] -> $abc$18193$rf[6][22]
Added ysyx_25030085_RegisterFile.$auto$insbuf.cc:79:execute$22805: \rf[9][22] -> $abc$18193$rf[9][22]
Added ysyx_25030085_RegisterFile.$auto$insbuf.cc:79:execute$22806: \rf[8][22] -> $abc$18193$rf[8][22]
Added ysyx_25030085_RegisterFile.$auto$insbuf.cc:79:execute$22807: \rf[11][22] -> $abc$18193$rf[11][22]
Added ysyx_25030085_RegisterFile.$auto$insbuf.cc:79:execute$22808: \rf[10][22] -> $abc$18193$rf[10][22]
Added ysyx_25030085_RegisterFile.$auto$insbuf.cc:79:execute$22809: \rf[13][22] -> $abc$18193$rf[13][22]
Added ysyx_25030085_RegisterFile.$auto$insbuf.cc:79:execute$22810: \rf[12][22] -> $abc$18193$rf[12][22]
Added ysyx_25030085_RegisterFile.$auto$insbuf.cc:79:execute$22811: \rf[14][22] -> $abc$18193$rf[14][22]
Added ysyx_25030085_RegisterFile.$auto$insbuf.cc:79:execute$22812: $abc$18193$rdata1[22] -> \rdata1 [22]
Added ysyx_25030085_RegisterFile.$auto$insbuf.cc:79:execute$22813: \rf[1][23] -> $abc$18193$rf[1][23]
Added ysyx_25030085_RegisterFile.$auto$insbuf.cc:79:execute$22814: \rf[0][23] -> $abc$18193$rf[0][23]
Added ysyx_25030085_RegisterFile.$auto$insbuf.cc:79:execute$22815: \rf[3][23] -> $abc$18193$rf[3][23]
Added ysyx_25030085_RegisterFile.$auto$insbuf.cc:79:execute$22816: \rf[2][23] -> $abc$18193$rf[2][23]
Added ysyx_25030085_RegisterFile.$auto$insbuf.cc:79:execute$22817: \rf[5][23] -> $abc$18193$rf[5][23]
Added ysyx_25030085_RegisterFile.$auto$insbuf.cc:79:execute$22818: \rf[4][23] -> $abc$18193$rf[4][23]
Added ysyx_25030085_RegisterFile.$auto$insbuf.cc:79:execute$22819: \rf[7][23] -> $abc$18193$rf[7][23]
Added ysyx_25030085_RegisterFile.$auto$insbuf.cc:79:execute$22820: \rf[6][23] -> $abc$18193$rf[6][23]
Added ysyx_25030085_RegisterFile.$auto$insbuf.cc:79:execute$22821: \rf[9][23] -> $abc$18193$rf[9][23]
Added ysyx_25030085_RegisterFile.$auto$insbuf.cc:79:execute$22822: \rf[8][23] -> $abc$18193$rf[8][23]
Added ysyx_25030085_RegisterFile.$auto$insbuf.cc:79:execute$22823: \rf[11][23] -> $abc$18193$rf[11][23]
Added ysyx_25030085_RegisterFile.$auto$insbuf.cc:79:execute$22824: \rf[10][23] -> $abc$18193$rf[10][23]
Added ysyx_25030085_RegisterFile.$auto$insbuf.cc:79:execute$22825: \rf[13][23] -> $abc$18193$rf[13][23]
Added ysyx_25030085_RegisterFile.$auto$insbuf.cc:79:execute$22826: \rf[12][23] -> $abc$18193$rf[12][23]
Added ysyx_25030085_RegisterFile.$auto$insbuf.cc:79:execute$22827: \rf[14][23] -> $abc$18193$rf[14][23]
Added ysyx_25030085_RegisterFile.$auto$insbuf.cc:79:execute$22828: $abc$18193$rdata1[23] -> \rdata1 [23]
Added ysyx_25030085_RegisterFile.$auto$insbuf.cc:79:execute$22829: \rf[1][24] -> $abc$18193$rf[1][24]
Added ysyx_25030085_RegisterFile.$auto$insbuf.cc:79:execute$22830: \rf[0][24] -> $abc$18193$rf[0][24]
Added ysyx_25030085_RegisterFile.$auto$insbuf.cc:79:execute$22831: \rf[3][24] -> $abc$18193$rf[3][24]
Added ysyx_25030085_RegisterFile.$auto$insbuf.cc:79:execute$22832: \rf[2][24] -> $abc$18193$rf[2][24]
Added ysyx_25030085_RegisterFile.$auto$insbuf.cc:79:execute$22833: \rf[5][24] -> $abc$18193$rf[5][24]
Added ysyx_25030085_RegisterFile.$auto$insbuf.cc:79:execute$22834: \rf[4][24] -> $abc$18193$rf[4][24]
Added ysyx_25030085_RegisterFile.$auto$insbuf.cc:79:execute$22835: \rf[7][24] -> $abc$18193$rf[7][24]
Added ysyx_25030085_RegisterFile.$auto$insbuf.cc:79:execute$22836: \rf[6][24] -> $abc$18193$rf[6][24]
Added ysyx_25030085_RegisterFile.$auto$insbuf.cc:79:execute$22837: \rf[9][24] -> $abc$18193$rf[9][24]
Added ysyx_25030085_RegisterFile.$auto$insbuf.cc:79:execute$22838: \rf[8][24] -> $abc$18193$rf[8][24]
Added ysyx_25030085_RegisterFile.$auto$insbuf.cc:79:execute$22839: \rf[11][24] -> $abc$18193$rf[11][24]
Added ysyx_25030085_RegisterFile.$auto$insbuf.cc:79:execute$22840: \rf[10][24] -> $abc$18193$rf[10][24]
Added ysyx_25030085_RegisterFile.$auto$insbuf.cc:79:execute$22841: \rf[13][24] -> $abc$18193$rf[13][24]
Added ysyx_25030085_RegisterFile.$auto$insbuf.cc:79:execute$22842: \rf[12][24] -> $abc$18193$rf[12][24]
Added ysyx_25030085_RegisterFile.$auto$insbuf.cc:79:execute$22843: \rf[14][24] -> $abc$18193$rf[14][24]
Added ysyx_25030085_RegisterFile.$auto$insbuf.cc:79:execute$22844: $abc$18193$rdata1[24] -> \rdata1 [24]
Added ysyx_25030085_RegisterFile.$auto$insbuf.cc:79:execute$22845: \rf[1][25] -> $abc$18193$rf[1][25]
Added ysyx_25030085_RegisterFile.$auto$insbuf.cc:79:execute$22846: \rf[0][25] -> $abc$18193$rf[0][25]
Added ysyx_25030085_RegisterFile.$auto$insbuf.cc:79:execute$22847: \rf[3][25] -> $abc$18193$rf[3][25]
Added ysyx_25030085_RegisterFile.$auto$insbuf.cc:79:execute$22848: \rf[2][25] -> $abc$18193$rf[2][25]
Added ysyx_25030085_RegisterFile.$auto$insbuf.cc:79:execute$22849: \rf[5][25] -> $abc$18193$rf[5][25]
Added ysyx_25030085_RegisterFile.$auto$insbuf.cc:79:execute$22850: \rf[4][25] -> $abc$18193$rf[4][25]
Added ysyx_25030085_RegisterFile.$auto$insbuf.cc:79:execute$22851: \rf[7][25] -> $abc$18193$rf[7][25]
Added ysyx_25030085_RegisterFile.$auto$insbuf.cc:79:execute$22852: \rf[6][25] -> $abc$18193$rf[6][25]
Added ysyx_25030085_RegisterFile.$auto$insbuf.cc:79:execute$22853: \rf[9][25] -> $abc$18193$rf[9][25]
Added ysyx_25030085_RegisterFile.$auto$insbuf.cc:79:execute$22854: \rf[8][25] -> $abc$18193$rf[8][25]
Added ysyx_25030085_RegisterFile.$auto$insbuf.cc:79:execute$22855: \rf[11][25] -> $abc$18193$rf[11][25]
Added ysyx_25030085_RegisterFile.$auto$insbuf.cc:79:execute$22856: \rf[10][25] -> $abc$18193$rf[10][25]
Added ysyx_25030085_RegisterFile.$auto$insbuf.cc:79:execute$22857: \rf[13][25] -> $abc$18193$rf[13][25]
Added ysyx_25030085_RegisterFile.$auto$insbuf.cc:79:execute$22858: \rf[12][25] -> $abc$18193$rf[12][25]
Added ysyx_25030085_RegisterFile.$auto$insbuf.cc:79:execute$22859: \rf[14][25] -> $abc$18193$rf[14][25]
Added ysyx_25030085_RegisterFile.$auto$insbuf.cc:79:execute$22860: $abc$18193$rdata1[25] -> \rdata1 [25]
Added ysyx_25030085_RegisterFile.$auto$insbuf.cc:79:execute$22861: \rf[1][26] -> $abc$18193$rf[1][26]
Added ysyx_25030085_RegisterFile.$auto$insbuf.cc:79:execute$22862: \rf[0][26] -> $abc$18193$rf[0][26]
Added ysyx_25030085_RegisterFile.$auto$insbuf.cc:79:execute$22863: \rf[3][26] -> $abc$18193$rf[3][26]
Added ysyx_25030085_RegisterFile.$auto$insbuf.cc:79:execute$22864: \rf[2][26] -> $abc$18193$rf[2][26]
Added ysyx_25030085_RegisterFile.$auto$insbuf.cc:79:execute$22865: \rf[5][26] -> $abc$18193$rf[5][26]
Added ysyx_25030085_RegisterFile.$auto$insbuf.cc:79:execute$22866: \rf[4][26] -> $abc$18193$rf[4][26]
Added ysyx_25030085_RegisterFile.$auto$insbuf.cc:79:execute$22867: \rf[7][26] -> $abc$18193$rf[7][26]
Added ysyx_25030085_RegisterFile.$auto$insbuf.cc:79:execute$22868: \rf[6][26] -> $abc$18193$rf[6][26]
Added ysyx_25030085_RegisterFile.$auto$insbuf.cc:79:execute$22869: \rf[9][26] -> $abc$18193$rf[9][26]
Added ysyx_25030085_RegisterFile.$auto$insbuf.cc:79:execute$22870: \rf[8][26] -> $abc$18193$rf[8][26]
Added ysyx_25030085_RegisterFile.$auto$insbuf.cc:79:execute$22871: \rf[11][26] -> $abc$18193$rf[11][26]
Added ysyx_25030085_RegisterFile.$auto$insbuf.cc:79:execute$22872: \rf[10][26] -> $abc$18193$rf[10][26]
Added ysyx_25030085_RegisterFile.$auto$insbuf.cc:79:execute$22873: \rf[13][26] -> $abc$18193$rf[13][26]
Added ysyx_25030085_RegisterFile.$auto$insbuf.cc:79:execute$22874: \rf[12][26] -> $abc$18193$rf[12][26]
Added ysyx_25030085_RegisterFile.$auto$insbuf.cc:79:execute$22875: \rf[14][26] -> $abc$18193$rf[14][26]
Added ysyx_25030085_RegisterFile.$auto$insbuf.cc:79:execute$22876: $abc$18193$rdata1[26] -> \rdata1 [26]
Added ysyx_25030085_RegisterFile.$auto$insbuf.cc:79:execute$22877: \rf[1][27] -> $abc$18193$rf[1][27]
Added ysyx_25030085_RegisterFile.$auto$insbuf.cc:79:execute$22878: \rf[0][27] -> $abc$18193$rf[0][27]
Added ysyx_25030085_RegisterFile.$auto$insbuf.cc:79:execute$22879: \rf[3][27] -> $abc$18193$rf[3][27]
Added ysyx_25030085_RegisterFile.$auto$insbuf.cc:79:execute$22880: \rf[2][27] -> $abc$18193$rf[2][27]
Added ysyx_25030085_RegisterFile.$auto$insbuf.cc:79:execute$22881: \rf[5][27] -> $abc$18193$rf[5][27]
Added ysyx_25030085_RegisterFile.$auto$insbuf.cc:79:execute$22882: \rf[4][27] -> $abc$18193$rf[4][27]
Added ysyx_25030085_RegisterFile.$auto$insbuf.cc:79:execute$22883: \rf[7][27] -> $abc$18193$rf[7][27]
Added ysyx_25030085_RegisterFile.$auto$insbuf.cc:79:execute$22884: \rf[6][27] -> $abc$18193$rf[6][27]
Added ysyx_25030085_RegisterFile.$auto$insbuf.cc:79:execute$22885: \rf[9][27] -> $abc$18193$rf[9][27]
Added ysyx_25030085_RegisterFile.$auto$insbuf.cc:79:execute$22886: \rf[8][27] -> $abc$18193$rf[8][27]
Added ysyx_25030085_RegisterFile.$auto$insbuf.cc:79:execute$22887: \rf[11][27] -> $abc$18193$rf[11][27]
Added ysyx_25030085_RegisterFile.$auto$insbuf.cc:79:execute$22888: \rf[10][27] -> $abc$18193$rf[10][27]
Added ysyx_25030085_RegisterFile.$auto$insbuf.cc:79:execute$22889: \rf[13][27] -> $abc$18193$rf[13][27]
Added ysyx_25030085_RegisterFile.$auto$insbuf.cc:79:execute$22890: \rf[12][27] -> $abc$18193$rf[12][27]
Added ysyx_25030085_RegisterFile.$auto$insbuf.cc:79:execute$22891: \rf[14][27] -> $abc$18193$rf[14][27]
Added ysyx_25030085_RegisterFile.$auto$insbuf.cc:79:execute$22892: $abc$18193$rdata1[27] -> \rdata1 [27]
Added ysyx_25030085_RegisterFile.$auto$insbuf.cc:79:execute$22893: \rf[1][28] -> $abc$18193$rf[1][28]
Added ysyx_25030085_RegisterFile.$auto$insbuf.cc:79:execute$22894: \rf[0][28] -> $abc$18193$rf[0][28]
Added ysyx_25030085_RegisterFile.$auto$insbuf.cc:79:execute$22895: \rf[3][28] -> $abc$18193$rf[3][28]
Added ysyx_25030085_RegisterFile.$auto$insbuf.cc:79:execute$22896: \rf[2][28] -> $abc$18193$rf[2][28]
Added ysyx_25030085_RegisterFile.$auto$insbuf.cc:79:execute$22897: \rf[5][28] -> $abc$18193$rf[5][28]
Added ysyx_25030085_RegisterFile.$auto$insbuf.cc:79:execute$22898: \rf[4][28] -> $abc$18193$rf[4][28]
Added ysyx_25030085_RegisterFile.$auto$insbuf.cc:79:execute$22899: \rf[7][28] -> $abc$18193$rf[7][28]
Added ysyx_25030085_RegisterFile.$auto$insbuf.cc:79:execute$22900: \rf[6][28] -> $abc$18193$rf[6][28]
Added ysyx_25030085_RegisterFile.$auto$insbuf.cc:79:execute$22901: \rf[9][28] -> $abc$18193$rf[9][28]
Added ysyx_25030085_RegisterFile.$auto$insbuf.cc:79:execute$22902: \rf[8][28] -> $abc$18193$rf[8][28]
Added ysyx_25030085_RegisterFile.$auto$insbuf.cc:79:execute$22903: \rf[11][28] -> $abc$18193$rf[11][28]
Added ysyx_25030085_RegisterFile.$auto$insbuf.cc:79:execute$22904: \rf[10][28] -> $abc$18193$rf[10][28]
Added ysyx_25030085_RegisterFile.$auto$insbuf.cc:79:execute$22905: \rf[13][28] -> $abc$18193$rf[13][28]
Added ysyx_25030085_RegisterFile.$auto$insbuf.cc:79:execute$22906: \rf[12][28] -> $abc$18193$rf[12][28]
Added ysyx_25030085_RegisterFile.$auto$insbuf.cc:79:execute$22907: \rf[14][28] -> $abc$18193$rf[14][28]
Added ysyx_25030085_RegisterFile.$auto$insbuf.cc:79:execute$22908: $abc$18193$rdata1[28] -> \rdata1 [28]
Added ysyx_25030085_RegisterFile.$auto$insbuf.cc:79:execute$22909: \rf[1][29] -> $abc$18193$rf[1][29]
Added ysyx_25030085_RegisterFile.$auto$insbuf.cc:79:execute$22910: \rf[0][29] -> $abc$18193$rf[0][29]
Added ysyx_25030085_RegisterFile.$auto$insbuf.cc:79:execute$22911: \rf[3][29] -> $abc$18193$rf[3][29]
Added ysyx_25030085_RegisterFile.$auto$insbuf.cc:79:execute$22912: \rf[2][29] -> $abc$18193$rf[2][29]
Added ysyx_25030085_RegisterFile.$auto$insbuf.cc:79:execute$22913: \rf[5][29] -> $abc$18193$rf[5][29]
Added ysyx_25030085_RegisterFile.$auto$insbuf.cc:79:execute$22914: \rf[4][29] -> $abc$18193$rf[4][29]
Added ysyx_25030085_RegisterFile.$auto$insbuf.cc:79:execute$22915: \rf[7][29] -> $abc$18193$rf[7][29]
Added ysyx_25030085_RegisterFile.$auto$insbuf.cc:79:execute$22916: \rf[6][29] -> $abc$18193$rf[6][29]
Added ysyx_25030085_RegisterFile.$auto$insbuf.cc:79:execute$22917: \rf[9][29] -> $abc$18193$rf[9][29]
Added ysyx_25030085_RegisterFile.$auto$insbuf.cc:79:execute$22918: \rf[8][29] -> $abc$18193$rf[8][29]
Added ysyx_25030085_RegisterFile.$auto$insbuf.cc:79:execute$22919: \rf[11][29] -> $abc$18193$rf[11][29]
Added ysyx_25030085_RegisterFile.$auto$insbuf.cc:79:execute$22920: \rf[10][29] -> $abc$18193$rf[10][29]
Added ysyx_25030085_RegisterFile.$auto$insbuf.cc:79:execute$22921: \rf[13][29] -> $abc$18193$rf[13][29]
Added ysyx_25030085_RegisterFile.$auto$insbuf.cc:79:execute$22922: \rf[12][29] -> $abc$18193$rf[12][29]
Added ysyx_25030085_RegisterFile.$auto$insbuf.cc:79:execute$22923: \rf[14][29] -> $abc$18193$rf[14][29]
Added ysyx_25030085_RegisterFile.$auto$insbuf.cc:79:execute$22924: $abc$18193$rdata1[29] -> \rdata1 [29]
Added ysyx_25030085_RegisterFile.$auto$insbuf.cc:79:execute$22925: \rf[1][30] -> $abc$18193$rf[1][30]
Added ysyx_25030085_RegisterFile.$auto$insbuf.cc:79:execute$22926: \rf[0][30] -> $abc$18193$rf[0][30]
Added ysyx_25030085_RegisterFile.$auto$insbuf.cc:79:execute$22927: \rf[3][30] -> $abc$18193$rf[3][30]
Added ysyx_25030085_RegisterFile.$auto$insbuf.cc:79:execute$22928: \rf[2][30] -> $abc$18193$rf[2][30]
Added ysyx_25030085_RegisterFile.$auto$insbuf.cc:79:execute$22929: \rf[5][30] -> $abc$18193$rf[5][30]
Added ysyx_25030085_RegisterFile.$auto$insbuf.cc:79:execute$22930: \rf[4][30] -> $abc$18193$rf[4][30]
Added ysyx_25030085_RegisterFile.$auto$insbuf.cc:79:execute$22931: \rf[7][30] -> $abc$18193$rf[7][30]
Added ysyx_25030085_RegisterFile.$auto$insbuf.cc:79:execute$22932: \rf[6][30] -> $abc$18193$rf[6][30]
Added ysyx_25030085_RegisterFile.$auto$insbuf.cc:79:execute$22933: \rf[9][30] -> $abc$18193$rf[9][30]
Added ysyx_25030085_RegisterFile.$auto$insbuf.cc:79:execute$22934: \rf[8][30] -> $abc$18193$rf[8][30]
Added ysyx_25030085_RegisterFile.$auto$insbuf.cc:79:execute$22935: \rf[11][30] -> $abc$18193$rf[11][30]
Added ysyx_25030085_RegisterFile.$auto$insbuf.cc:79:execute$22936: \rf[10][30] -> $abc$18193$rf[10][30]
Added ysyx_25030085_RegisterFile.$auto$insbuf.cc:79:execute$22937: \rf[13][30] -> $abc$18193$rf[13][30]
Added ysyx_25030085_RegisterFile.$auto$insbuf.cc:79:execute$22938: \rf[12][30] -> $abc$18193$rf[12][30]
Added ysyx_25030085_RegisterFile.$auto$insbuf.cc:79:execute$22939: \rf[14][30] -> $abc$18193$rf[14][30]
Added ysyx_25030085_RegisterFile.$auto$insbuf.cc:79:execute$22940: $abc$18193$rdata1[30] -> \rdata1 [30]
Added ysyx_25030085_RegisterFile.$auto$insbuf.cc:79:execute$22941: \rf[1][31] -> $abc$18193$rf[1][31]
Added ysyx_25030085_RegisterFile.$auto$insbuf.cc:79:execute$22942: \rf[0][31] -> $abc$18193$rf[0][31]
Added ysyx_25030085_RegisterFile.$auto$insbuf.cc:79:execute$22943: \rf[3][31] -> $abc$18193$rf[3][31]
Added ysyx_25030085_RegisterFile.$auto$insbuf.cc:79:execute$22944: \rf[2][31] -> $abc$18193$rf[2][31]
Added ysyx_25030085_RegisterFile.$auto$insbuf.cc:79:execute$22945: \rf[5][31] -> $abc$18193$rf[5][31]
Added ysyx_25030085_RegisterFile.$auto$insbuf.cc:79:execute$22946: \rf[4][31] -> $abc$18193$rf[4][31]
Added ysyx_25030085_RegisterFile.$auto$insbuf.cc:79:execute$22947: \rf[7][31] -> $abc$18193$rf[7][31]
Added ysyx_25030085_RegisterFile.$auto$insbuf.cc:79:execute$22948: \rf[6][31] -> $abc$18193$rf[6][31]
Added ysyx_25030085_RegisterFile.$auto$insbuf.cc:79:execute$22949: \rf[9][31] -> $abc$18193$rf[9][31]
Added ysyx_25030085_RegisterFile.$auto$insbuf.cc:79:execute$22950: \rf[8][31] -> $abc$18193$rf[8][31]
Added ysyx_25030085_RegisterFile.$auto$insbuf.cc:79:execute$22951: \rf[11][31] -> $abc$18193$rf[11][31]
Added ysyx_25030085_RegisterFile.$auto$insbuf.cc:79:execute$22952: \rf[10][31] -> $abc$18193$rf[10][31]
Added ysyx_25030085_RegisterFile.$auto$insbuf.cc:79:execute$22953: \rf[13][31] -> $abc$18193$rf[13][31]
Added ysyx_25030085_RegisterFile.$auto$insbuf.cc:79:execute$22954: \rf[12][31] -> $abc$18193$rf[12][31]
Added ysyx_25030085_RegisterFile.$auto$insbuf.cc:79:execute$22955: \rf[14][31] -> $abc$18193$rf[14][31]
Added ysyx_25030085_RegisterFile.$auto$insbuf.cc:79:execute$22956: $abc$18193$rdata1[31] -> \rdata1 [31]
Added ysyx_25030085_RegisterFile.$auto$insbuf.cc:79:execute$22957: \arrs2 [0] -> $abc$18193$arrs2[0]
Added ysyx_25030085_RegisterFile.$auto$insbuf.cc:79:execute$22958: \arrs2 [1] -> $abc$18193$arrs2[1]
Added ysyx_25030085_RegisterFile.$auto$insbuf.cc:79:execute$22959: \arrs2 [2] -> $abc$18193$arrs2[2]
Added ysyx_25030085_RegisterFile.$auto$insbuf.cc:79:execute$22960: \arrs2 [3] -> $abc$18193$arrs2[3]
Added ysyx_25030085_RegisterFile.$auto$insbuf.cc:79:execute$22961: $abc$18193$rdata2[0] -> \rdata2 [0]
Added ysyx_25030085_RegisterFile.$auto$insbuf.cc:79:execute$22962: $abc$18193$rdata2[1] -> \rdata2 [1]
Added ysyx_25030085_RegisterFile.$auto$insbuf.cc:79:execute$22963: $abc$18193$rdata2[2] -> \rdata2 [2]
Added ysyx_25030085_RegisterFile.$auto$insbuf.cc:79:execute$22964: $abc$18193$rdata2[3] -> \rdata2 [3]
Added ysyx_25030085_RegisterFile.$auto$insbuf.cc:79:execute$22965: $abc$18193$rdata2[4] -> \rdata2 [4]
Added ysyx_25030085_RegisterFile.$auto$insbuf.cc:79:execute$22966: $abc$18193$rdata2[5] -> \rdata2 [5]
Added ysyx_25030085_RegisterFile.$auto$insbuf.cc:79:execute$22967: $abc$18193$rdata2[6] -> \rdata2 [6]
Added ysyx_25030085_RegisterFile.$auto$insbuf.cc:79:execute$22968: $abc$18193$rdata2[7] -> \rdata2 [7]
Added ysyx_25030085_RegisterFile.$auto$insbuf.cc:79:execute$22969: $abc$18193$rdata2[8] -> \rdata2 [8]
Added ysyx_25030085_RegisterFile.$auto$insbuf.cc:79:execute$22970: $abc$18193$rdata2[9] -> \rdata2 [9]
Added ysyx_25030085_RegisterFile.$auto$insbuf.cc:79:execute$22971: $abc$18193$rdata2[10] -> \rdata2 [10]
Added ysyx_25030085_RegisterFile.$auto$insbuf.cc:79:execute$22972: $abc$18193$rdata2[11] -> \rdata2 [11]
Added ysyx_25030085_RegisterFile.$auto$insbuf.cc:79:execute$22973: $abc$18193$rdata2[12] -> \rdata2 [12]
Added ysyx_25030085_RegisterFile.$auto$insbuf.cc:79:execute$22974: $abc$18193$rdata2[13] -> \rdata2 [13]
Added ysyx_25030085_RegisterFile.$auto$insbuf.cc:79:execute$22975: $abc$18193$rdata2[14] -> \rdata2 [14]
Added ysyx_25030085_RegisterFile.$auto$insbuf.cc:79:execute$22976: $abc$18193$rdata2[15] -> \rdata2 [15]
Added ysyx_25030085_RegisterFile.$auto$insbuf.cc:79:execute$22977: $abc$18193$rdata2[16] -> \rdata2 [16]
Added ysyx_25030085_RegisterFile.$auto$insbuf.cc:79:execute$22978: $abc$18193$rdata2[17] -> \rdata2 [17]
Added ysyx_25030085_RegisterFile.$auto$insbuf.cc:79:execute$22979: $abc$18193$rdata2[18] -> \rdata2 [18]
Added ysyx_25030085_RegisterFile.$auto$insbuf.cc:79:execute$22980: $abc$18193$rdata2[19] -> \rdata2 [19]
Added ysyx_25030085_RegisterFile.$auto$insbuf.cc:79:execute$22981: $abc$18193$rdata2[20] -> \rdata2 [20]
Added ysyx_25030085_RegisterFile.$auto$insbuf.cc:79:execute$22982: $abc$18193$rdata2[21] -> \rdata2 [21]
Added ysyx_25030085_RegisterFile.$auto$insbuf.cc:79:execute$22983: $abc$18193$rdata2[22] -> \rdata2 [22]
Added ysyx_25030085_RegisterFile.$auto$insbuf.cc:79:execute$22984: $abc$18193$rdata2[23] -> \rdata2 [23]
Added ysyx_25030085_RegisterFile.$auto$insbuf.cc:79:execute$22985: $abc$18193$rdata2[24] -> \rdata2 [24]
Added ysyx_25030085_RegisterFile.$auto$insbuf.cc:79:execute$22986: $abc$18193$rdata2[25] -> \rdata2 [25]
Added ysyx_25030085_RegisterFile.$auto$insbuf.cc:79:execute$22987: $abc$18193$rdata2[26] -> \rdata2 [26]
Added ysyx_25030085_RegisterFile.$auto$insbuf.cc:79:execute$22988: $abc$18193$rdata2[27] -> \rdata2 [27]
Added ysyx_25030085_RegisterFile.$auto$insbuf.cc:79:execute$22989: $abc$18193$rdata2[28] -> \rdata2 [28]
Added ysyx_25030085_RegisterFile.$auto$insbuf.cc:79:execute$22990: $abc$18193$rdata2[29] -> \rdata2 [29]
Added ysyx_25030085_RegisterFile.$auto$insbuf.cc:79:execute$22991: $abc$18193$rdata2[30] -> \rdata2 [30]
Added ysyx_25030085_RegisterFile.$auto$insbuf.cc:79:execute$22992: $abc$18193$rdata2[31] -> \rdata2 [31]
Added ysyx_25030085_RegisterFile.$auto$insbuf.cc:79:execute$22993: \waddr [1] -> $abc$18193$waddr[1]
Added ysyx_25030085_RegisterFile.$auto$insbuf.cc:79:execute$22994: \waddr [0] -> $abc$18193$waddr[0]
Added ysyx_25030085_RegisterFile.$auto$insbuf.cc:79:execute$22995: \waddr [2] -> $abc$18193$waddr[2]
Added ysyx_25030085_RegisterFile.$auto$insbuf.cc:79:execute$22996: \waddr [3] -> $abc$18193$waddr[3]
Added ysyx_25030085_RegisterFile.$auto$insbuf.cc:79:execute$22997: \wen -> $abc$18193$wen
Added ysyx_25030085_RegisterFile.$auto$insbuf.cc:79:execute$22998: \wdata [0] -> $abc$18193$wdata[0]
Added ysyx_25030085_RegisterFile.$auto$insbuf.cc:79:execute$22999: $abc$18193$abc$11031$memory\rf$wrmux[3][0][0]$y$1277[0] -> $abc$11031$memory\rf$wrmux[3][0][0]$y$1277[0]
Added ysyx_25030085_RegisterFile.$auto$insbuf.cc:79:execute$23000: \wdata [1] -> $abc$18193$wdata[1]
Added ysyx_25030085_RegisterFile.$auto$insbuf.cc:79:execute$23001: $abc$18193$abc$11031$memory\rf$wrmux[3][0][0]$y$1277[1] -> $abc$11031$memory\rf$wrmux[3][0][0]$y$1277[1]
Added ysyx_25030085_RegisterFile.$auto$insbuf.cc:79:execute$23002: \wdata [2] -> $abc$18193$wdata[2]
Added ysyx_25030085_RegisterFile.$auto$insbuf.cc:79:execute$23003: $abc$18193$abc$11031$memory\rf$wrmux[3][0][0]$y$1277[2] -> $abc$11031$memory\rf$wrmux[3][0][0]$y$1277[2]
Added ysyx_25030085_RegisterFile.$auto$insbuf.cc:79:execute$23004: \wdata [3] -> $abc$18193$wdata[3]
Added ysyx_25030085_RegisterFile.$auto$insbuf.cc:79:execute$23005: $abc$18193$abc$11031$memory\rf$wrmux[3][0][0]$y$1277[3] -> $abc$11031$memory\rf$wrmux[3][0][0]$y$1277[3]
Added ysyx_25030085_RegisterFile.$auto$insbuf.cc:79:execute$23006: \wdata [4] -> $abc$18193$wdata[4]
Added ysyx_25030085_RegisterFile.$auto$insbuf.cc:79:execute$23007: $abc$18193$abc$11031$memory\rf$wrmux[3][0][0]$y$1277[4] -> $abc$11031$memory\rf$wrmux[3][0][0]$y$1277[4]
Added ysyx_25030085_RegisterFile.$auto$insbuf.cc:79:execute$23008: \wdata [5] -> $abc$18193$wdata[5]
Added ysyx_25030085_RegisterFile.$auto$insbuf.cc:79:execute$23009: $abc$18193$abc$11031$memory\rf$wrmux[3][0][0]$y$1277[5] -> $abc$11031$memory\rf$wrmux[3][0][0]$y$1277[5]
Added ysyx_25030085_RegisterFile.$auto$insbuf.cc:79:execute$23010: \wdata [6] -> $abc$18193$wdata[6]
Added ysyx_25030085_RegisterFile.$auto$insbuf.cc:79:execute$23011: $abc$18193$abc$11031$memory\rf$wrmux[3][0][0]$y$1277[6] -> $abc$11031$memory\rf$wrmux[3][0][0]$y$1277[6]
Added ysyx_25030085_RegisterFile.$auto$insbuf.cc:79:execute$23012: \wdata [7] -> $abc$18193$wdata[7]
Added ysyx_25030085_RegisterFile.$auto$insbuf.cc:79:execute$23013: $abc$18193$abc$11031$memory\rf$wrmux[3][0][0]$y$1277[7] -> $abc$11031$memory\rf$wrmux[3][0][0]$y$1277[7]
Added ysyx_25030085_RegisterFile.$auto$insbuf.cc:79:execute$23014: \wdata [8] -> $abc$18193$wdata[8]
Added ysyx_25030085_RegisterFile.$auto$insbuf.cc:79:execute$23015: $abc$18193$abc$11031$memory\rf$wrmux[3][0][0]$y$1277[8] -> $abc$11031$memory\rf$wrmux[3][0][0]$y$1277[8]
Added ysyx_25030085_RegisterFile.$auto$insbuf.cc:79:execute$23016: \wdata [9] -> $abc$18193$wdata[9]
Added ysyx_25030085_RegisterFile.$auto$insbuf.cc:79:execute$23017: $abc$18193$abc$11031$memory\rf$wrmux[3][0][0]$y$1277[9] -> $abc$11031$memory\rf$wrmux[3][0][0]$y$1277[9]
Added ysyx_25030085_RegisterFile.$auto$insbuf.cc:79:execute$23018: \wdata [10] -> $abc$18193$wdata[10]
Added ysyx_25030085_RegisterFile.$auto$insbuf.cc:79:execute$23019: $abc$18193$abc$11031$memory\rf$wrmux[3][0][0]$y$1277[10] -> $abc$11031$memory\rf$wrmux[3][0][0]$y$1277[10]
Added ysyx_25030085_RegisterFile.$auto$insbuf.cc:79:execute$23020: \wdata [11] -> $abc$18193$wdata[11]
Added ysyx_25030085_RegisterFile.$auto$insbuf.cc:79:execute$23021: $abc$18193$abc$11031$memory\rf$wrmux[3][0][0]$y$1277[11] -> $abc$11031$memory\rf$wrmux[3][0][0]$y$1277[11]
Added ysyx_25030085_RegisterFile.$auto$insbuf.cc:79:execute$23022: \wdata [12] -> $abc$18193$wdata[12]
Added ysyx_25030085_RegisterFile.$auto$insbuf.cc:79:execute$23023: $abc$18193$abc$11031$memory\rf$wrmux[3][0][0]$y$1277[12] -> $abc$11031$memory\rf$wrmux[3][0][0]$y$1277[12]
Added ysyx_25030085_RegisterFile.$auto$insbuf.cc:79:execute$23024: \wdata [13] -> $abc$18193$wdata[13]
Added ysyx_25030085_RegisterFile.$auto$insbuf.cc:79:execute$23025: $abc$18193$abc$11031$memory\rf$wrmux[3][0][0]$y$1277[13] -> $abc$11031$memory\rf$wrmux[3][0][0]$y$1277[13]
Added ysyx_25030085_RegisterFile.$auto$insbuf.cc:79:execute$23026: \wdata [14] -> $abc$18193$wdata[14]
Added ysyx_25030085_RegisterFile.$auto$insbuf.cc:79:execute$23027: $abc$18193$abc$11031$memory\rf$wrmux[3][0][0]$y$1277[14] -> $abc$11031$memory\rf$wrmux[3][0][0]$y$1277[14]
Added ysyx_25030085_RegisterFile.$auto$insbuf.cc:79:execute$23028: \wdata [15] -> $abc$18193$wdata[15]
Added ysyx_25030085_RegisterFile.$auto$insbuf.cc:79:execute$23029: $abc$18193$abc$11031$memory\rf$wrmux[3][0][0]$y$1277[15] -> $abc$11031$memory\rf$wrmux[3][0][0]$y$1277[15]
Added ysyx_25030085_RegisterFile.$auto$insbuf.cc:79:execute$23030: \wdata [16] -> $abc$18193$wdata[16]
Added ysyx_25030085_RegisterFile.$auto$insbuf.cc:79:execute$23031: $abc$18193$abc$11031$memory\rf$wrmux[3][0][0]$y$1277[16] -> $abc$11031$memory\rf$wrmux[3][0][0]$y$1277[16]
Added ysyx_25030085_RegisterFile.$auto$insbuf.cc:79:execute$23032: \wdata [17] -> $abc$18193$wdata[17]
Added ysyx_25030085_RegisterFile.$auto$insbuf.cc:79:execute$23033: $abc$18193$abc$11031$memory\rf$wrmux[3][0][0]$y$1277[17] -> $abc$11031$memory\rf$wrmux[3][0][0]$y$1277[17]
Added ysyx_25030085_RegisterFile.$auto$insbuf.cc:79:execute$23034: \wdata [18] -> $abc$18193$wdata[18]
Added ysyx_25030085_RegisterFile.$auto$insbuf.cc:79:execute$23035: $abc$18193$abc$11031$memory\rf$wrmux[3][0][0]$y$1277[18] -> $abc$11031$memory\rf$wrmux[3][0][0]$y$1277[18]
Added ysyx_25030085_RegisterFile.$auto$insbuf.cc:79:execute$23036: \wdata [19] -> $abc$18193$wdata[19]
Added ysyx_25030085_RegisterFile.$auto$insbuf.cc:79:execute$23037: $abc$18193$abc$11031$memory\rf$wrmux[3][0][0]$y$1277[19] -> $abc$11031$memory\rf$wrmux[3][0][0]$y$1277[19]
Added ysyx_25030085_RegisterFile.$auto$insbuf.cc:79:execute$23038: \wdata [20] -> $abc$18193$wdata[20]
Added ysyx_25030085_RegisterFile.$auto$insbuf.cc:79:execute$23039: $abc$18193$abc$11031$memory\rf$wrmux[3][0][0]$y$1277[20] -> $abc$11031$memory\rf$wrmux[3][0][0]$y$1277[20]
Added ysyx_25030085_RegisterFile.$auto$insbuf.cc:79:execute$23040: \wdata [21] -> $abc$18193$wdata[21]
Added ysyx_25030085_RegisterFile.$auto$insbuf.cc:79:execute$23041: $abc$18193$abc$11031$memory\rf$wrmux[3][0][0]$y$1277[21] -> $abc$11031$memory\rf$wrmux[3][0][0]$y$1277[21]
Added ysyx_25030085_RegisterFile.$auto$insbuf.cc:79:execute$23042: \wdata [22] -> $abc$18193$wdata[22]
Added ysyx_25030085_RegisterFile.$auto$insbuf.cc:79:execute$23043: $abc$18193$abc$11031$memory\rf$wrmux[3][0][0]$y$1277[22] -> $abc$11031$memory\rf$wrmux[3][0][0]$y$1277[22]
Added ysyx_25030085_RegisterFile.$auto$insbuf.cc:79:execute$23044: \wdata [23] -> $abc$18193$wdata[23]
Added ysyx_25030085_RegisterFile.$auto$insbuf.cc:79:execute$23045: $abc$18193$abc$11031$memory\rf$wrmux[3][0][0]$y$1277[23] -> $abc$11031$memory\rf$wrmux[3][0][0]$y$1277[23]
Added ysyx_25030085_RegisterFile.$auto$insbuf.cc:79:execute$23046: \wdata [24] -> $abc$18193$wdata[24]
Added ysyx_25030085_RegisterFile.$auto$insbuf.cc:79:execute$23047: $abc$18193$abc$11031$memory\rf$wrmux[3][0][0]$y$1277[24] -> $abc$11031$memory\rf$wrmux[3][0][0]$y$1277[24]
Added ysyx_25030085_RegisterFile.$auto$insbuf.cc:79:execute$23048: \wdata [25] -> $abc$18193$wdata[25]
Added ysyx_25030085_RegisterFile.$auto$insbuf.cc:79:execute$23049: $abc$18193$abc$11031$memory\rf$wrmux[3][0][0]$y$1277[25] -> $abc$11031$memory\rf$wrmux[3][0][0]$y$1277[25]
Added ysyx_25030085_RegisterFile.$auto$insbuf.cc:79:execute$23050: \wdata [26] -> $abc$18193$wdata[26]
Added ysyx_25030085_RegisterFile.$auto$insbuf.cc:79:execute$23051: $abc$18193$abc$11031$memory\rf$wrmux[3][0][0]$y$1277[26] -> $abc$11031$memory\rf$wrmux[3][0][0]$y$1277[26]
Added ysyx_25030085_RegisterFile.$auto$insbuf.cc:79:execute$23052: \wdata [27] -> $abc$18193$wdata[27]
Added ysyx_25030085_RegisterFile.$auto$insbuf.cc:79:execute$23053: $abc$18193$abc$11031$memory\rf$wrmux[3][0][0]$y$1277[27] -> $abc$11031$memory\rf$wrmux[3][0][0]$y$1277[27]
Added ysyx_25030085_RegisterFile.$auto$insbuf.cc:79:execute$23054: \wdata [28] -> $abc$18193$wdata[28]
Added ysyx_25030085_RegisterFile.$auto$insbuf.cc:79:execute$23055: $abc$18193$abc$11031$memory\rf$wrmux[3][0][0]$y$1277[28] -> $abc$11031$memory\rf$wrmux[3][0][0]$y$1277[28]
Added ysyx_25030085_RegisterFile.$auto$insbuf.cc:79:execute$23056: \wdata [29] -> $abc$18193$wdata[29]
Added ysyx_25030085_RegisterFile.$auto$insbuf.cc:79:execute$23057: $abc$18193$abc$11031$memory\rf$wrmux[3][0][0]$y$1277[29] -> $abc$11031$memory\rf$wrmux[3][0][0]$y$1277[29]
Added ysyx_25030085_RegisterFile.$auto$insbuf.cc:79:execute$23058: \wdata [30] -> $abc$18193$wdata[30]
Added ysyx_25030085_RegisterFile.$auto$insbuf.cc:79:execute$23059: $abc$18193$abc$11031$memory\rf$wrmux[3][0][0]$y$1277[30] -> $abc$11031$memory\rf$wrmux[3][0][0]$y$1277[30]
Added ysyx_25030085_RegisterFile.$auto$insbuf.cc:79:execute$23060: \wdata [31] -> $abc$18193$wdata[31]
Added ysyx_25030085_RegisterFile.$auto$insbuf.cc:79:execute$23061: $abc$18193$abc$11031$memory\rf$wrmux[3][0][0]$y$1277[31] -> $abc$11031$memory\rf$wrmux[3][0][0]$y$1277[31]
Added ysyx_25030085_RegisterFile.$auto$insbuf.cc:79:execute$23062: $abc$18193$abc$11031$memory\rf$wrmux[6][0][0]$y$1337[0] -> $abc$11031$memory\rf$wrmux[6][0][0]$y$1337[0]
Added ysyx_25030085_RegisterFile.$auto$insbuf.cc:79:execute$23063: $abc$18193$abc$11031$memory\rf$wrmux[6][0][0]$y$1337[1] -> $abc$11031$memory\rf$wrmux[6][0][0]$y$1337[1]
Added ysyx_25030085_RegisterFile.$auto$insbuf.cc:79:execute$23064: $abc$18193$abc$11031$memory\rf$wrmux[6][0][0]$y$1337[2] -> $abc$11031$memory\rf$wrmux[6][0][0]$y$1337[2]
Added ysyx_25030085_RegisterFile.$auto$insbuf.cc:79:execute$23065: $abc$18193$abc$11031$memory\rf$wrmux[6][0][0]$y$1337[3] -> $abc$11031$memory\rf$wrmux[6][0][0]$y$1337[3]
Added ysyx_25030085_RegisterFile.$auto$insbuf.cc:79:execute$23066: $abc$18193$abc$11031$memory\rf$wrmux[6][0][0]$y$1337[4] -> $abc$11031$memory\rf$wrmux[6][0][0]$y$1337[4]
Added ysyx_25030085_RegisterFile.$auto$insbuf.cc:79:execute$23067: $abc$18193$abc$11031$memory\rf$wrmux[6][0][0]$y$1337[5] -> $abc$11031$memory\rf$wrmux[6][0][0]$y$1337[5]
Added ysyx_25030085_RegisterFile.$auto$insbuf.cc:79:execute$23068: $abc$18193$abc$11031$memory\rf$wrmux[6][0][0]$y$1337[6] -> $abc$11031$memory\rf$wrmux[6][0][0]$y$1337[6]
Added ysyx_25030085_RegisterFile.$auto$insbuf.cc:79:execute$23069: $abc$18193$abc$11031$memory\rf$wrmux[6][0][0]$y$1337[7] -> $abc$11031$memory\rf$wrmux[6][0][0]$y$1337[7]
Added ysyx_25030085_RegisterFile.$auto$insbuf.cc:79:execute$23070: $abc$18193$abc$11031$memory\rf$wrmux[6][0][0]$y$1337[8] -> $abc$11031$memory\rf$wrmux[6][0][0]$y$1337[8]
Added ysyx_25030085_RegisterFile.$auto$insbuf.cc:79:execute$23071: $abc$18193$abc$11031$memory\rf$wrmux[6][0][0]$y$1337[9] -> $abc$11031$memory\rf$wrmux[6][0][0]$y$1337[9]
Added ysyx_25030085_RegisterFile.$auto$insbuf.cc:79:execute$23072: $abc$18193$abc$11031$memory\rf$wrmux[6][0][0]$y$1337[10] -> $abc$11031$memory\rf$wrmux[6][0][0]$y$1337[10]
Added ysyx_25030085_RegisterFile.$auto$insbuf.cc:79:execute$23073: $abc$18193$abc$11031$memory\rf$wrmux[6][0][0]$y$1337[11] -> $abc$11031$memory\rf$wrmux[6][0][0]$y$1337[11]
Added ysyx_25030085_RegisterFile.$auto$insbuf.cc:79:execute$23074: $abc$18193$abc$11031$memory\rf$wrmux[6][0][0]$y$1337[12] -> $abc$11031$memory\rf$wrmux[6][0][0]$y$1337[12]
Added ysyx_25030085_RegisterFile.$auto$insbuf.cc:79:execute$23075: $abc$18193$abc$11031$memory\rf$wrmux[6][0][0]$y$1337[13] -> $abc$11031$memory\rf$wrmux[6][0][0]$y$1337[13]
Added ysyx_25030085_RegisterFile.$auto$insbuf.cc:79:execute$23076: $abc$18193$abc$11031$memory\rf$wrmux[6][0][0]$y$1337[14] -> $abc$11031$memory\rf$wrmux[6][0][0]$y$1337[14]
Added ysyx_25030085_RegisterFile.$auto$insbuf.cc:79:execute$23077: $abc$18193$abc$11031$memory\rf$wrmux[6][0][0]$y$1337[15] -> $abc$11031$memory\rf$wrmux[6][0][0]$y$1337[15]
Added ysyx_25030085_RegisterFile.$auto$insbuf.cc:79:execute$23078: $abc$18193$abc$11031$memory\rf$wrmux[6][0][0]$y$1337[16] -> $abc$11031$memory\rf$wrmux[6][0][0]$y$1337[16]
Added ysyx_25030085_RegisterFile.$auto$insbuf.cc:79:execute$23079: $abc$18193$abc$11031$memory\rf$wrmux[6][0][0]$y$1337[17] -> $abc$11031$memory\rf$wrmux[6][0][0]$y$1337[17]
Added ysyx_25030085_RegisterFile.$auto$insbuf.cc:79:execute$23080: $abc$18193$abc$11031$memory\rf$wrmux[6][0][0]$y$1337[18] -> $abc$11031$memory\rf$wrmux[6][0][0]$y$1337[18]
Added ysyx_25030085_RegisterFile.$auto$insbuf.cc:79:execute$23081: $abc$18193$abc$11031$memory\rf$wrmux[6][0][0]$y$1337[19] -> $abc$11031$memory\rf$wrmux[6][0][0]$y$1337[19]
Added ysyx_25030085_RegisterFile.$auto$insbuf.cc:79:execute$23082: $abc$18193$abc$11031$memory\rf$wrmux[6][0][0]$y$1337[20] -> $abc$11031$memory\rf$wrmux[6][0][0]$y$1337[20]
Added ysyx_25030085_RegisterFile.$auto$insbuf.cc:79:execute$23083: $abc$18193$abc$11031$memory\rf$wrmux[6][0][0]$y$1337[21] -> $abc$11031$memory\rf$wrmux[6][0][0]$y$1337[21]
Added ysyx_25030085_RegisterFile.$auto$insbuf.cc:79:execute$23084: $abc$18193$abc$11031$memory\rf$wrmux[6][0][0]$y$1337[22] -> $abc$11031$memory\rf$wrmux[6][0][0]$y$1337[22]
Added ysyx_25030085_RegisterFile.$auto$insbuf.cc:79:execute$23085: $abc$18193$abc$11031$memory\rf$wrmux[6][0][0]$y$1337[23] -> $abc$11031$memory\rf$wrmux[6][0][0]$y$1337[23]
Added ysyx_25030085_RegisterFile.$auto$insbuf.cc:79:execute$23086: $abc$18193$abc$11031$memory\rf$wrmux[6][0][0]$y$1337[24] -> $abc$11031$memory\rf$wrmux[6][0][0]$y$1337[24]
Added ysyx_25030085_RegisterFile.$auto$insbuf.cc:79:execute$23087: $abc$18193$abc$11031$memory\rf$wrmux[6][0][0]$y$1337[25] -> $abc$11031$memory\rf$wrmux[6][0][0]$y$1337[25]
Added ysyx_25030085_RegisterFile.$auto$insbuf.cc:79:execute$23088: $abc$18193$abc$11031$memory\rf$wrmux[6][0][0]$y$1337[26] -> $abc$11031$memory\rf$wrmux[6][0][0]$y$1337[26]
Added ysyx_25030085_RegisterFile.$auto$insbuf.cc:79:execute$23089: $abc$18193$abc$11031$memory\rf$wrmux[6][0][0]$y$1337[27] -> $abc$11031$memory\rf$wrmux[6][0][0]$y$1337[27]
Added ysyx_25030085_RegisterFile.$auto$insbuf.cc:79:execute$23090: $abc$18193$abc$11031$memory\rf$wrmux[6][0][0]$y$1337[28] -> $abc$11031$memory\rf$wrmux[6][0][0]$y$1337[28]
Added ysyx_25030085_RegisterFile.$auto$insbuf.cc:79:execute$23091: $abc$18193$abc$11031$memory\rf$wrmux[6][0][0]$y$1337[29] -> $abc$11031$memory\rf$wrmux[6][0][0]$y$1337[29]
Added ysyx_25030085_RegisterFile.$auto$insbuf.cc:79:execute$23092: $abc$18193$abc$11031$memory\rf$wrmux[6][0][0]$y$1337[30] -> $abc$11031$memory\rf$wrmux[6][0][0]$y$1337[30]
Added ysyx_25030085_RegisterFile.$auto$insbuf.cc:79:execute$23093: $abc$18193$abc$11031$memory\rf$wrmux[6][0][0]$y$1337[31] -> $abc$11031$memory\rf$wrmux[6][0][0]$y$1337[31]
Added ysyx_25030085_RegisterFile.$auto$insbuf.cc:79:execute$23094: $abc$18193$abc$11031$memory\rf$wrmux[0][0][0]$y$1217[0] -> $abc$11031$memory\rf$wrmux[0][0][0]$y$1217[0]
Added ysyx_25030085_RegisterFile.$auto$insbuf.cc:79:execute$23095: $abc$18193$abc$11031$memory\rf$wrmux[0][0][0]$y$1217[1] -> $abc$11031$memory\rf$wrmux[0][0][0]$y$1217[1]
Added ysyx_25030085_RegisterFile.$auto$insbuf.cc:79:execute$23096: $abc$18193$abc$11031$memory\rf$wrmux[0][0][0]$y$1217[2] -> $abc$11031$memory\rf$wrmux[0][0][0]$y$1217[2]
Added ysyx_25030085_RegisterFile.$auto$insbuf.cc:79:execute$23097: $abc$18193$abc$11031$memory\rf$wrmux[0][0][0]$y$1217[3] -> $abc$11031$memory\rf$wrmux[0][0][0]$y$1217[3]
Added ysyx_25030085_RegisterFile.$auto$insbuf.cc:79:execute$23098: $abc$18193$abc$11031$memory\rf$wrmux[0][0][0]$y$1217[4] -> $abc$11031$memory\rf$wrmux[0][0][0]$y$1217[4]
Added ysyx_25030085_RegisterFile.$auto$insbuf.cc:79:execute$23099: $abc$18193$abc$11031$memory\rf$wrmux[0][0][0]$y$1217[5] -> $abc$11031$memory\rf$wrmux[0][0][0]$y$1217[5]
Added ysyx_25030085_RegisterFile.$auto$insbuf.cc:79:execute$23100: $abc$18193$abc$11031$memory\rf$wrmux[0][0][0]$y$1217[6] -> $abc$11031$memory\rf$wrmux[0][0][0]$y$1217[6]
Added ysyx_25030085_RegisterFile.$auto$insbuf.cc:79:execute$23101: $abc$18193$abc$11031$memory\rf$wrmux[0][0][0]$y$1217[7] -> $abc$11031$memory\rf$wrmux[0][0][0]$y$1217[7]
Added ysyx_25030085_RegisterFile.$auto$insbuf.cc:79:execute$23102: $abc$18193$abc$11031$memory\rf$wrmux[0][0][0]$y$1217[8] -> $abc$11031$memory\rf$wrmux[0][0][0]$y$1217[8]
Added ysyx_25030085_RegisterFile.$auto$insbuf.cc:79:execute$23103: $abc$18193$abc$11031$memory\rf$wrmux[0][0][0]$y$1217[9] -> $abc$11031$memory\rf$wrmux[0][0][0]$y$1217[9]
Added ysyx_25030085_RegisterFile.$auto$insbuf.cc:79:execute$23104: $abc$18193$abc$11031$memory\rf$wrmux[0][0][0]$y$1217[10] -> $abc$11031$memory\rf$wrmux[0][0][0]$y$1217[10]
Added ysyx_25030085_RegisterFile.$auto$insbuf.cc:79:execute$23105: $abc$18193$abc$11031$memory\rf$wrmux[0][0][0]$y$1217[11] -> $abc$11031$memory\rf$wrmux[0][0][0]$y$1217[11]
Added ysyx_25030085_RegisterFile.$auto$insbuf.cc:79:execute$23106: $abc$18193$abc$11031$memory\rf$wrmux[0][0][0]$y$1217[12] -> $abc$11031$memory\rf$wrmux[0][0][0]$y$1217[12]
Added ysyx_25030085_RegisterFile.$auto$insbuf.cc:79:execute$23107: $abc$18193$abc$11031$memory\rf$wrmux[0][0][0]$y$1217[13] -> $abc$11031$memory\rf$wrmux[0][0][0]$y$1217[13]
Added ysyx_25030085_RegisterFile.$auto$insbuf.cc:79:execute$23108: $abc$18193$abc$11031$memory\rf$wrmux[0][0][0]$y$1217[14] -> $abc$11031$memory\rf$wrmux[0][0][0]$y$1217[14]
Added ysyx_25030085_RegisterFile.$auto$insbuf.cc:79:execute$23109: $abc$18193$abc$11031$memory\rf$wrmux[0][0][0]$y$1217[15] -> $abc$11031$memory\rf$wrmux[0][0][0]$y$1217[15]
Added ysyx_25030085_RegisterFile.$auto$insbuf.cc:79:execute$23110: $abc$18193$abc$11031$memory\rf$wrmux[0][0][0]$y$1217[16] -> $abc$11031$memory\rf$wrmux[0][0][0]$y$1217[16]
Added ysyx_25030085_RegisterFile.$auto$insbuf.cc:79:execute$23111: $abc$18193$abc$11031$memory\rf$wrmux[0][0][0]$y$1217[17] -> $abc$11031$memory\rf$wrmux[0][0][0]$y$1217[17]
Added ysyx_25030085_RegisterFile.$auto$insbuf.cc:79:execute$23112: $abc$18193$abc$11031$memory\rf$wrmux[0][0][0]$y$1217[18] -> $abc$11031$memory\rf$wrmux[0][0][0]$y$1217[18]
Added ysyx_25030085_RegisterFile.$auto$insbuf.cc:79:execute$23113: $abc$18193$abc$11031$memory\rf$wrmux[0][0][0]$y$1217[19] -> $abc$11031$memory\rf$wrmux[0][0][0]$y$1217[19]
Added ysyx_25030085_RegisterFile.$auto$insbuf.cc:79:execute$23114: $abc$18193$abc$11031$memory\rf$wrmux[0][0][0]$y$1217[20] -> $abc$11031$memory\rf$wrmux[0][0][0]$y$1217[20]
Added ysyx_25030085_RegisterFile.$auto$insbuf.cc:79:execute$23115: $abc$18193$abc$11031$memory\rf$wrmux[0][0][0]$y$1217[21] -> $abc$11031$memory\rf$wrmux[0][0][0]$y$1217[21]
Added ysyx_25030085_RegisterFile.$auto$insbuf.cc:79:execute$23116: $abc$18193$abc$11031$memory\rf$wrmux[0][0][0]$y$1217[22] -> $abc$11031$memory\rf$wrmux[0][0][0]$y$1217[22]
Added ysyx_25030085_RegisterFile.$auto$insbuf.cc:79:execute$23117: $abc$18193$abc$11031$memory\rf$wrmux[0][0][0]$y$1217[23] -> $abc$11031$memory\rf$wrmux[0][0][0]$y$1217[23]
Added ysyx_25030085_RegisterFile.$auto$insbuf.cc:79:execute$23118: $abc$18193$abc$11031$memory\rf$wrmux[0][0][0]$y$1217[24] -> $abc$11031$memory\rf$wrmux[0][0][0]$y$1217[24]
Added ysyx_25030085_RegisterFile.$auto$insbuf.cc:79:execute$23119: $abc$18193$abc$11031$memory\rf$wrmux[0][0][0]$y$1217[25] -> $abc$11031$memory\rf$wrmux[0][0][0]$y$1217[25]
Added ysyx_25030085_RegisterFile.$auto$insbuf.cc:79:execute$23120: $abc$18193$abc$11031$memory\rf$wrmux[0][0][0]$y$1217[26] -> $abc$11031$memory\rf$wrmux[0][0][0]$y$1217[26]
Added ysyx_25030085_RegisterFile.$auto$insbuf.cc:79:execute$23121: $abc$18193$abc$11031$memory\rf$wrmux[0][0][0]$y$1217[27] -> $abc$11031$memory\rf$wrmux[0][0][0]$y$1217[27]
Added ysyx_25030085_RegisterFile.$auto$insbuf.cc:79:execute$23122: $abc$18193$abc$11031$memory\rf$wrmux[0][0][0]$y$1217[28] -> $abc$11031$memory\rf$wrmux[0][0][0]$y$1217[28]
Added ysyx_25030085_RegisterFile.$auto$insbuf.cc:79:execute$23123: $abc$18193$abc$11031$memory\rf$wrmux[0][0][0]$y$1217[29] -> $abc$11031$memory\rf$wrmux[0][0][0]$y$1217[29]
Added ysyx_25030085_RegisterFile.$auto$insbuf.cc:79:execute$23124: $abc$18193$abc$11031$memory\rf$wrmux[0][0][0]$y$1217[30] -> $abc$11031$memory\rf$wrmux[0][0][0]$y$1217[30]
Added ysyx_25030085_RegisterFile.$auto$insbuf.cc:79:execute$23125: $abc$18193$abc$11031$memory\rf$wrmux[0][0][0]$y$1217[31] -> $abc$11031$memory\rf$wrmux[0][0][0]$y$1217[31]
Added ysyx_25030085_RegisterFile.$auto$insbuf.cc:79:execute$23126: $abc$18193$abc$11031$memory\rf$wrmux[14][0][0]$y$1497[0] -> $abc$11031$memory\rf$wrmux[14][0][0]$y$1497[0]
Added ysyx_25030085_RegisterFile.$auto$insbuf.cc:79:execute$23127: $abc$18193$abc$11031$memory\rf$wrmux[14][0][0]$y$1497[1] -> $abc$11031$memory\rf$wrmux[14][0][0]$y$1497[1]
Added ysyx_25030085_RegisterFile.$auto$insbuf.cc:79:execute$23128: $abc$18193$abc$11031$memory\rf$wrmux[14][0][0]$y$1497[2] -> $abc$11031$memory\rf$wrmux[14][0][0]$y$1497[2]
Added ysyx_25030085_RegisterFile.$auto$insbuf.cc:79:execute$23129: $abc$18193$abc$11031$memory\rf$wrmux[14][0][0]$y$1497[3] -> $abc$11031$memory\rf$wrmux[14][0][0]$y$1497[3]
Added ysyx_25030085_RegisterFile.$auto$insbuf.cc:79:execute$23130: $abc$18193$abc$11031$memory\rf$wrmux[14][0][0]$y$1497[4] -> $abc$11031$memory\rf$wrmux[14][0][0]$y$1497[4]
Added ysyx_25030085_RegisterFile.$auto$insbuf.cc:79:execute$23131: $abc$18193$abc$11031$memory\rf$wrmux[14][0][0]$y$1497[5] -> $abc$11031$memory\rf$wrmux[14][0][0]$y$1497[5]
Added ysyx_25030085_RegisterFile.$auto$insbuf.cc:79:execute$23132: $abc$18193$abc$11031$memory\rf$wrmux[14][0][0]$y$1497[6] -> $abc$11031$memory\rf$wrmux[14][0][0]$y$1497[6]
Added ysyx_25030085_RegisterFile.$auto$insbuf.cc:79:execute$23133: $abc$18193$abc$11031$memory\rf$wrmux[14][0][0]$y$1497[7] -> $abc$11031$memory\rf$wrmux[14][0][0]$y$1497[7]
Added ysyx_25030085_RegisterFile.$auto$insbuf.cc:79:execute$23134: $abc$18193$abc$11031$memory\rf$wrmux[14][0][0]$y$1497[8] -> $abc$11031$memory\rf$wrmux[14][0][0]$y$1497[8]
Added ysyx_25030085_RegisterFile.$auto$insbuf.cc:79:execute$23135: $abc$18193$abc$11031$memory\rf$wrmux[14][0][0]$y$1497[9] -> $abc$11031$memory\rf$wrmux[14][0][0]$y$1497[9]
Added ysyx_25030085_RegisterFile.$auto$insbuf.cc:79:execute$23136: $abc$18193$abc$11031$memory\rf$wrmux[14][0][0]$y$1497[10] -> $abc$11031$memory\rf$wrmux[14][0][0]$y$1497[10]
Added ysyx_25030085_RegisterFile.$auto$insbuf.cc:79:execute$23137: $abc$18193$abc$11031$memory\rf$wrmux[14][0][0]$y$1497[11] -> $abc$11031$memory\rf$wrmux[14][0][0]$y$1497[11]
Added ysyx_25030085_RegisterFile.$auto$insbuf.cc:79:execute$23138: $abc$18193$abc$11031$memory\rf$wrmux[14][0][0]$y$1497[12] -> $abc$11031$memory\rf$wrmux[14][0][0]$y$1497[12]
Added ysyx_25030085_RegisterFile.$auto$insbuf.cc:79:execute$23139: $abc$18193$abc$11031$memory\rf$wrmux[14][0][0]$y$1497[13] -> $abc$11031$memory\rf$wrmux[14][0][0]$y$1497[13]
Added ysyx_25030085_RegisterFile.$auto$insbuf.cc:79:execute$23140: $abc$18193$abc$11031$memory\rf$wrmux[14][0][0]$y$1497[14] -> $abc$11031$memory\rf$wrmux[14][0][0]$y$1497[14]
Added ysyx_25030085_RegisterFile.$auto$insbuf.cc:79:execute$23141: $abc$18193$abc$11031$memory\rf$wrmux[14][0][0]$y$1497[15] -> $abc$11031$memory\rf$wrmux[14][0][0]$y$1497[15]
Added ysyx_25030085_RegisterFile.$auto$insbuf.cc:79:execute$23142: $abc$18193$abc$11031$memory\rf$wrmux[14][0][0]$y$1497[16] -> $abc$11031$memory\rf$wrmux[14][0][0]$y$1497[16]
Added ysyx_25030085_RegisterFile.$auto$insbuf.cc:79:execute$23143: $abc$18193$abc$11031$memory\rf$wrmux[14][0][0]$y$1497[17] -> $abc$11031$memory\rf$wrmux[14][0][0]$y$1497[17]
Added ysyx_25030085_RegisterFile.$auto$insbuf.cc:79:execute$23144: $abc$18193$abc$11031$memory\rf$wrmux[14][0][0]$y$1497[18] -> $abc$11031$memory\rf$wrmux[14][0][0]$y$1497[18]
Added ysyx_25030085_RegisterFile.$auto$insbuf.cc:79:execute$23145: $abc$18193$abc$11031$memory\rf$wrmux[14][0][0]$y$1497[19] -> $abc$11031$memory\rf$wrmux[14][0][0]$y$1497[19]
Added ysyx_25030085_RegisterFile.$auto$insbuf.cc:79:execute$23146: $abc$18193$abc$11031$memory\rf$wrmux[14][0][0]$y$1497[20] -> $abc$11031$memory\rf$wrmux[14][0][0]$y$1497[20]
Added ysyx_25030085_RegisterFile.$auto$insbuf.cc:79:execute$23147: $abc$18193$abc$11031$memory\rf$wrmux[14][0][0]$y$1497[21] -> $abc$11031$memory\rf$wrmux[14][0][0]$y$1497[21]
Added ysyx_25030085_RegisterFile.$auto$insbuf.cc:79:execute$23148: $abc$18193$abc$11031$memory\rf$wrmux[14][0][0]$y$1497[22] -> $abc$11031$memory\rf$wrmux[14][0][0]$y$1497[22]
Added ysyx_25030085_RegisterFile.$auto$insbuf.cc:79:execute$23149: $abc$18193$abc$11031$memory\rf$wrmux[14][0][0]$y$1497[23] -> $abc$11031$memory\rf$wrmux[14][0][0]$y$1497[23]
Added ysyx_25030085_RegisterFile.$auto$insbuf.cc:79:execute$23150: $abc$18193$abc$11031$memory\rf$wrmux[14][0][0]$y$1497[24] -> $abc$11031$memory\rf$wrmux[14][0][0]$y$1497[24]
Added ysyx_25030085_RegisterFile.$auto$insbuf.cc:79:execute$23151: $abc$18193$abc$11031$memory\rf$wrmux[14][0][0]$y$1497[25] -> $abc$11031$memory\rf$wrmux[14][0][0]$y$1497[25]
Added ysyx_25030085_RegisterFile.$auto$insbuf.cc:79:execute$23152: $abc$18193$abc$11031$memory\rf$wrmux[14][0][0]$y$1497[26] -> $abc$11031$memory\rf$wrmux[14][0][0]$y$1497[26]
Added ysyx_25030085_RegisterFile.$auto$insbuf.cc:79:execute$23153: $abc$18193$abc$11031$memory\rf$wrmux[14][0][0]$y$1497[27] -> $abc$11031$memory\rf$wrmux[14][0][0]$y$1497[27]
Added ysyx_25030085_RegisterFile.$auto$insbuf.cc:79:execute$23154: $abc$18193$abc$11031$memory\rf$wrmux[14][0][0]$y$1497[28] -> $abc$11031$memory\rf$wrmux[14][0][0]$y$1497[28]
Added ysyx_25030085_RegisterFile.$auto$insbuf.cc:79:execute$23155: $abc$18193$abc$11031$memory\rf$wrmux[14][0][0]$y$1497[29] -> $abc$11031$memory\rf$wrmux[14][0][0]$y$1497[29]
Added ysyx_25030085_RegisterFile.$auto$insbuf.cc:79:execute$23156: $abc$18193$abc$11031$memory\rf$wrmux[14][0][0]$y$1497[30] -> $abc$11031$memory\rf$wrmux[14][0][0]$y$1497[30]
Added ysyx_25030085_RegisterFile.$auto$insbuf.cc:79:execute$23157: $abc$18193$abc$11031$memory\rf$wrmux[14][0][0]$y$1497[31] -> $abc$11031$memory\rf$wrmux[14][0][0]$y$1497[31]
Added ysyx_25030085_RegisterFile.$auto$insbuf.cc:79:execute$23158: $abc$18193$abc$11031$memory\rf$wrmux[13][0][0]$y$1477[0] -> $abc$11031$memory\rf$wrmux[13][0][0]$y$1477[0]
Added ysyx_25030085_RegisterFile.$auto$insbuf.cc:79:execute$23159: $abc$18193$abc$11031$memory\rf$wrmux[13][0][0]$y$1477[1] -> $abc$11031$memory\rf$wrmux[13][0][0]$y$1477[1]
Added ysyx_25030085_RegisterFile.$auto$insbuf.cc:79:execute$23160: $abc$18193$abc$11031$memory\rf$wrmux[13][0][0]$y$1477[2] -> $abc$11031$memory\rf$wrmux[13][0][0]$y$1477[2]
Added ysyx_25030085_RegisterFile.$auto$insbuf.cc:79:execute$23161: $abc$18193$abc$11031$memory\rf$wrmux[13][0][0]$y$1477[3] -> $abc$11031$memory\rf$wrmux[13][0][0]$y$1477[3]
Added ysyx_25030085_RegisterFile.$auto$insbuf.cc:79:execute$23162: $abc$18193$abc$11031$memory\rf$wrmux[13][0][0]$y$1477[4] -> $abc$11031$memory\rf$wrmux[13][0][0]$y$1477[4]
Added ysyx_25030085_RegisterFile.$auto$insbuf.cc:79:execute$23163: $abc$18193$abc$11031$memory\rf$wrmux[13][0][0]$y$1477[5] -> $abc$11031$memory\rf$wrmux[13][0][0]$y$1477[5]
Added ysyx_25030085_RegisterFile.$auto$insbuf.cc:79:execute$23164: $abc$18193$abc$11031$memory\rf$wrmux[13][0][0]$y$1477[6] -> $abc$11031$memory\rf$wrmux[13][0][0]$y$1477[6]
Added ysyx_25030085_RegisterFile.$auto$insbuf.cc:79:execute$23165: $abc$18193$abc$11031$memory\rf$wrmux[13][0][0]$y$1477[7] -> $abc$11031$memory\rf$wrmux[13][0][0]$y$1477[7]
Added ysyx_25030085_RegisterFile.$auto$insbuf.cc:79:execute$23166: $abc$18193$abc$11031$memory\rf$wrmux[13][0][0]$y$1477[8] -> $abc$11031$memory\rf$wrmux[13][0][0]$y$1477[8]
Added ysyx_25030085_RegisterFile.$auto$insbuf.cc:79:execute$23167: $abc$18193$abc$11031$memory\rf$wrmux[13][0][0]$y$1477[9] -> $abc$11031$memory\rf$wrmux[13][0][0]$y$1477[9]
Added ysyx_25030085_RegisterFile.$auto$insbuf.cc:79:execute$23168: $abc$18193$abc$11031$memory\rf$wrmux[13][0][0]$y$1477[10] -> $abc$11031$memory\rf$wrmux[13][0][0]$y$1477[10]
Added ysyx_25030085_RegisterFile.$auto$insbuf.cc:79:execute$23169: $abc$18193$abc$11031$memory\rf$wrmux[13][0][0]$y$1477[11] -> $abc$11031$memory\rf$wrmux[13][0][0]$y$1477[11]
Added ysyx_25030085_RegisterFile.$auto$insbuf.cc:79:execute$23170: $abc$18193$abc$11031$memory\rf$wrmux[13][0][0]$y$1477[12] -> $abc$11031$memory\rf$wrmux[13][0][0]$y$1477[12]
Added ysyx_25030085_RegisterFile.$auto$insbuf.cc:79:execute$23171: $abc$18193$abc$11031$memory\rf$wrmux[13][0][0]$y$1477[13] -> $abc$11031$memory\rf$wrmux[13][0][0]$y$1477[13]
Added ysyx_25030085_RegisterFile.$auto$insbuf.cc:79:execute$23172: $abc$18193$abc$11031$memory\rf$wrmux[13][0][0]$y$1477[14] -> $abc$11031$memory\rf$wrmux[13][0][0]$y$1477[14]
Added ysyx_25030085_RegisterFile.$auto$insbuf.cc:79:execute$23173: $abc$18193$abc$11031$memory\rf$wrmux[13][0][0]$y$1477[15] -> $abc$11031$memory\rf$wrmux[13][0][0]$y$1477[15]
Added ysyx_25030085_RegisterFile.$auto$insbuf.cc:79:execute$23174: $abc$18193$abc$11031$memory\rf$wrmux[13][0][0]$y$1477[16] -> $abc$11031$memory\rf$wrmux[13][0][0]$y$1477[16]
Added ysyx_25030085_RegisterFile.$auto$insbuf.cc:79:execute$23175: $abc$18193$abc$11031$memory\rf$wrmux[13][0][0]$y$1477[17] -> $abc$11031$memory\rf$wrmux[13][0][0]$y$1477[17]
Added ysyx_25030085_RegisterFile.$auto$insbuf.cc:79:execute$23176: $abc$18193$abc$11031$memory\rf$wrmux[13][0][0]$y$1477[18] -> $abc$11031$memory\rf$wrmux[13][0][0]$y$1477[18]
Added ysyx_25030085_RegisterFile.$auto$insbuf.cc:79:execute$23177: $abc$18193$abc$11031$memory\rf$wrmux[13][0][0]$y$1477[19] -> $abc$11031$memory\rf$wrmux[13][0][0]$y$1477[19]
Added ysyx_25030085_RegisterFile.$auto$insbuf.cc:79:execute$23178: $abc$18193$abc$11031$memory\rf$wrmux[13][0][0]$y$1477[20] -> $abc$11031$memory\rf$wrmux[13][0][0]$y$1477[20]
Added ysyx_25030085_RegisterFile.$auto$insbuf.cc:79:execute$23179: $abc$18193$abc$11031$memory\rf$wrmux[13][0][0]$y$1477[21] -> $abc$11031$memory\rf$wrmux[13][0][0]$y$1477[21]
Added ysyx_25030085_RegisterFile.$auto$insbuf.cc:79:execute$23180: $abc$18193$abc$11031$memory\rf$wrmux[13][0][0]$y$1477[22] -> $abc$11031$memory\rf$wrmux[13][0][0]$y$1477[22]
Added ysyx_25030085_RegisterFile.$auto$insbuf.cc:79:execute$23181: $abc$18193$abc$11031$memory\rf$wrmux[13][0][0]$y$1477[23] -> $abc$11031$memory\rf$wrmux[13][0][0]$y$1477[23]
Added ysyx_25030085_RegisterFile.$auto$insbuf.cc:79:execute$23182: $abc$18193$abc$11031$memory\rf$wrmux[13][0][0]$y$1477[24] -> $abc$11031$memory\rf$wrmux[13][0][0]$y$1477[24]
Added ysyx_25030085_RegisterFile.$auto$insbuf.cc:79:execute$23183: $abc$18193$abc$11031$memory\rf$wrmux[13][0][0]$y$1477[25] -> $abc$11031$memory\rf$wrmux[13][0][0]$y$1477[25]
Added ysyx_25030085_RegisterFile.$auto$insbuf.cc:79:execute$23184: $abc$18193$abc$11031$memory\rf$wrmux[13][0][0]$y$1477[26] -> $abc$11031$memory\rf$wrmux[13][0][0]$y$1477[26]
Added ysyx_25030085_RegisterFile.$auto$insbuf.cc:79:execute$23185: $abc$18193$abc$11031$memory\rf$wrmux[13][0][0]$y$1477[27] -> $abc$11031$memory\rf$wrmux[13][0][0]$y$1477[27]
Added ysyx_25030085_RegisterFile.$auto$insbuf.cc:79:execute$23186: $abc$18193$abc$11031$memory\rf$wrmux[13][0][0]$y$1477[28] -> $abc$11031$memory\rf$wrmux[13][0][0]$y$1477[28]
Added ysyx_25030085_RegisterFile.$auto$insbuf.cc:79:execute$23187: $abc$18193$abc$11031$memory\rf$wrmux[13][0][0]$y$1477[29] -> $abc$11031$memory\rf$wrmux[13][0][0]$y$1477[29]
Added ysyx_25030085_RegisterFile.$auto$insbuf.cc:79:execute$23188: $abc$18193$abc$11031$memory\rf$wrmux[13][0][0]$y$1477[30] -> $abc$11031$memory\rf$wrmux[13][0][0]$y$1477[30]
Added ysyx_25030085_RegisterFile.$auto$insbuf.cc:79:execute$23189: $abc$18193$abc$11031$memory\rf$wrmux[13][0][0]$y$1477[31] -> $abc$11031$memory\rf$wrmux[13][0][0]$y$1477[31]
Added ysyx_25030085_RegisterFile.$auto$insbuf.cc:79:execute$23190: $abc$18193$abc$11031$memory\rf$wrmux[12][0][0]$y$1457[0] -> $abc$11031$memory\rf$wrmux[12][0][0]$y$1457[0]
Added ysyx_25030085_RegisterFile.$auto$insbuf.cc:79:execute$23191: $abc$18193$abc$11031$memory\rf$wrmux[12][0][0]$y$1457[1] -> $abc$11031$memory\rf$wrmux[12][0][0]$y$1457[1]
Added ysyx_25030085_RegisterFile.$auto$insbuf.cc:79:execute$23192: $abc$18193$abc$11031$memory\rf$wrmux[12][0][0]$y$1457[2] -> $abc$11031$memory\rf$wrmux[12][0][0]$y$1457[2]
Added ysyx_25030085_RegisterFile.$auto$insbuf.cc:79:execute$23193: $abc$18193$abc$11031$memory\rf$wrmux[12][0][0]$y$1457[3] -> $abc$11031$memory\rf$wrmux[12][0][0]$y$1457[3]
Added ysyx_25030085_RegisterFile.$auto$insbuf.cc:79:execute$23194: $abc$18193$abc$11031$memory\rf$wrmux[12][0][0]$y$1457[4] -> $abc$11031$memory\rf$wrmux[12][0][0]$y$1457[4]
Added ysyx_25030085_RegisterFile.$auto$insbuf.cc:79:execute$23195: $abc$18193$abc$11031$memory\rf$wrmux[12][0][0]$y$1457[5] -> $abc$11031$memory\rf$wrmux[12][0][0]$y$1457[5]
Added ysyx_25030085_RegisterFile.$auto$insbuf.cc:79:execute$23196: $abc$18193$abc$11031$memory\rf$wrmux[12][0][0]$y$1457[6] -> $abc$11031$memory\rf$wrmux[12][0][0]$y$1457[6]
Added ysyx_25030085_RegisterFile.$auto$insbuf.cc:79:execute$23197: $abc$18193$abc$11031$memory\rf$wrmux[12][0][0]$y$1457[7] -> $abc$11031$memory\rf$wrmux[12][0][0]$y$1457[7]
Added ysyx_25030085_RegisterFile.$auto$insbuf.cc:79:execute$23198: $abc$18193$abc$11031$memory\rf$wrmux[12][0][0]$y$1457[8] -> $abc$11031$memory\rf$wrmux[12][0][0]$y$1457[8]
Added ysyx_25030085_RegisterFile.$auto$insbuf.cc:79:execute$23199: $abc$18193$abc$11031$memory\rf$wrmux[12][0][0]$y$1457[9] -> $abc$11031$memory\rf$wrmux[12][0][0]$y$1457[9]
Added ysyx_25030085_RegisterFile.$auto$insbuf.cc:79:execute$23200: $abc$18193$abc$11031$memory\rf$wrmux[12][0][0]$y$1457[10] -> $abc$11031$memory\rf$wrmux[12][0][0]$y$1457[10]
Added ysyx_25030085_RegisterFile.$auto$insbuf.cc:79:execute$23201: $abc$18193$abc$11031$memory\rf$wrmux[12][0][0]$y$1457[11] -> $abc$11031$memory\rf$wrmux[12][0][0]$y$1457[11]
Added ysyx_25030085_RegisterFile.$auto$insbuf.cc:79:execute$23202: $abc$18193$abc$11031$memory\rf$wrmux[12][0][0]$y$1457[12] -> $abc$11031$memory\rf$wrmux[12][0][0]$y$1457[12]
Added ysyx_25030085_RegisterFile.$auto$insbuf.cc:79:execute$23203: $abc$18193$abc$11031$memory\rf$wrmux[12][0][0]$y$1457[13] -> $abc$11031$memory\rf$wrmux[12][0][0]$y$1457[13]
Added ysyx_25030085_RegisterFile.$auto$insbuf.cc:79:execute$23204: $abc$18193$abc$11031$memory\rf$wrmux[12][0][0]$y$1457[14] -> $abc$11031$memory\rf$wrmux[12][0][0]$y$1457[14]
Added ysyx_25030085_RegisterFile.$auto$insbuf.cc:79:execute$23205: $abc$18193$abc$11031$memory\rf$wrmux[12][0][0]$y$1457[15] -> $abc$11031$memory\rf$wrmux[12][0][0]$y$1457[15]
Added ysyx_25030085_RegisterFile.$auto$insbuf.cc:79:execute$23206: $abc$18193$abc$11031$memory\rf$wrmux[12][0][0]$y$1457[16] -> $abc$11031$memory\rf$wrmux[12][0][0]$y$1457[16]
Added ysyx_25030085_RegisterFile.$auto$insbuf.cc:79:execute$23207: $abc$18193$abc$11031$memory\rf$wrmux[12][0][0]$y$1457[17] -> $abc$11031$memory\rf$wrmux[12][0][0]$y$1457[17]
Added ysyx_25030085_RegisterFile.$auto$insbuf.cc:79:execute$23208: $abc$18193$abc$11031$memory\rf$wrmux[12][0][0]$y$1457[18] -> $abc$11031$memory\rf$wrmux[12][0][0]$y$1457[18]
Added ysyx_25030085_RegisterFile.$auto$insbuf.cc:79:execute$23209: $abc$18193$abc$11031$memory\rf$wrmux[12][0][0]$y$1457[19] -> $abc$11031$memory\rf$wrmux[12][0][0]$y$1457[19]
Added ysyx_25030085_RegisterFile.$auto$insbuf.cc:79:execute$23210: $abc$18193$abc$11031$memory\rf$wrmux[12][0][0]$y$1457[20] -> $abc$11031$memory\rf$wrmux[12][0][0]$y$1457[20]
Added ysyx_25030085_RegisterFile.$auto$insbuf.cc:79:execute$23211: $abc$18193$abc$11031$memory\rf$wrmux[12][0][0]$y$1457[21] -> $abc$11031$memory\rf$wrmux[12][0][0]$y$1457[21]
Added ysyx_25030085_RegisterFile.$auto$insbuf.cc:79:execute$23212: $abc$18193$abc$11031$memory\rf$wrmux[12][0][0]$y$1457[22] -> $abc$11031$memory\rf$wrmux[12][0][0]$y$1457[22]
Added ysyx_25030085_RegisterFile.$auto$insbuf.cc:79:execute$23213: $abc$18193$abc$11031$memory\rf$wrmux[12][0][0]$y$1457[23] -> $abc$11031$memory\rf$wrmux[12][0][0]$y$1457[23]
Added ysyx_25030085_RegisterFile.$auto$insbuf.cc:79:execute$23214: $abc$18193$abc$11031$memory\rf$wrmux[12][0][0]$y$1457[24] -> $abc$11031$memory\rf$wrmux[12][0][0]$y$1457[24]
Added ysyx_25030085_RegisterFile.$auto$insbuf.cc:79:execute$23215: $abc$18193$abc$11031$memory\rf$wrmux[12][0][0]$y$1457[25] -> $abc$11031$memory\rf$wrmux[12][0][0]$y$1457[25]
Added ysyx_25030085_RegisterFile.$auto$insbuf.cc:79:execute$23216: $abc$18193$abc$11031$memory\rf$wrmux[12][0][0]$y$1457[26] -> $abc$11031$memory\rf$wrmux[12][0][0]$y$1457[26]
Added ysyx_25030085_RegisterFile.$auto$insbuf.cc:79:execute$23217: $abc$18193$abc$11031$memory\rf$wrmux[12][0][0]$y$1457[27] -> $abc$11031$memory\rf$wrmux[12][0][0]$y$1457[27]
Added ysyx_25030085_RegisterFile.$auto$insbuf.cc:79:execute$23218: $abc$18193$abc$11031$memory\rf$wrmux[12][0][0]$y$1457[28] -> $abc$11031$memory\rf$wrmux[12][0][0]$y$1457[28]
Added ysyx_25030085_RegisterFile.$auto$insbuf.cc:79:execute$23219: $abc$18193$abc$11031$memory\rf$wrmux[12][0][0]$y$1457[29] -> $abc$11031$memory\rf$wrmux[12][0][0]$y$1457[29]
Added ysyx_25030085_RegisterFile.$auto$insbuf.cc:79:execute$23220: $abc$18193$abc$11031$memory\rf$wrmux[12][0][0]$y$1457[30] -> $abc$11031$memory\rf$wrmux[12][0][0]$y$1457[30]
Added ysyx_25030085_RegisterFile.$auto$insbuf.cc:79:execute$23221: $abc$18193$abc$11031$memory\rf$wrmux[12][0][0]$y$1457[31] -> $abc$11031$memory\rf$wrmux[12][0][0]$y$1457[31]
Added ysyx_25030085_RegisterFile.$auto$insbuf.cc:79:execute$23222: $abc$18193$abc$11031$memory\rf$wrmux[1][0][0]$y$1237[0] -> $abc$11031$memory\rf$wrmux[1][0][0]$y$1237[0]
Added ysyx_25030085_RegisterFile.$auto$insbuf.cc:79:execute$23223: $abc$18193$abc$11031$memory\rf$wrmux[1][0][0]$y$1237[1] -> $abc$11031$memory\rf$wrmux[1][0][0]$y$1237[1]
Added ysyx_25030085_RegisterFile.$auto$insbuf.cc:79:execute$23224: $abc$18193$abc$11031$memory\rf$wrmux[1][0][0]$y$1237[2] -> $abc$11031$memory\rf$wrmux[1][0][0]$y$1237[2]
Added ysyx_25030085_RegisterFile.$auto$insbuf.cc:79:execute$23225: $abc$18193$abc$11031$memory\rf$wrmux[1][0][0]$y$1237[3] -> $abc$11031$memory\rf$wrmux[1][0][0]$y$1237[3]
Added ysyx_25030085_RegisterFile.$auto$insbuf.cc:79:execute$23226: $abc$18193$abc$11031$memory\rf$wrmux[1][0][0]$y$1237[4] -> $abc$11031$memory\rf$wrmux[1][0][0]$y$1237[4]
Added ysyx_25030085_RegisterFile.$auto$insbuf.cc:79:execute$23227: $abc$18193$abc$11031$memory\rf$wrmux[1][0][0]$y$1237[5] -> $abc$11031$memory\rf$wrmux[1][0][0]$y$1237[5]
Added ysyx_25030085_RegisterFile.$auto$insbuf.cc:79:execute$23228: $abc$18193$abc$11031$memory\rf$wrmux[1][0][0]$y$1237[6] -> $abc$11031$memory\rf$wrmux[1][0][0]$y$1237[6]
Added ysyx_25030085_RegisterFile.$auto$insbuf.cc:79:execute$23229: $abc$18193$abc$11031$memory\rf$wrmux[1][0][0]$y$1237[7] -> $abc$11031$memory\rf$wrmux[1][0][0]$y$1237[7]
Added ysyx_25030085_RegisterFile.$auto$insbuf.cc:79:execute$23230: $abc$18193$abc$11031$memory\rf$wrmux[1][0][0]$y$1237[8] -> $abc$11031$memory\rf$wrmux[1][0][0]$y$1237[8]
Added ysyx_25030085_RegisterFile.$auto$insbuf.cc:79:execute$23231: $abc$18193$abc$11031$memory\rf$wrmux[1][0][0]$y$1237[9] -> $abc$11031$memory\rf$wrmux[1][0][0]$y$1237[9]
Added ysyx_25030085_RegisterFile.$auto$insbuf.cc:79:execute$23232: $abc$18193$abc$11031$memory\rf$wrmux[1][0][0]$y$1237[10] -> $abc$11031$memory\rf$wrmux[1][0][0]$y$1237[10]
Added ysyx_25030085_RegisterFile.$auto$insbuf.cc:79:execute$23233: $abc$18193$abc$11031$memory\rf$wrmux[1][0][0]$y$1237[11] -> $abc$11031$memory\rf$wrmux[1][0][0]$y$1237[11]
Added ysyx_25030085_RegisterFile.$auto$insbuf.cc:79:execute$23234: $abc$18193$abc$11031$memory\rf$wrmux[1][0][0]$y$1237[12] -> $abc$11031$memory\rf$wrmux[1][0][0]$y$1237[12]
Added ysyx_25030085_RegisterFile.$auto$insbuf.cc:79:execute$23235: $abc$18193$abc$11031$memory\rf$wrmux[1][0][0]$y$1237[13] -> $abc$11031$memory\rf$wrmux[1][0][0]$y$1237[13]
Added ysyx_25030085_RegisterFile.$auto$insbuf.cc:79:execute$23236: $abc$18193$abc$11031$memory\rf$wrmux[1][0][0]$y$1237[14] -> $abc$11031$memory\rf$wrmux[1][0][0]$y$1237[14]
Added ysyx_25030085_RegisterFile.$auto$insbuf.cc:79:execute$23237: $abc$18193$abc$11031$memory\rf$wrmux[1][0][0]$y$1237[15] -> $abc$11031$memory\rf$wrmux[1][0][0]$y$1237[15]
Added ysyx_25030085_RegisterFile.$auto$insbuf.cc:79:execute$23238: $abc$18193$abc$11031$memory\rf$wrmux[1][0][0]$y$1237[16] -> $abc$11031$memory\rf$wrmux[1][0][0]$y$1237[16]
Added ysyx_25030085_RegisterFile.$auto$insbuf.cc:79:execute$23239: $abc$18193$abc$11031$memory\rf$wrmux[1][0][0]$y$1237[17] -> $abc$11031$memory\rf$wrmux[1][0][0]$y$1237[17]
Added ysyx_25030085_RegisterFile.$auto$insbuf.cc:79:execute$23240: $abc$18193$abc$11031$memory\rf$wrmux[1][0][0]$y$1237[18] -> $abc$11031$memory\rf$wrmux[1][0][0]$y$1237[18]
Added ysyx_25030085_RegisterFile.$auto$insbuf.cc:79:execute$23241: $abc$18193$abc$11031$memory\rf$wrmux[1][0][0]$y$1237[19] -> $abc$11031$memory\rf$wrmux[1][0][0]$y$1237[19]
Added ysyx_25030085_RegisterFile.$auto$insbuf.cc:79:execute$23242: $abc$18193$abc$11031$memory\rf$wrmux[1][0][0]$y$1237[20] -> $abc$11031$memory\rf$wrmux[1][0][0]$y$1237[20]
Added ysyx_25030085_RegisterFile.$auto$insbuf.cc:79:execute$23243: $abc$18193$abc$11031$memory\rf$wrmux[1][0][0]$y$1237[21] -> $abc$11031$memory\rf$wrmux[1][0][0]$y$1237[21]
Added ysyx_25030085_RegisterFile.$auto$insbuf.cc:79:execute$23244: $abc$18193$abc$11031$memory\rf$wrmux[1][0][0]$y$1237[22] -> $abc$11031$memory\rf$wrmux[1][0][0]$y$1237[22]
Added ysyx_25030085_RegisterFile.$auto$insbuf.cc:79:execute$23245: $abc$18193$abc$11031$memory\rf$wrmux[1][0][0]$y$1237[23] -> $abc$11031$memory\rf$wrmux[1][0][0]$y$1237[23]
Added ysyx_25030085_RegisterFile.$auto$insbuf.cc:79:execute$23246: $abc$18193$abc$11031$memory\rf$wrmux[1][0][0]$y$1237[24] -> $abc$11031$memory\rf$wrmux[1][0][0]$y$1237[24]
Added ysyx_25030085_RegisterFile.$auto$insbuf.cc:79:execute$23247: $abc$18193$abc$11031$memory\rf$wrmux[1][0][0]$y$1237[25] -> $abc$11031$memory\rf$wrmux[1][0][0]$y$1237[25]
Added ysyx_25030085_RegisterFile.$auto$insbuf.cc:79:execute$23248: $abc$18193$abc$11031$memory\rf$wrmux[1][0][0]$y$1237[26] -> $abc$11031$memory\rf$wrmux[1][0][0]$y$1237[26]
Added ysyx_25030085_RegisterFile.$auto$insbuf.cc:79:execute$23249: $abc$18193$abc$11031$memory\rf$wrmux[1][0][0]$y$1237[27] -> $abc$11031$memory\rf$wrmux[1][0][0]$y$1237[27]
Added ysyx_25030085_RegisterFile.$auto$insbuf.cc:79:execute$23250: $abc$18193$abc$11031$memory\rf$wrmux[1][0][0]$y$1237[28] -> $abc$11031$memory\rf$wrmux[1][0][0]$y$1237[28]
Added ysyx_25030085_RegisterFile.$auto$insbuf.cc:79:execute$23251: $abc$18193$abc$11031$memory\rf$wrmux[1][0][0]$y$1237[29] -> $abc$11031$memory\rf$wrmux[1][0][0]$y$1237[29]
Added ysyx_25030085_RegisterFile.$auto$insbuf.cc:79:execute$23252: $abc$18193$abc$11031$memory\rf$wrmux[1][0][0]$y$1237[30] -> $abc$11031$memory\rf$wrmux[1][0][0]$y$1237[30]
Added ysyx_25030085_RegisterFile.$auto$insbuf.cc:79:execute$23253: $abc$18193$abc$11031$memory\rf$wrmux[1][0][0]$y$1237[31] -> $abc$11031$memory\rf$wrmux[1][0][0]$y$1237[31]
Added ysyx_25030085_RegisterFile.$auto$insbuf.cc:79:execute$23254: $abc$18193$abc$11031$memory\rf$wrmux[11][0][0]$y$1437[0] -> $abc$11031$memory\rf$wrmux[11][0][0]$y$1437[0]
Added ysyx_25030085_RegisterFile.$auto$insbuf.cc:79:execute$23255: $abc$18193$abc$11031$memory\rf$wrmux[11][0][0]$y$1437[1] -> $abc$11031$memory\rf$wrmux[11][0][0]$y$1437[1]
Added ysyx_25030085_RegisterFile.$auto$insbuf.cc:79:execute$23256: $abc$18193$abc$11031$memory\rf$wrmux[11][0][0]$y$1437[2] -> $abc$11031$memory\rf$wrmux[11][0][0]$y$1437[2]
Added ysyx_25030085_RegisterFile.$auto$insbuf.cc:79:execute$23257: $abc$18193$abc$11031$memory\rf$wrmux[11][0][0]$y$1437[3] -> $abc$11031$memory\rf$wrmux[11][0][0]$y$1437[3]
Added ysyx_25030085_RegisterFile.$auto$insbuf.cc:79:execute$23258: $abc$18193$abc$11031$memory\rf$wrmux[11][0][0]$y$1437[4] -> $abc$11031$memory\rf$wrmux[11][0][0]$y$1437[4]
Added ysyx_25030085_RegisterFile.$auto$insbuf.cc:79:execute$23259: $abc$18193$abc$11031$memory\rf$wrmux[11][0][0]$y$1437[5] -> $abc$11031$memory\rf$wrmux[11][0][0]$y$1437[5]
Added ysyx_25030085_RegisterFile.$auto$insbuf.cc:79:execute$23260: $abc$18193$abc$11031$memory\rf$wrmux[11][0][0]$y$1437[6] -> $abc$11031$memory\rf$wrmux[11][0][0]$y$1437[6]
Added ysyx_25030085_RegisterFile.$auto$insbuf.cc:79:execute$23261: $abc$18193$abc$11031$memory\rf$wrmux[11][0][0]$y$1437[7] -> $abc$11031$memory\rf$wrmux[11][0][0]$y$1437[7]
Added ysyx_25030085_RegisterFile.$auto$insbuf.cc:79:execute$23262: $abc$18193$abc$11031$memory\rf$wrmux[11][0][0]$y$1437[8] -> $abc$11031$memory\rf$wrmux[11][0][0]$y$1437[8]
Added ysyx_25030085_RegisterFile.$auto$insbuf.cc:79:execute$23263: $abc$18193$abc$11031$memory\rf$wrmux[11][0][0]$y$1437[9] -> $abc$11031$memory\rf$wrmux[11][0][0]$y$1437[9]
Added ysyx_25030085_RegisterFile.$auto$insbuf.cc:79:execute$23264: $abc$18193$abc$11031$memory\rf$wrmux[11][0][0]$y$1437[10] -> $abc$11031$memory\rf$wrmux[11][0][0]$y$1437[10]
Added ysyx_25030085_RegisterFile.$auto$insbuf.cc:79:execute$23265: $abc$18193$abc$11031$memory\rf$wrmux[11][0][0]$y$1437[11] -> $abc$11031$memory\rf$wrmux[11][0][0]$y$1437[11]
Added ysyx_25030085_RegisterFile.$auto$insbuf.cc:79:execute$23266: $abc$18193$abc$11031$memory\rf$wrmux[11][0][0]$y$1437[12] -> $abc$11031$memory\rf$wrmux[11][0][0]$y$1437[12]
Added ysyx_25030085_RegisterFile.$auto$insbuf.cc:79:execute$23267: $abc$18193$abc$11031$memory\rf$wrmux[11][0][0]$y$1437[13] -> $abc$11031$memory\rf$wrmux[11][0][0]$y$1437[13]
Added ysyx_25030085_RegisterFile.$auto$insbuf.cc:79:execute$23268: $abc$18193$abc$11031$memory\rf$wrmux[11][0][0]$y$1437[14] -> $abc$11031$memory\rf$wrmux[11][0][0]$y$1437[14]
Added ysyx_25030085_RegisterFile.$auto$insbuf.cc:79:execute$23269: $abc$18193$abc$11031$memory\rf$wrmux[11][0][0]$y$1437[15] -> $abc$11031$memory\rf$wrmux[11][0][0]$y$1437[15]
Added ysyx_25030085_RegisterFile.$auto$insbuf.cc:79:execute$23270: $abc$18193$abc$11031$memory\rf$wrmux[11][0][0]$y$1437[16] -> $abc$11031$memory\rf$wrmux[11][0][0]$y$1437[16]
Added ysyx_25030085_RegisterFile.$auto$insbuf.cc:79:execute$23271: $abc$18193$abc$11031$memory\rf$wrmux[11][0][0]$y$1437[17] -> $abc$11031$memory\rf$wrmux[11][0][0]$y$1437[17]
Added ysyx_25030085_RegisterFile.$auto$insbuf.cc:79:execute$23272: $abc$18193$abc$11031$memory\rf$wrmux[11][0][0]$y$1437[18] -> $abc$11031$memory\rf$wrmux[11][0][0]$y$1437[18]
Added ysyx_25030085_RegisterFile.$auto$insbuf.cc:79:execute$23273: $abc$18193$abc$11031$memory\rf$wrmux[11][0][0]$y$1437[19] -> $abc$11031$memory\rf$wrmux[11][0][0]$y$1437[19]
Added ysyx_25030085_RegisterFile.$auto$insbuf.cc:79:execute$23274: $abc$18193$abc$11031$memory\rf$wrmux[11][0][0]$y$1437[20] -> $abc$11031$memory\rf$wrmux[11][0][0]$y$1437[20]
Added ysyx_25030085_RegisterFile.$auto$insbuf.cc:79:execute$23275: $abc$18193$abc$11031$memory\rf$wrmux[11][0][0]$y$1437[21] -> $abc$11031$memory\rf$wrmux[11][0][0]$y$1437[21]
Added ysyx_25030085_RegisterFile.$auto$insbuf.cc:79:execute$23276: $abc$18193$abc$11031$memory\rf$wrmux[11][0][0]$y$1437[22] -> $abc$11031$memory\rf$wrmux[11][0][0]$y$1437[22]
Added ysyx_25030085_RegisterFile.$auto$insbuf.cc:79:execute$23277: $abc$18193$abc$11031$memory\rf$wrmux[11][0][0]$y$1437[23] -> $abc$11031$memory\rf$wrmux[11][0][0]$y$1437[23]
Added ysyx_25030085_RegisterFile.$auto$insbuf.cc:79:execute$23278: $abc$18193$abc$11031$memory\rf$wrmux[11][0][0]$y$1437[24] -> $abc$11031$memory\rf$wrmux[11][0][0]$y$1437[24]
Added ysyx_25030085_RegisterFile.$auto$insbuf.cc:79:execute$23279: $abc$18193$abc$11031$memory\rf$wrmux[11][0][0]$y$1437[25] -> $abc$11031$memory\rf$wrmux[11][0][0]$y$1437[25]
Added ysyx_25030085_RegisterFile.$auto$insbuf.cc:79:execute$23280: $abc$18193$abc$11031$memory\rf$wrmux[11][0][0]$y$1437[26] -> $abc$11031$memory\rf$wrmux[11][0][0]$y$1437[26]
Added ysyx_25030085_RegisterFile.$auto$insbuf.cc:79:execute$23281: $abc$18193$abc$11031$memory\rf$wrmux[11][0][0]$y$1437[27] -> $abc$11031$memory\rf$wrmux[11][0][0]$y$1437[27]
Added ysyx_25030085_RegisterFile.$auto$insbuf.cc:79:execute$23282: $abc$18193$abc$11031$memory\rf$wrmux[11][0][0]$y$1437[28] -> $abc$11031$memory\rf$wrmux[11][0][0]$y$1437[28]
Added ysyx_25030085_RegisterFile.$auto$insbuf.cc:79:execute$23283: $abc$18193$abc$11031$memory\rf$wrmux[11][0][0]$y$1437[29] -> $abc$11031$memory\rf$wrmux[11][0][0]$y$1437[29]
Added ysyx_25030085_RegisterFile.$auto$insbuf.cc:79:execute$23284: $abc$18193$abc$11031$memory\rf$wrmux[11][0][0]$y$1437[30] -> $abc$11031$memory\rf$wrmux[11][0][0]$y$1437[30]
Added ysyx_25030085_RegisterFile.$auto$insbuf.cc:79:execute$23285: $abc$18193$abc$11031$memory\rf$wrmux[11][0][0]$y$1437[31] -> $abc$11031$memory\rf$wrmux[11][0][0]$y$1437[31]
Added ysyx_25030085_RegisterFile.$auto$insbuf.cc:79:execute$23286: $abc$18193$abc$11031$memory\rf$wrmux[5][0][0]$y$1317[0] -> $abc$11031$memory\rf$wrmux[5][0][0]$y$1317[0]
Added ysyx_25030085_RegisterFile.$auto$insbuf.cc:79:execute$23287: $abc$18193$abc$11031$memory\rf$wrmux[5][0][0]$y$1317[1] -> $abc$11031$memory\rf$wrmux[5][0][0]$y$1317[1]
Added ysyx_25030085_RegisterFile.$auto$insbuf.cc:79:execute$23288: $abc$18193$abc$11031$memory\rf$wrmux[5][0][0]$y$1317[2] -> $abc$11031$memory\rf$wrmux[5][0][0]$y$1317[2]
Added ysyx_25030085_RegisterFile.$auto$insbuf.cc:79:execute$23289: $abc$18193$abc$11031$memory\rf$wrmux[5][0][0]$y$1317[3] -> $abc$11031$memory\rf$wrmux[5][0][0]$y$1317[3]
Added ysyx_25030085_RegisterFile.$auto$insbuf.cc:79:execute$23290: $abc$18193$abc$11031$memory\rf$wrmux[5][0][0]$y$1317[4] -> $abc$11031$memory\rf$wrmux[5][0][0]$y$1317[4]
Added ysyx_25030085_RegisterFile.$auto$insbuf.cc:79:execute$23291: $abc$18193$abc$11031$memory\rf$wrmux[5][0][0]$y$1317[5] -> $abc$11031$memory\rf$wrmux[5][0][0]$y$1317[5]
Added ysyx_25030085_RegisterFile.$auto$insbuf.cc:79:execute$23292: $abc$18193$abc$11031$memory\rf$wrmux[5][0][0]$y$1317[6] -> $abc$11031$memory\rf$wrmux[5][0][0]$y$1317[6]
Added ysyx_25030085_RegisterFile.$auto$insbuf.cc:79:execute$23293: $abc$18193$abc$11031$memory\rf$wrmux[5][0][0]$y$1317[7] -> $abc$11031$memory\rf$wrmux[5][0][0]$y$1317[7]
Added ysyx_25030085_RegisterFile.$auto$insbuf.cc:79:execute$23294: $abc$18193$abc$11031$memory\rf$wrmux[5][0][0]$y$1317[8] -> $abc$11031$memory\rf$wrmux[5][0][0]$y$1317[8]
Added ysyx_25030085_RegisterFile.$auto$insbuf.cc:79:execute$23295: $abc$18193$abc$11031$memory\rf$wrmux[5][0][0]$y$1317[9] -> $abc$11031$memory\rf$wrmux[5][0][0]$y$1317[9]
Added ysyx_25030085_RegisterFile.$auto$insbuf.cc:79:execute$23296: $abc$18193$abc$11031$memory\rf$wrmux[5][0][0]$y$1317[10] -> $abc$11031$memory\rf$wrmux[5][0][0]$y$1317[10]
Added ysyx_25030085_RegisterFile.$auto$insbuf.cc:79:execute$23297: $abc$18193$abc$11031$memory\rf$wrmux[5][0][0]$y$1317[11] -> $abc$11031$memory\rf$wrmux[5][0][0]$y$1317[11]
Added ysyx_25030085_RegisterFile.$auto$insbuf.cc:79:execute$23298: $abc$18193$abc$11031$memory\rf$wrmux[5][0][0]$y$1317[12] -> $abc$11031$memory\rf$wrmux[5][0][0]$y$1317[12]
Added ysyx_25030085_RegisterFile.$auto$insbuf.cc:79:execute$23299: $abc$18193$abc$11031$memory\rf$wrmux[5][0][0]$y$1317[13] -> $abc$11031$memory\rf$wrmux[5][0][0]$y$1317[13]
Added ysyx_25030085_RegisterFile.$auto$insbuf.cc:79:execute$23300: $abc$18193$abc$11031$memory\rf$wrmux[5][0][0]$y$1317[14] -> $abc$11031$memory\rf$wrmux[5][0][0]$y$1317[14]
Added ysyx_25030085_RegisterFile.$auto$insbuf.cc:79:execute$23301: $abc$18193$abc$11031$memory\rf$wrmux[5][0][0]$y$1317[15] -> $abc$11031$memory\rf$wrmux[5][0][0]$y$1317[15]
Added ysyx_25030085_RegisterFile.$auto$insbuf.cc:79:execute$23302: $abc$18193$abc$11031$memory\rf$wrmux[5][0][0]$y$1317[16] -> $abc$11031$memory\rf$wrmux[5][0][0]$y$1317[16]
Added ysyx_25030085_RegisterFile.$auto$insbuf.cc:79:execute$23303: $abc$18193$abc$11031$memory\rf$wrmux[5][0][0]$y$1317[17] -> $abc$11031$memory\rf$wrmux[5][0][0]$y$1317[17]
Added ysyx_25030085_RegisterFile.$auto$insbuf.cc:79:execute$23304: $abc$18193$abc$11031$memory\rf$wrmux[5][0][0]$y$1317[18] -> $abc$11031$memory\rf$wrmux[5][0][0]$y$1317[18]
Added ysyx_25030085_RegisterFile.$auto$insbuf.cc:79:execute$23305: $abc$18193$abc$11031$memory\rf$wrmux[5][0][0]$y$1317[19] -> $abc$11031$memory\rf$wrmux[5][0][0]$y$1317[19]
Added ysyx_25030085_RegisterFile.$auto$insbuf.cc:79:execute$23306: $abc$18193$abc$11031$memory\rf$wrmux[5][0][0]$y$1317[20] -> $abc$11031$memory\rf$wrmux[5][0][0]$y$1317[20]
Added ysyx_25030085_RegisterFile.$auto$insbuf.cc:79:execute$23307: $abc$18193$abc$11031$memory\rf$wrmux[5][0][0]$y$1317[21] -> $abc$11031$memory\rf$wrmux[5][0][0]$y$1317[21]
Added ysyx_25030085_RegisterFile.$auto$insbuf.cc:79:execute$23308: $abc$18193$abc$11031$memory\rf$wrmux[5][0][0]$y$1317[22] -> $abc$11031$memory\rf$wrmux[5][0][0]$y$1317[22]
Added ysyx_25030085_RegisterFile.$auto$insbuf.cc:79:execute$23309: $abc$18193$abc$11031$memory\rf$wrmux[5][0][0]$y$1317[23] -> $abc$11031$memory\rf$wrmux[5][0][0]$y$1317[23]
Added ysyx_25030085_RegisterFile.$auto$insbuf.cc:79:execute$23310: $abc$18193$abc$11031$memory\rf$wrmux[5][0][0]$y$1317[24] -> $abc$11031$memory\rf$wrmux[5][0][0]$y$1317[24]
Added ysyx_25030085_RegisterFile.$auto$insbuf.cc:79:execute$23311: $abc$18193$abc$11031$memory\rf$wrmux[5][0][0]$y$1317[25] -> $abc$11031$memory\rf$wrmux[5][0][0]$y$1317[25]
Added ysyx_25030085_RegisterFile.$auto$insbuf.cc:79:execute$23312: $abc$18193$abc$11031$memory\rf$wrmux[5][0][0]$y$1317[26] -> $abc$11031$memory\rf$wrmux[5][0][0]$y$1317[26]
Added ysyx_25030085_RegisterFile.$auto$insbuf.cc:79:execute$23313: $abc$18193$abc$11031$memory\rf$wrmux[5][0][0]$y$1317[27] -> $abc$11031$memory\rf$wrmux[5][0][0]$y$1317[27]
Added ysyx_25030085_RegisterFile.$auto$insbuf.cc:79:execute$23314: $abc$18193$abc$11031$memory\rf$wrmux[5][0][0]$y$1317[28] -> $abc$11031$memory\rf$wrmux[5][0][0]$y$1317[28]
Added ysyx_25030085_RegisterFile.$auto$insbuf.cc:79:execute$23315: $abc$18193$abc$11031$memory\rf$wrmux[5][0][0]$y$1317[29] -> $abc$11031$memory\rf$wrmux[5][0][0]$y$1317[29]
Added ysyx_25030085_RegisterFile.$auto$insbuf.cc:79:execute$23316: $abc$18193$abc$11031$memory\rf$wrmux[5][0][0]$y$1317[30] -> $abc$11031$memory\rf$wrmux[5][0][0]$y$1317[30]
Added ysyx_25030085_RegisterFile.$auto$insbuf.cc:79:execute$23317: $abc$18193$abc$11031$memory\rf$wrmux[5][0][0]$y$1317[31] -> $abc$11031$memory\rf$wrmux[5][0][0]$y$1317[31]
Added ysyx_25030085_RegisterFile.$auto$insbuf.cc:79:execute$23318: $abc$18193$abc$11031$memory\rf$wrmux[10][0][0]$y$1417[0] -> $abc$11031$memory\rf$wrmux[10][0][0]$y$1417[0]
Added ysyx_25030085_RegisterFile.$auto$insbuf.cc:79:execute$23319: $abc$18193$abc$11031$memory\rf$wrmux[10][0][0]$y$1417[1] -> $abc$11031$memory\rf$wrmux[10][0][0]$y$1417[1]
Added ysyx_25030085_RegisterFile.$auto$insbuf.cc:79:execute$23320: $abc$18193$abc$11031$memory\rf$wrmux[10][0][0]$y$1417[2] -> $abc$11031$memory\rf$wrmux[10][0][0]$y$1417[2]
Added ysyx_25030085_RegisterFile.$auto$insbuf.cc:79:execute$23321: $abc$18193$abc$11031$memory\rf$wrmux[10][0][0]$y$1417[3] -> $abc$11031$memory\rf$wrmux[10][0][0]$y$1417[3]
Added ysyx_25030085_RegisterFile.$auto$insbuf.cc:79:execute$23322: $abc$18193$abc$11031$memory\rf$wrmux[10][0][0]$y$1417[4] -> $abc$11031$memory\rf$wrmux[10][0][0]$y$1417[4]
Added ysyx_25030085_RegisterFile.$auto$insbuf.cc:79:execute$23323: $abc$18193$abc$11031$memory\rf$wrmux[10][0][0]$y$1417[5] -> $abc$11031$memory\rf$wrmux[10][0][0]$y$1417[5]
Added ysyx_25030085_RegisterFile.$auto$insbuf.cc:79:execute$23324: $abc$18193$abc$11031$memory\rf$wrmux[10][0][0]$y$1417[6] -> $abc$11031$memory\rf$wrmux[10][0][0]$y$1417[6]
Added ysyx_25030085_RegisterFile.$auto$insbuf.cc:79:execute$23325: $abc$18193$abc$11031$memory\rf$wrmux[10][0][0]$y$1417[7] -> $abc$11031$memory\rf$wrmux[10][0][0]$y$1417[7]
Added ysyx_25030085_RegisterFile.$auto$insbuf.cc:79:execute$23326: $abc$18193$abc$11031$memory\rf$wrmux[10][0][0]$y$1417[8] -> $abc$11031$memory\rf$wrmux[10][0][0]$y$1417[8]
Added ysyx_25030085_RegisterFile.$auto$insbuf.cc:79:execute$23327: $abc$18193$abc$11031$memory\rf$wrmux[10][0][0]$y$1417[9] -> $abc$11031$memory\rf$wrmux[10][0][0]$y$1417[9]
Added ysyx_25030085_RegisterFile.$auto$insbuf.cc:79:execute$23328: $abc$18193$abc$11031$memory\rf$wrmux[10][0][0]$y$1417[10] -> $abc$11031$memory\rf$wrmux[10][0][0]$y$1417[10]
Added ysyx_25030085_RegisterFile.$auto$insbuf.cc:79:execute$23329: $abc$18193$abc$11031$memory\rf$wrmux[10][0][0]$y$1417[11] -> $abc$11031$memory\rf$wrmux[10][0][0]$y$1417[11]
Added ysyx_25030085_RegisterFile.$auto$insbuf.cc:79:execute$23330: $abc$18193$abc$11031$memory\rf$wrmux[10][0][0]$y$1417[12] -> $abc$11031$memory\rf$wrmux[10][0][0]$y$1417[12]
Added ysyx_25030085_RegisterFile.$auto$insbuf.cc:79:execute$23331: $abc$18193$abc$11031$memory\rf$wrmux[10][0][0]$y$1417[13] -> $abc$11031$memory\rf$wrmux[10][0][0]$y$1417[13]
Added ysyx_25030085_RegisterFile.$auto$insbuf.cc:79:execute$23332: $abc$18193$abc$11031$memory\rf$wrmux[10][0][0]$y$1417[14] -> $abc$11031$memory\rf$wrmux[10][0][0]$y$1417[14]
Added ysyx_25030085_RegisterFile.$auto$insbuf.cc:79:execute$23333: $abc$18193$abc$11031$memory\rf$wrmux[10][0][0]$y$1417[15] -> $abc$11031$memory\rf$wrmux[10][0][0]$y$1417[15]
Added ysyx_25030085_RegisterFile.$auto$insbuf.cc:79:execute$23334: $abc$18193$abc$11031$memory\rf$wrmux[10][0][0]$y$1417[16] -> $abc$11031$memory\rf$wrmux[10][0][0]$y$1417[16]
Added ysyx_25030085_RegisterFile.$auto$insbuf.cc:79:execute$23335: $abc$18193$abc$11031$memory\rf$wrmux[10][0][0]$y$1417[17] -> $abc$11031$memory\rf$wrmux[10][0][0]$y$1417[17]
Added ysyx_25030085_RegisterFile.$auto$insbuf.cc:79:execute$23336: $abc$18193$abc$11031$memory\rf$wrmux[10][0][0]$y$1417[18] -> $abc$11031$memory\rf$wrmux[10][0][0]$y$1417[18]
Added ysyx_25030085_RegisterFile.$auto$insbuf.cc:79:execute$23337: $abc$18193$abc$11031$memory\rf$wrmux[10][0][0]$y$1417[19] -> $abc$11031$memory\rf$wrmux[10][0][0]$y$1417[19]
Added ysyx_25030085_RegisterFile.$auto$insbuf.cc:79:execute$23338: $abc$18193$abc$11031$memory\rf$wrmux[10][0][0]$y$1417[20] -> $abc$11031$memory\rf$wrmux[10][0][0]$y$1417[20]
Added ysyx_25030085_RegisterFile.$auto$insbuf.cc:79:execute$23339: $abc$18193$abc$11031$memory\rf$wrmux[10][0][0]$y$1417[21] -> $abc$11031$memory\rf$wrmux[10][0][0]$y$1417[21]
Added ysyx_25030085_RegisterFile.$auto$insbuf.cc:79:execute$23340: $abc$18193$abc$11031$memory\rf$wrmux[10][0][0]$y$1417[22] -> $abc$11031$memory\rf$wrmux[10][0][0]$y$1417[22]
Added ysyx_25030085_RegisterFile.$auto$insbuf.cc:79:execute$23341: $abc$18193$abc$11031$memory\rf$wrmux[10][0][0]$y$1417[23] -> $abc$11031$memory\rf$wrmux[10][0][0]$y$1417[23]
Added ysyx_25030085_RegisterFile.$auto$insbuf.cc:79:execute$23342: $abc$18193$abc$11031$memory\rf$wrmux[10][0][0]$y$1417[24] -> $abc$11031$memory\rf$wrmux[10][0][0]$y$1417[24]
Added ysyx_25030085_RegisterFile.$auto$insbuf.cc:79:execute$23343: $abc$18193$abc$11031$memory\rf$wrmux[10][0][0]$y$1417[25] -> $abc$11031$memory\rf$wrmux[10][0][0]$y$1417[25]
Added ysyx_25030085_RegisterFile.$auto$insbuf.cc:79:execute$23344: $abc$18193$abc$11031$memory\rf$wrmux[10][0][0]$y$1417[26] -> $abc$11031$memory\rf$wrmux[10][0][0]$y$1417[26]
Added ysyx_25030085_RegisterFile.$auto$insbuf.cc:79:execute$23345: $abc$18193$abc$11031$memory\rf$wrmux[10][0][0]$y$1417[27] -> $abc$11031$memory\rf$wrmux[10][0][0]$y$1417[27]
Added ysyx_25030085_RegisterFile.$auto$insbuf.cc:79:execute$23346: $abc$18193$abc$11031$memory\rf$wrmux[10][0][0]$y$1417[28] -> $abc$11031$memory\rf$wrmux[10][0][0]$y$1417[28]
Added ysyx_25030085_RegisterFile.$auto$insbuf.cc:79:execute$23347: $abc$18193$abc$11031$memory\rf$wrmux[10][0][0]$y$1417[29] -> $abc$11031$memory\rf$wrmux[10][0][0]$y$1417[29]
Added ysyx_25030085_RegisterFile.$auto$insbuf.cc:79:execute$23348: $abc$18193$abc$11031$memory\rf$wrmux[10][0][0]$y$1417[30] -> $abc$11031$memory\rf$wrmux[10][0][0]$y$1417[30]
Added ysyx_25030085_RegisterFile.$auto$insbuf.cc:79:execute$23349: $abc$18193$abc$11031$memory\rf$wrmux[10][0][0]$y$1417[31] -> $abc$11031$memory\rf$wrmux[10][0][0]$y$1417[31]
Added ysyx_25030085_RegisterFile.$auto$insbuf.cc:79:execute$23350: $abc$18193$abc$11031$memory\rf$wrmux[4][0][0]$y$1297[0] -> $abc$11031$memory\rf$wrmux[4][0][0]$y$1297[0]
Added ysyx_25030085_RegisterFile.$auto$insbuf.cc:79:execute$23351: $abc$18193$abc$11031$memory\rf$wrmux[4][0][0]$y$1297[1] -> $abc$11031$memory\rf$wrmux[4][0][0]$y$1297[1]
Added ysyx_25030085_RegisterFile.$auto$insbuf.cc:79:execute$23352: $abc$18193$abc$11031$memory\rf$wrmux[4][0][0]$y$1297[2] -> $abc$11031$memory\rf$wrmux[4][0][0]$y$1297[2]
Added ysyx_25030085_RegisterFile.$auto$insbuf.cc:79:execute$23353: $abc$18193$abc$11031$memory\rf$wrmux[4][0][0]$y$1297[3] -> $abc$11031$memory\rf$wrmux[4][0][0]$y$1297[3]
Added ysyx_25030085_RegisterFile.$auto$insbuf.cc:79:execute$23354: $abc$18193$abc$11031$memory\rf$wrmux[4][0][0]$y$1297[4] -> $abc$11031$memory\rf$wrmux[4][0][0]$y$1297[4]
Added ysyx_25030085_RegisterFile.$auto$insbuf.cc:79:execute$23355: $abc$18193$abc$11031$memory\rf$wrmux[4][0][0]$y$1297[5] -> $abc$11031$memory\rf$wrmux[4][0][0]$y$1297[5]
Added ysyx_25030085_RegisterFile.$auto$insbuf.cc:79:execute$23356: $abc$18193$abc$11031$memory\rf$wrmux[4][0][0]$y$1297[6] -> $abc$11031$memory\rf$wrmux[4][0][0]$y$1297[6]
Added ysyx_25030085_RegisterFile.$auto$insbuf.cc:79:execute$23357: $abc$18193$abc$11031$memory\rf$wrmux[4][0][0]$y$1297[7] -> $abc$11031$memory\rf$wrmux[4][0][0]$y$1297[7]
Added ysyx_25030085_RegisterFile.$auto$insbuf.cc:79:execute$23358: $abc$18193$abc$11031$memory\rf$wrmux[4][0][0]$y$1297[8] -> $abc$11031$memory\rf$wrmux[4][0][0]$y$1297[8]
Added ysyx_25030085_RegisterFile.$auto$insbuf.cc:79:execute$23359: $abc$18193$abc$11031$memory\rf$wrmux[4][0][0]$y$1297[9] -> $abc$11031$memory\rf$wrmux[4][0][0]$y$1297[9]
Added ysyx_25030085_RegisterFile.$auto$insbuf.cc:79:execute$23360: $abc$18193$abc$11031$memory\rf$wrmux[4][0][0]$y$1297[10] -> $abc$11031$memory\rf$wrmux[4][0][0]$y$1297[10]
Added ysyx_25030085_RegisterFile.$auto$insbuf.cc:79:execute$23361: $abc$18193$abc$11031$memory\rf$wrmux[4][0][0]$y$1297[11] -> $abc$11031$memory\rf$wrmux[4][0][0]$y$1297[11]
Added ysyx_25030085_RegisterFile.$auto$insbuf.cc:79:execute$23362: $abc$18193$abc$11031$memory\rf$wrmux[4][0][0]$y$1297[12] -> $abc$11031$memory\rf$wrmux[4][0][0]$y$1297[12]
Added ysyx_25030085_RegisterFile.$auto$insbuf.cc:79:execute$23363: $abc$18193$abc$11031$memory\rf$wrmux[4][0][0]$y$1297[13] -> $abc$11031$memory\rf$wrmux[4][0][0]$y$1297[13]
Added ysyx_25030085_RegisterFile.$auto$insbuf.cc:79:execute$23364: $abc$18193$abc$11031$memory\rf$wrmux[4][0][0]$y$1297[14] -> $abc$11031$memory\rf$wrmux[4][0][0]$y$1297[14]
Added ysyx_25030085_RegisterFile.$auto$insbuf.cc:79:execute$23365: $abc$18193$abc$11031$memory\rf$wrmux[4][0][0]$y$1297[15] -> $abc$11031$memory\rf$wrmux[4][0][0]$y$1297[15]
Added ysyx_25030085_RegisterFile.$auto$insbuf.cc:79:execute$23366: $abc$18193$abc$11031$memory\rf$wrmux[4][0][0]$y$1297[16] -> $abc$11031$memory\rf$wrmux[4][0][0]$y$1297[16]
Added ysyx_25030085_RegisterFile.$auto$insbuf.cc:79:execute$23367: $abc$18193$abc$11031$memory\rf$wrmux[4][0][0]$y$1297[17] -> $abc$11031$memory\rf$wrmux[4][0][0]$y$1297[17]
Added ysyx_25030085_RegisterFile.$auto$insbuf.cc:79:execute$23368: $abc$18193$abc$11031$memory\rf$wrmux[4][0][0]$y$1297[18] -> $abc$11031$memory\rf$wrmux[4][0][0]$y$1297[18]
Added ysyx_25030085_RegisterFile.$auto$insbuf.cc:79:execute$23369: $abc$18193$abc$11031$memory\rf$wrmux[4][0][0]$y$1297[19] -> $abc$11031$memory\rf$wrmux[4][0][0]$y$1297[19]
Added ysyx_25030085_RegisterFile.$auto$insbuf.cc:79:execute$23370: $abc$18193$abc$11031$memory\rf$wrmux[4][0][0]$y$1297[20] -> $abc$11031$memory\rf$wrmux[4][0][0]$y$1297[20]
Added ysyx_25030085_RegisterFile.$auto$insbuf.cc:79:execute$23371: $abc$18193$abc$11031$memory\rf$wrmux[4][0][0]$y$1297[21] -> $abc$11031$memory\rf$wrmux[4][0][0]$y$1297[21]
Added ysyx_25030085_RegisterFile.$auto$insbuf.cc:79:execute$23372: $abc$18193$abc$11031$memory\rf$wrmux[4][0][0]$y$1297[22] -> $abc$11031$memory\rf$wrmux[4][0][0]$y$1297[22]
Added ysyx_25030085_RegisterFile.$auto$insbuf.cc:79:execute$23373: $abc$18193$abc$11031$memory\rf$wrmux[4][0][0]$y$1297[23] -> $abc$11031$memory\rf$wrmux[4][0][0]$y$1297[23]
Added ysyx_25030085_RegisterFile.$auto$insbuf.cc:79:execute$23374: $abc$18193$abc$11031$memory\rf$wrmux[4][0][0]$y$1297[24] -> $abc$11031$memory\rf$wrmux[4][0][0]$y$1297[24]
Added ysyx_25030085_RegisterFile.$auto$insbuf.cc:79:execute$23375: $abc$18193$abc$11031$memory\rf$wrmux[4][0][0]$y$1297[25] -> $abc$11031$memory\rf$wrmux[4][0][0]$y$1297[25]
Added ysyx_25030085_RegisterFile.$auto$insbuf.cc:79:execute$23376: $abc$18193$abc$11031$memory\rf$wrmux[4][0][0]$y$1297[26] -> $abc$11031$memory\rf$wrmux[4][0][0]$y$1297[26]
Added ysyx_25030085_RegisterFile.$auto$insbuf.cc:79:execute$23377: $abc$18193$abc$11031$memory\rf$wrmux[4][0][0]$y$1297[27] -> $abc$11031$memory\rf$wrmux[4][0][0]$y$1297[27]
Added ysyx_25030085_RegisterFile.$auto$insbuf.cc:79:execute$23378: $abc$18193$abc$11031$memory\rf$wrmux[4][0][0]$y$1297[28] -> $abc$11031$memory\rf$wrmux[4][0][0]$y$1297[28]
Added ysyx_25030085_RegisterFile.$auto$insbuf.cc:79:execute$23379: $abc$18193$abc$11031$memory\rf$wrmux[4][0][0]$y$1297[29] -> $abc$11031$memory\rf$wrmux[4][0][0]$y$1297[29]
Added ysyx_25030085_RegisterFile.$auto$insbuf.cc:79:execute$23380: $abc$18193$abc$11031$memory\rf$wrmux[4][0][0]$y$1297[30] -> $abc$11031$memory\rf$wrmux[4][0][0]$y$1297[30]
Added ysyx_25030085_RegisterFile.$auto$insbuf.cc:79:execute$23381: $abc$18193$abc$11031$memory\rf$wrmux[4][0][0]$y$1297[31] -> $abc$11031$memory\rf$wrmux[4][0][0]$y$1297[31]
Added ysyx_25030085_RegisterFile.$auto$insbuf.cc:79:execute$23382: $abc$18193$abc$11031$memory\rf$wrmux[9][0][0]$y$1397[0] -> $abc$11031$memory\rf$wrmux[9][0][0]$y$1397[0]
Added ysyx_25030085_RegisterFile.$auto$insbuf.cc:79:execute$23383: $abc$18193$abc$11031$memory\rf$wrmux[9][0][0]$y$1397[1] -> $abc$11031$memory\rf$wrmux[9][0][0]$y$1397[1]
Added ysyx_25030085_RegisterFile.$auto$insbuf.cc:79:execute$23384: $abc$18193$abc$11031$memory\rf$wrmux[9][0][0]$y$1397[2] -> $abc$11031$memory\rf$wrmux[9][0][0]$y$1397[2]
Added ysyx_25030085_RegisterFile.$auto$insbuf.cc:79:execute$23385: $abc$18193$abc$11031$memory\rf$wrmux[9][0][0]$y$1397[3] -> $abc$11031$memory\rf$wrmux[9][0][0]$y$1397[3]
Added ysyx_25030085_RegisterFile.$auto$insbuf.cc:79:execute$23386: $abc$18193$abc$11031$memory\rf$wrmux[9][0][0]$y$1397[4] -> $abc$11031$memory\rf$wrmux[9][0][0]$y$1397[4]
Added ysyx_25030085_RegisterFile.$auto$insbuf.cc:79:execute$23387: $abc$18193$abc$11031$memory\rf$wrmux[9][0][0]$y$1397[5] -> $abc$11031$memory\rf$wrmux[9][0][0]$y$1397[5]
Added ysyx_25030085_RegisterFile.$auto$insbuf.cc:79:execute$23388: $abc$18193$abc$11031$memory\rf$wrmux[9][0][0]$y$1397[6] -> $abc$11031$memory\rf$wrmux[9][0][0]$y$1397[6]
Added ysyx_25030085_RegisterFile.$auto$insbuf.cc:79:execute$23389: $abc$18193$abc$11031$memory\rf$wrmux[9][0][0]$y$1397[7] -> $abc$11031$memory\rf$wrmux[9][0][0]$y$1397[7]
Added ysyx_25030085_RegisterFile.$auto$insbuf.cc:79:execute$23390: $abc$18193$abc$11031$memory\rf$wrmux[9][0][0]$y$1397[8] -> $abc$11031$memory\rf$wrmux[9][0][0]$y$1397[8]
Added ysyx_25030085_RegisterFile.$auto$insbuf.cc:79:execute$23391: $abc$18193$abc$11031$memory\rf$wrmux[9][0][0]$y$1397[9] -> $abc$11031$memory\rf$wrmux[9][0][0]$y$1397[9]
Added ysyx_25030085_RegisterFile.$auto$insbuf.cc:79:execute$23392: $abc$18193$abc$11031$memory\rf$wrmux[9][0][0]$y$1397[10] -> $abc$11031$memory\rf$wrmux[9][0][0]$y$1397[10]
Added ysyx_25030085_RegisterFile.$auto$insbuf.cc:79:execute$23393: $abc$18193$abc$11031$memory\rf$wrmux[9][0][0]$y$1397[11] -> $abc$11031$memory\rf$wrmux[9][0][0]$y$1397[11]
Added ysyx_25030085_RegisterFile.$auto$insbuf.cc:79:execute$23394: $abc$18193$abc$11031$memory\rf$wrmux[9][0][0]$y$1397[12] -> $abc$11031$memory\rf$wrmux[9][0][0]$y$1397[12]
Added ysyx_25030085_RegisterFile.$auto$insbuf.cc:79:execute$23395: $abc$18193$abc$11031$memory\rf$wrmux[9][0][0]$y$1397[13] -> $abc$11031$memory\rf$wrmux[9][0][0]$y$1397[13]
Added ysyx_25030085_RegisterFile.$auto$insbuf.cc:79:execute$23396: $abc$18193$abc$11031$memory\rf$wrmux[9][0][0]$y$1397[14] -> $abc$11031$memory\rf$wrmux[9][0][0]$y$1397[14]
Added ysyx_25030085_RegisterFile.$auto$insbuf.cc:79:execute$23397: $abc$18193$abc$11031$memory\rf$wrmux[9][0][0]$y$1397[15] -> $abc$11031$memory\rf$wrmux[9][0][0]$y$1397[15]
Added ysyx_25030085_RegisterFile.$auto$insbuf.cc:79:execute$23398: $abc$18193$abc$11031$memory\rf$wrmux[9][0][0]$y$1397[16] -> $abc$11031$memory\rf$wrmux[9][0][0]$y$1397[16]
Added ysyx_25030085_RegisterFile.$auto$insbuf.cc:79:execute$23399: $abc$18193$abc$11031$memory\rf$wrmux[9][0][0]$y$1397[17] -> $abc$11031$memory\rf$wrmux[9][0][0]$y$1397[17]
Added ysyx_25030085_RegisterFile.$auto$insbuf.cc:79:execute$23400: $abc$18193$abc$11031$memory\rf$wrmux[9][0][0]$y$1397[18] -> $abc$11031$memory\rf$wrmux[9][0][0]$y$1397[18]
Added ysyx_25030085_RegisterFile.$auto$insbuf.cc:79:execute$23401: $abc$18193$abc$11031$memory\rf$wrmux[9][0][0]$y$1397[19] -> $abc$11031$memory\rf$wrmux[9][0][0]$y$1397[19]
Added ysyx_25030085_RegisterFile.$auto$insbuf.cc:79:execute$23402: $abc$18193$abc$11031$memory\rf$wrmux[9][0][0]$y$1397[20] -> $abc$11031$memory\rf$wrmux[9][0][0]$y$1397[20]
Added ysyx_25030085_RegisterFile.$auto$insbuf.cc:79:execute$23403: $abc$18193$abc$11031$memory\rf$wrmux[9][0][0]$y$1397[21] -> $abc$11031$memory\rf$wrmux[9][0][0]$y$1397[21]
Added ysyx_25030085_RegisterFile.$auto$insbuf.cc:79:execute$23404: $abc$18193$abc$11031$memory\rf$wrmux[9][0][0]$y$1397[22] -> $abc$11031$memory\rf$wrmux[9][0][0]$y$1397[22]
Added ysyx_25030085_RegisterFile.$auto$insbuf.cc:79:execute$23405: $abc$18193$abc$11031$memory\rf$wrmux[9][0][0]$y$1397[23] -> $abc$11031$memory\rf$wrmux[9][0][0]$y$1397[23]
Added ysyx_25030085_RegisterFile.$auto$insbuf.cc:79:execute$23406: $abc$18193$abc$11031$memory\rf$wrmux[9][0][0]$y$1397[24] -> $abc$11031$memory\rf$wrmux[9][0][0]$y$1397[24]
Added ysyx_25030085_RegisterFile.$auto$insbuf.cc:79:execute$23407: $abc$18193$abc$11031$memory\rf$wrmux[9][0][0]$y$1397[25] -> $abc$11031$memory\rf$wrmux[9][0][0]$y$1397[25]
Added ysyx_25030085_RegisterFile.$auto$insbuf.cc:79:execute$23408: $abc$18193$abc$11031$memory\rf$wrmux[9][0][0]$y$1397[26] -> $abc$11031$memory\rf$wrmux[9][0][0]$y$1397[26]
Added ysyx_25030085_RegisterFile.$auto$insbuf.cc:79:execute$23409: $abc$18193$abc$11031$memory\rf$wrmux[9][0][0]$y$1397[27] -> $abc$11031$memory\rf$wrmux[9][0][0]$y$1397[27]
Added ysyx_25030085_RegisterFile.$auto$insbuf.cc:79:execute$23410: $abc$18193$abc$11031$memory\rf$wrmux[9][0][0]$y$1397[28] -> $abc$11031$memory\rf$wrmux[9][0][0]$y$1397[28]
Added ysyx_25030085_RegisterFile.$auto$insbuf.cc:79:execute$23411: $abc$18193$abc$11031$memory\rf$wrmux[9][0][0]$y$1397[29] -> $abc$11031$memory\rf$wrmux[9][0][0]$y$1397[29]
Added ysyx_25030085_RegisterFile.$auto$insbuf.cc:79:execute$23412: $abc$18193$abc$11031$memory\rf$wrmux[9][0][0]$y$1397[30] -> $abc$11031$memory\rf$wrmux[9][0][0]$y$1397[30]
Added ysyx_25030085_RegisterFile.$auto$insbuf.cc:79:execute$23413: $abc$18193$abc$11031$memory\rf$wrmux[9][0][0]$y$1397[31] -> $abc$11031$memory\rf$wrmux[9][0][0]$y$1397[31]
Added ysyx_25030085_RegisterFile.$auto$insbuf.cc:79:execute$23414: $abc$18193$abc$11031$memory\rf$wrmux[8][0][0]$y$1377[0] -> $abc$11031$memory\rf$wrmux[8][0][0]$y$1377[0]
Added ysyx_25030085_RegisterFile.$auto$insbuf.cc:79:execute$23415: $abc$18193$abc$11031$memory\rf$wrmux[8][0][0]$y$1377[1] -> $abc$11031$memory\rf$wrmux[8][0][0]$y$1377[1]
Added ysyx_25030085_RegisterFile.$auto$insbuf.cc:79:execute$23416: $abc$18193$abc$11031$memory\rf$wrmux[8][0][0]$y$1377[2] -> $abc$11031$memory\rf$wrmux[8][0][0]$y$1377[2]
Added ysyx_25030085_RegisterFile.$auto$insbuf.cc:79:execute$23417: $abc$18193$abc$11031$memory\rf$wrmux[8][0][0]$y$1377[3] -> $abc$11031$memory\rf$wrmux[8][0][0]$y$1377[3]
Added ysyx_25030085_RegisterFile.$auto$insbuf.cc:79:execute$23418: $abc$18193$abc$11031$memory\rf$wrmux[8][0][0]$y$1377[4] -> $abc$11031$memory\rf$wrmux[8][0][0]$y$1377[4]
Added ysyx_25030085_RegisterFile.$auto$insbuf.cc:79:execute$23419: $abc$18193$abc$11031$memory\rf$wrmux[8][0][0]$y$1377[5] -> $abc$11031$memory\rf$wrmux[8][0][0]$y$1377[5]
Added ysyx_25030085_RegisterFile.$auto$insbuf.cc:79:execute$23420: $abc$18193$abc$11031$memory\rf$wrmux[8][0][0]$y$1377[6] -> $abc$11031$memory\rf$wrmux[8][0][0]$y$1377[6]
Added ysyx_25030085_RegisterFile.$auto$insbuf.cc:79:execute$23421: $abc$18193$abc$11031$memory\rf$wrmux[8][0][0]$y$1377[7] -> $abc$11031$memory\rf$wrmux[8][0][0]$y$1377[7]
Added ysyx_25030085_RegisterFile.$auto$insbuf.cc:79:execute$23422: $abc$18193$abc$11031$memory\rf$wrmux[8][0][0]$y$1377[8] -> $abc$11031$memory\rf$wrmux[8][0][0]$y$1377[8]
Added ysyx_25030085_RegisterFile.$auto$insbuf.cc:79:execute$23423: $abc$18193$abc$11031$memory\rf$wrmux[8][0][0]$y$1377[9] -> $abc$11031$memory\rf$wrmux[8][0][0]$y$1377[9]
Added ysyx_25030085_RegisterFile.$auto$insbuf.cc:79:execute$23424: $abc$18193$abc$11031$memory\rf$wrmux[8][0][0]$y$1377[10] -> $abc$11031$memory\rf$wrmux[8][0][0]$y$1377[10]
Added ysyx_25030085_RegisterFile.$auto$insbuf.cc:79:execute$23425: $abc$18193$abc$11031$memory\rf$wrmux[8][0][0]$y$1377[11] -> $abc$11031$memory\rf$wrmux[8][0][0]$y$1377[11]
Added ysyx_25030085_RegisterFile.$auto$insbuf.cc:79:execute$23426: $abc$18193$abc$11031$memory\rf$wrmux[8][0][0]$y$1377[12] -> $abc$11031$memory\rf$wrmux[8][0][0]$y$1377[12]
Added ysyx_25030085_RegisterFile.$auto$insbuf.cc:79:execute$23427: $abc$18193$abc$11031$memory\rf$wrmux[8][0][0]$y$1377[13] -> $abc$11031$memory\rf$wrmux[8][0][0]$y$1377[13]
Added ysyx_25030085_RegisterFile.$auto$insbuf.cc:79:execute$23428: $abc$18193$abc$11031$memory\rf$wrmux[8][0][0]$y$1377[14] -> $abc$11031$memory\rf$wrmux[8][0][0]$y$1377[14]
Added ysyx_25030085_RegisterFile.$auto$insbuf.cc:79:execute$23429: $abc$18193$abc$11031$memory\rf$wrmux[8][0][0]$y$1377[15] -> $abc$11031$memory\rf$wrmux[8][0][0]$y$1377[15]
Added ysyx_25030085_RegisterFile.$auto$insbuf.cc:79:execute$23430: $abc$18193$abc$11031$memory\rf$wrmux[8][0][0]$y$1377[16] -> $abc$11031$memory\rf$wrmux[8][0][0]$y$1377[16]
Added ysyx_25030085_RegisterFile.$auto$insbuf.cc:79:execute$23431: $abc$18193$abc$11031$memory\rf$wrmux[8][0][0]$y$1377[17] -> $abc$11031$memory\rf$wrmux[8][0][0]$y$1377[17]
Added ysyx_25030085_RegisterFile.$auto$insbuf.cc:79:execute$23432: $abc$18193$abc$11031$memory\rf$wrmux[8][0][0]$y$1377[18] -> $abc$11031$memory\rf$wrmux[8][0][0]$y$1377[18]
Added ysyx_25030085_RegisterFile.$auto$insbuf.cc:79:execute$23433: $abc$18193$abc$11031$memory\rf$wrmux[8][0][0]$y$1377[19] -> $abc$11031$memory\rf$wrmux[8][0][0]$y$1377[19]
Added ysyx_25030085_RegisterFile.$auto$insbuf.cc:79:execute$23434: $abc$18193$abc$11031$memory\rf$wrmux[8][0][0]$y$1377[20] -> $abc$11031$memory\rf$wrmux[8][0][0]$y$1377[20]
Added ysyx_25030085_RegisterFile.$auto$insbuf.cc:79:execute$23435: $abc$18193$abc$11031$memory\rf$wrmux[8][0][0]$y$1377[21] -> $abc$11031$memory\rf$wrmux[8][0][0]$y$1377[21]
Added ysyx_25030085_RegisterFile.$auto$insbuf.cc:79:execute$23436: $abc$18193$abc$11031$memory\rf$wrmux[8][0][0]$y$1377[22] -> $abc$11031$memory\rf$wrmux[8][0][0]$y$1377[22]
Added ysyx_25030085_RegisterFile.$auto$insbuf.cc:79:execute$23437: $abc$18193$abc$11031$memory\rf$wrmux[8][0][0]$y$1377[23] -> $abc$11031$memory\rf$wrmux[8][0][0]$y$1377[23]
Added ysyx_25030085_RegisterFile.$auto$insbuf.cc:79:execute$23438: $abc$18193$abc$11031$memory\rf$wrmux[8][0][0]$y$1377[24] -> $abc$11031$memory\rf$wrmux[8][0][0]$y$1377[24]
Added ysyx_25030085_RegisterFile.$auto$insbuf.cc:79:execute$23439: $abc$18193$abc$11031$memory\rf$wrmux[8][0][0]$y$1377[25] -> $abc$11031$memory\rf$wrmux[8][0][0]$y$1377[25]
Added ysyx_25030085_RegisterFile.$auto$insbuf.cc:79:execute$23440: $abc$18193$abc$11031$memory\rf$wrmux[8][0][0]$y$1377[26] -> $abc$11031$memory\rf$wrmux[8][0][0]$y$1377[26]
Added ysyx_25030085_RegisterFile.$auto$insbuf.cc:79:execute$23441: $abc$18193$abc$11031$memory\rf$wrmux[8][0][0]$y$1377[27] -> $abc$11031$memory\rf$wrmux[8][0][0]$y$1377[27]
Added ysyx_25030085_RegisterFile.$auto$insbuf.cc:79:execute$23442: $abc$18193$abc$11031$memory\rf$wrmux[8][0][0]$y$1377[28] -> $abc$11031$memory\rf$wrmux[8][0][0]$y$1377[28]
Added ysyx_25030085_RegisterFile.$auto$insbuf.cc:79:execute$23443: $abc$18193$abc$11031$memory\rf$wrmux[8][0][0]$y$1377[29] -> $abc$11031$memory\rf$wrmux[8][0][0]$y$1377[29]
Added ysyx_25030085_RegisterFile.$auto$insbuf.cc:79:execute$23444: $abc$18193$abc$11031$memory\rf$wrmux[8][0][0]$y$1377[30] -> $abc$11031$memory\rf$wrmux[8][0][0]$y$1377[30]
Added ysyx_25030085_RegisterFile.$auto$insbuf.cc:79:execute$23445: $abc$18193$abc$11031$memory\rf$wrmux[8][0][0]$y$1377[31] -> $abc$11031$memory\rf$wrmux[8][0][0]$y$1377[31]
Added ysyx_25030085_RegisterFile.$auto$insbuf.cc:79:execute$23446: $abc$18193$abc$11031$memory\rf$wrmux[2][0][0]$y$1257[0] -> $abc$11031$memory\rf$wrmux[2][0][0]$y$1257[0]
Added ysyx_25030085_RegisterFile.$auto$insbuf.cc:79:execute$23447: $abc$18193$abc$11031$memory\rf$wrmux[2][0][0]$y$1257[1] -> $abc$11031$memory\rf$wrmux[2][0][0]$y$1257[1]
Added ysyx_25030085_RegisterFile.$auto$insbuf.cc:79:execute$23448: $abc$18193$abc$11031$memory\rf$wrmux[2][0][0]$y$1257[2] -> $abc$11031$memory\rf$wrmux[2][0][0]$y$1257[2]
Added ysyx_25030085_RegisterFile.$auto$insbuf.cc:79:execute$23449: $abc$18193$abc$11031$memory\rf$wrmux[2][0][0]$y$1257[3] -> $abc$11031$memory\rf$wrmux[2][0][0]$y$1257[3]
Added ysyx_25030085_RegisterFile.$auto$insbuf.cc:79:execute$23450: $abc$18193$abc$11031$memory\rf$wrmux[2][0][0]$y$1257[4] -> $abc$11031$memory\rf$wrmux[2][0][0]$y$1257[4]
Added ysyx_25030085_RegisterFile.$auto$insbuf.cc:79:execute$23451: $abc$18193$abc$11031$memory\rf$wrmux[2][0][0]$y$1257[5] -> $abc$11031$memory\rf$wrmux[2][0][0]$y$1257[5]
Added ysyx_25030085_RegisterFile.$auto$insbuf.cc:79:execute$23452: $abc$18193$abc$11031$memory\rf$wrmux[2][0][0]$y$1257[6] -> $abc$11031$memory\rf$wrmux[2][0][0]$y$1257[6]
Added ysyx_25030085_RegisterFile.$auto$insbuf.cc:79:execute$23453: $abc$18193$abc$11031$memory\rf$wrmux[2][0][0]$y$1257[7] -> $abc$11031$memory\rf$wrmux[2][0][0]$y$1257[7]
Added ysyx_25030085_RegisterFile.$auto$insbuf.cc:79:execute$23454: $abc$18193$abc$11031$memory\rf$wrmux[2][0][0]$y$1257[8] -> $abc$11031$memory\rf$wrmux[2][0][0]$y$1257[8]
Added ysyx_25030085_RegisterFile.$auto$insbuf.cc:79:execute$23455: $abc$18193$abc$11031$memory\rf$wrmux[2][0][0]$y$1257[9] -> $abc$11031$memory\rf$wrmux[2][0][0]$y$1257[9]
Added ysyx_25030085_RegisterFile.$auto$insbuf.cc:79:execute$23456: $abc$18193$abc$11031$memory\rf$wrmux[2][0][0]$y$1257[10] -> $abc$11031$memory\rf$wrmux[2][0][0]$y$1257[10]
Added ysyx_25030085_RegisterFile.$auto$insbuf.cc:79:execute$23457: $abc$18193$abc$11031$memory\rf$wrmux[2][0][0]$y$1257[11] -> $abc$11031$memory\rf$wrmux[2][0][0]$y$1257[11]
Added ysyx_25030085_RegisterFile.$auto$insbuf.cc:79:execute$23458: $abc$18193$abc$11031$memory\rf$wrmux[2][0][0]$y$1257[12] -> $abc$11031$memory\rf$wrmux[2][0][0]$y$1257[12]
Added ysyx_25030085_RegisterFile.$auto$insbuf.cc:79:execute$23459: $abc$18193$abc$11031$memory\rf$wrmux[2][0][0]$y$1257[13] -> $abc$11031$memory\rf$wrmux[2][0][0]$y$1257[13]
Added ysyx_25030085_RegisterFile.$auto$insbuf.cc:79:execute$23460: $abc$18193$abc$11031$memory\rf$wrmux[2][0][0]$y$1257[14] -> $abc$11031$memory\rf$wrmux[2][0][0]$y$1257[14]
Added ysyx_25030085_RegisterFile.$auto$insbuf.cc:79:execute$23461: $abc$18193$abc$11031$memory\rf$wrmux[2][0][0]$y$1257[15] -> $abc$11031$memory\rf$wrmux[2][0][0]$y$1257[15]
Added ysyx_25030085_RegisterFile.$auto$insbuf.cc:79:execute$23462: $abc$18193$abc$11031$memory\rf$wrmux[2][0][0]$y$1257[16] -> $abc$11031$memory\rf$wrmux[2][0][0]$y$1257[16]
Added ysyx_25030085_RegisterFile.$auto$insbuf.cc:79:execute$23463: $abc$18193$abc$11031$memory\rf$wrmux[2][0][0]$y$1257[17] -> $abc$11031$memory\rf$wrmux[2][0][0]$y$1257[17]
Added ysyx_25030085_RegisterFile.$auto$insbuf.cc:79:execute$23464: $abc$18193$abc$11031$memory\rf$wrmux[2][0][0]$y$1257[18] -> $abc$11031$memory\rf$wrmux[2][0][0]$y$1257[18]
Added ysyx_25030085_RegisterFile.$auto$insbuf.cc:79:execute$23465: $abc$18193$abc$11031$memory\rf$wrmux[2][0][0]$y$1257[19] -> $abc$11031$memory\rf$wrmux[2][0][0]$y$1257[19]
Added ysyx_25030085_RegisterFile.$auto$insbuf.cc:79:execute$23466: $abc$18193$abc$11031$memory\rf$wrmux[2][0][0]$y$1257[20] -> $abc$11031$memory\rf$wrmux[2][0][0]$y$1257[20]
Added ysyx_25030085_RegisterFile.$auto$insbuf.cc:79:execute$23467: $abc$18193$abc$11031$memory\rf$wrmux[2][0][0]$y$1257[21] -> $abc$11031$memory\rf$wrmux[2][0][0]$y$1257[21]
Added ysyx_25030085_RegisterFile.$auto$insbuf.cc:79:execute$23468: $abc$18193$abc$11031$memory\rf$wrmux[2][0][0]$y$1257[22] -> $abc$11031$memory\rf$wrmux[2][0][0]$y$1257[22]
Added ysyx_25030085_RegisterFile.$auto$insbuf.cc:79:execute$23469: $abc$18193$abc$11031$memory\rf$wrmux[2][0][0]$y$1257[23] -> $abc$11031$memory\rf$wrmux[2][0][0]$y$1257[23]
Added ysyx_25030085_RegisterFile.$auto$insbuf.cc:79:execute$23470: $abc$18193$abc$11031$memory\rf$wrmux[2][0][0]$y$1257[24] -> $abc$11031$memory\rf$wrmux[2][0][0]$y$1257[24]
Added ysyx_25030085_RegisterFile.$auto$insbuf.cc:79:execute$23471: $abc$18193$abc$11031$memory\rf$wrmux[2][0][0]$y$1257[25] -> $abc$11031$memory\rf$wrmux[2][0][0]$y$1257[25]
Added ysyx_25030085_RegisterFile.$auto$insbuf.cc:79:execute$23472: $abc$18193$abc$11031$memory\rf$wrmux[2][0][0]$y$1257[26] -> $abc$11031$memory\rf$wrmux[2][0][0]$y$1257[26]
Added ysyx_25030085_RegisterFile.$auto$insbuf.cc:79:execute$23473: $abc$18193$abc$11031$memory\rf$wrmux[2][0][0]$y$1257[27] -> $abc$11031$memory\rf$wrmux[2][0][0]$y$1257[27]
Added ysyx_25030085_RegisterFile.$auto$insbuf.cc:79:execute$23474: $abc$18193$abc$11031$memory\rf$wrmux[2][0][0]$y$1257[28] -> $abc$11031$memory\rf$wrmux[2][0][0]$y$1257[28]
Added ysyx_25030085_RegisterFile.$auto$insbuf.cc:79:execute$23475: $abc$18193$abc$11031$memory\rf$wrmux[2][0][0]$y$1257[29] -> $abc$11031$memory\rf$wrmux[2][0][0]$y$1257[29]
Added ysyx_25030085_RegisterFile.$auto$insbuf.cc:79:execute$23476: $abc$18193$abc$11031$memory\rf$wrmux[2][0][0]$y$1257[30] -> $abc$11031$memory\rf$wrmux[2][0][0]$y$1257[30]
Added ysyx_25030085_RegisterFile.$auto$insbuf.cc:79:execute$23477: $abc$18193$abc$11031$memory\rf$wrmux[2][0][0]$y$1257[31] -> $abc$11031$memory\rf$wrmux[2][0][0]$y$1257[31]
Added ysyx_25030085_RegisterFile.$auto$insbuf.cc:79:execute$23478: $abc$18193$abc$11031$memory\rf$wrmux[7][0][0]$y$1357[0] -> $abc$11031$memory\rf$wrmux[7][0][0]$y$1357[0]
Added ysyx_25030085_RegisterFile.$auto$insbuf.cc:79:execute$23479: $abc$18193$abc$11031$memory\rf$wrmux[7][0][0]$y$1357[1] -> $abc$11031$memory\rf$wrmux[7][0][0]$y$1357[1]
Added ysyx_25030085_RegisterFile.$auto$insbuf.cc:79:execute$23480: $abc$18193$abc$11031$memory\rf$wrmux[7][0][0]$y$1357[2] -> $abc$11031$memory\rf$wrmux[7][0][0]$y$1357[2]
Added ysyx_25030085_RegisterFile.$auto$insbuf.cc:79:execute$23481: $abc$18193$abc$11031$memory\rf$wrmux[7][0][0]$y$1357[3] -> $abc$11031$memory\rf$wrmux[7][0][0]$y$1357[3]
Added ysyx_25030085_RegisterFile.$auto$insbuf.cc:79:execute$23482: $abc$18193$abc$11031$memory\rf$wrmux[7][0][0]$y$1357[4] -> $abc$11031$memory\rf$wrmux[7][0][0]$y$1357[4]
Added ysyx_25030085_RegisterFile.$auto$insbuf.cc:79:execute$23483: $abc$18193$abc$11031$memory\rf$wrmux[7][0][0]$y$1357[5] -> $abc$11031$memory\rf$wrmux[7][0][0]$y$1357[5]
Added ysyx_25030085_RegisterFile.$auto$insbuf.cc:79:execute$23484: $abc$18193$abc$11031$memory\rf$wrmux[7][0][0]$y$1357[6] -> $abc$11031$memory\rf$wrmux[7][0][0]$y$1357[6]
Added ysyx_25030085_RegisterFile.$auto$insbuf.cc:79:execute$23485: $abc$18193$abc$11031$memory\rf$wrmux[7][0][0]$y$1357[7] -> $abc$11031$memory\rf$wrmux[7][0][0]$y$1357[7]
Added ysyx_25030085_RegisterFile.$auto$insbuf.cc:79:execute$23486: $abc$18193$abc$11031$memory\rf$wrmux[7][0][0]$y$1357[8] -> $abc$11031$memory\rf$wrmux[7][0][0]$y$1357[8]
Added ysyx_25030085_RegisterFile.$auto$insbuf.cc:79:execute$23487: $abc$18193$abc$11031$memory\rf$wrmux[7][0][0]$y$1357[9] -> $abc$11031$memory\rf$wrmux[7][0][0]$y$1357[9]
Added ysyx_25030085_RegisterFile.$auto$insbuf.cc:79:execute$23488: $abc$18193$abc$11031$memory\rf$wrmux[7][0][0]$y$1357[10] -> $abc$11031$memory\rf$wrmux[7][0][0]$y$1357[10]
Added ysyx_25030085_RegisterFile.$auto$insbuf.cc:79:execute$23489: $abc$18193$abc$11031$memory\rf$wrmux[7][0][0]$y$1357[11] -> $abc$11031$memory\rf$wrmux[7][0][0]$y$1357[11]
Added ysyx_25030085_RegisterFile.$auto$insbuf.cc:79:execute$23490: $abc$18193$abc$11031$memory\rf$wrmux[7][0][0]$y$1357[12] -> $abc$11031$memory\rf$wrmux[7][0][0]$y$1357[12]
Added ysyx_25030085_RegisterFile.$auto$insbuf.cc:79:execute$23491: $abc$18193$abc$11031$memory\rf$wrmux[7][0][0]$y$1357[13] -> $abc$11031$memory\rf$wrmux[7][0][0]$y$1357[13]
Added ysyx_25030085_RegisterFile.$auto$insbuf.cc:79:execute$23492: $abc$18193$abc$11031$memory\rf$wrmux[7][0][0]$y$1357[14] -> $abc$11031$memory\rf$wrmux[7][0][0]$y$1357[14]
Added ysyx_25030085_RegisterFile.$auto$insbuf.cc:79:execute$23493: $abc$18193$abc$11031$memory\rf$wrmux[7][0][0]$y$1357[15] -> $abc$11031$memory\rf$wrmux[7][0][0]$y$1357[15]
Added ysyx_25030085_RegisterFile.$auto$insbuf.cc:79:execute$23494: $abc$18193$abc$11031$memory\rf$wrmux[7][0][0]$y$1357[16] -> $abc$11031$memory\rf$wrmux[7][0][0]$y$1357[16]
Added ysyx_25030085_RegisterFile.$auto$insbuf.cc:79:execute$23495: $abc$18193$abc$11031$memory\rf$wrmux[7][0][0]$y$1357[17] -> $abc$11031$memory\rf$wrmux[7][0][0]$y$1357[17]
Added ysyx_25030085_RegisterFile.$auto$insbuf.cc:79:execute$23496: $abc$18193$abc$11031$memory\rf$wrmux[7][0][0]$y$1357[18] -> $abc$11031$memory\rf$wrmux[7][0][0]$y$1357[18]
Added ysyx_25030085_RegisterFile.$auto$insbuf.cc:79:execute$23497: $abc$18193$abc$11031$memory\rf$wrmux[7][0][0]$y$1357[19] -> $abc$11031$memory\rf$wrmux[7][0][0]$y$1357[19]
Added ysyx_25030085_RegisterFile.$auto$insbuf.cc:79:execute$23498: $abc$18193$abc$11031$memory\rf$wrmux[7][0][0]$y$1357[20] -> $abc$11031$memory\rf$wrmux[7][0][0]$y$1357[20]
Added ysyx_25030085_RegisterFile.$auto$insbuf.cc:79:execute$23499: $abc$18193$abc$11031$memory\rf$wrmux[7][0][0]$y$1357[21] -> $abc$11031$memory\rf$wrmux[7][0][0]$y$1357[21]
Added ysyx_25030085_RegisterFile.$auto$insbuf.cc:79:execute$23500: $abc$18193$abc$11031$memory\rf$wrmux[7][0][0]$y$1357[22] -> $abc$11031$memory\rf$wrmux[7][0][0]$y$1357[22]
Added ysyx_25030085_RegisterFile.$auto$insbuf.cc:79:execute$23501: $abc$18193$abc$11031$memory\rf$wrmux[7][0][0]$y$1357[23] -> $abc$11031$memory\rf$wrmux[7][0][0]$y$1357[23]
Added ysyx_25030085_RegisterFile.$auto$insbuf.cc:79:execute$23502: $abc$18193$abc$11031$memory\rf$wrmux[7][0][0]$y$1357[24] -> $abc$11031$memory\rf$wrmux[7][0][0]$y$1357[24]
Added ysyx_25030085_RegisterFile.$auto$insbuf.cc:79:execute$23503: $abc$18193$abc$11031$memory\rf$wrmux[7][0][0]$y$1357[25] -> $abc$11031$memory\rf$wrmux[7][0][0]$y$1357[25]
Added ysyx_25030085_RegisterFile.$auto$insbuf.cc:79:execute$23504: $abc$18193$abc$11031$memory\rf$wrmux[7][0][0]$y$1357[26] -> $abc$11031$memory\rf$wrmux[7][0][0]$y$1357[26]
Added ysyx_25030085_RegisterFile.$auto$insbuf.cc:79:execute$23505: $abc$18193$abc$11031$memory\rf$wrmux[7][0][0]$y$1357[27] -> $abc$11031$memory\rf$wrmux[7][0][0]$y$1357[27]
Added ysyx_25030085_RegisterFile.$auto$insbuf.cc:79:execute$23506: $abc$18193$abc$11031$memory\rf$wrmux[7][0][0]$y$1357[28] -> $abc$11031$memory\rf$wrmux[7][0][0]$y$1357[28]
Added ysyx_25030085_RegisterFile.$auto$insbuf.cc:79:execute$23507: $abc$18193$abc$11031$memory\rf$wrmux[7][0][0]$y$1357[29] -> $abc$11031$memory\rf$wrmux[7][0][0]$y$1357[29]
Added ysyx_25030085_RegisterFile.$auto$insbuf.cc:79:execute$23508: $abc$18193$abc$11031$memory\rf$wrmux[7][0][0]$y$1357[30] -> $abc$11031$memory\rf$wrmux[7][0][0]$y$1357[30]
Added ysyx_25030085_RegisterFile.$auto$insbuf.cc:79:execute$23509: $abc$18193$abc$11031$memory\rf$wrmux[7][0][0]$y$1357[31] -> $abc$11031$memory\rf$wrmux[7][0][0]$y$1357[31]
Added ysyx_25030085_csr_regfile.$auto$insbuf.cc:79:execute$23510: \csr_wen -> $abc$19966$csr_wen
Added ysyx_25030085_csr_regfile.$auto$insbuf.cc:79:execute$23511: \csr_addr [9] -> $abc$19966$csr_addr[9]
Added ysyx_25030085_csr_regfile.$auto$insbuf.cc:79:execute$23512: \csr_addr [8] -> $abc$19966$csr_addr[8]
Added ysyx_25030085_csr_regfile.$auto$insbuf.cc:79:execute$23513: \csr_addr [10] -> $abc$19966$csr_addr[10]
Added ysyx_25030085_csr_regfile.$auto$insbuf.cc:79:execute$23514: \csr_addr [11] -> $abc$19966$csr_addr[11]
Added ysyx_25030085_csr_regfile.$auto$insbuf.cc:79:execute$23515: \csr_addr [3] -> $abc$19966$csr_addr[3]
Added ysyx_25030085_csr_regfile.$auto$insbuf.cc:79:execute$23516: \csr_addr [2] -> $abc$19966$csr_addr[2]
Added ysyx_25030085_csr_regfile.$auto$insbuf.cc:79:execute$23517: \csr_addr [0] -> $abc$19966$csr_addr[0]
Added ysyx_25030085_csr_regfile.$auto$insbuf.cc:79:execute$23518: \csr_addr [1] -> $abc$19966$csr_addr[1]
Added ysyx_25030085_csr_regfile.$auto$insbuf.cc:79:execute$23519: \csr_addr [7] -> $abc$19966$csr_addr[7]
Added ysyx_25030085_csr_regfile.$auto$insbuf.cc:79:execute$23520: \csr_addr [6] -> $abc$19966$csr_addr[6]
Added ysyx_25030085_csr_regfile.$auto$insbuf.cc:79:execute$23521: \csr_addr [5] -> $abc$19966$csr_addr[5]
Added ysyx_25030085_csr_regfile.$auto$insbuf.cc:79:execute$23522: \csr_addr [4] -> $abc$19966$csr_addr[4]
Added ysyx_25030085_csr_regfile.$auto$insbuf.cc:79:execute$23523: \mcycle[0] -> $abc$19966$mcycle[0]
Added ysyx_25030085_csr_regfile.$auto$insbuf.cc:79:execute$23524: $abc$12537$new_n189_ -> $abc$19966$abc$12537$new_n189_
Added ysyx_25030085_csr_regfile.$auto$insbuf.cc:79:execute$23525: $abc$19966$csr_rdata[0] -> \csr_rdata [0]
Added ysyx_25030085_csr_regfile.$auto$insbuf.cc:79:execute$23526: \mcycleh[1] -> $abc$19966$mcycleh[1]
Added ysyx_25030085_csr_regfile.$auto$insbuf.cc:79:execute$23527: \mcycle[1] -> $abc$19966$mcycle[1]
Added ysyx_25030085_csr_regfile.$auto$insbuf.cc:79:execute$23528: $abc$19966$csr_rdata[1] -> \csr_rdata [1]
Added ysyx_25030085_csr_regfile.$auto$insbuf.cc:79:execute$23529: $abc$12537$new_n215_ -> $abc$19966$abc$12537$new_n215_
Added ysyx_25030085_csr_regfile.$auto$insbuf.cc:79:execute$23530: $abc$12537$new_n214_ -> $abc$19966$abc$12537$new_n214_
Added ysyx_25030085_csr_regfile.$auto$insbuf.cc:79:execute$23531: $abc$19966$csr_rdata[2] -> \csr_rdata [2]
Added ysyx_25030085_csr_regfile.$auto$insbuf.cc:79:execute$23532: $abc$12537$new_n220_ -> $abc$19966$abc$12537$new_n220_
Added ysyx_25030085_csr_regfile.$auto$insbuf.cc:79:execute$23533: $abc$12537$new_n219_ -> $abc$19966$abc$12537$new_n219_
Added ysyx_25030085_csr_regfile.$auto$insbuf.cc:79:execute$23534: $abc$19966$csr_rdata[3] -> \csr_rdata [3]
Added ysyx_25030085_csr_regfile.$auto$insbuf.cc:79:execute$23535: $abc$12537$new_n225_ -> $abc$19966$abc$12537$new_n225_
Added ysyx_25030085_csr_regfile.$auto$insbuf.cc:79:execute$23536: $abc$12537$new_n224_ -> $abc$19966$abc$12537$new_n224_
Added ysyx_25030085_csr_regfile.$auto$insbuf.cc:79:execute$23537: $abc$19966$csr_rdata[4] -> \csr_rdata [4]
Added ysyx_25030085_csr_regfile.$auto$insbuf.cc:79:execute$23538: $abc$12537$new_n230_ -> $abc$19966$abc$12537$new_n230_
Added ysyx_25030085_csr_regfile.$auto$insbuf.cc:79:execute$23539: $abc$12537$new_n229_ -> $abc$19966$abc$12537$new_n229_
Added ysyx_25030085_csr_regfile.$auto$insbuf.cc:79:execute$23540: $abc$19966$csr_rdata[5] -> \csr_rdata [5]
Added ysyx_25030085_csr_regfile.$auto$insbuf.cc:79:execute$23541: $abc$12537$new_n234_ -> $abc$19966$abc$12537$new_n234_
Added ysyx_25030085_csr_regfile.$auto$insbuf.cc:79:execute$23542: \mcycleh[6] -> $abc$19966$mcycleh[6]
Added ysyx_25030085_csr_regfile.$auto$insbuf.cc:79:execute$23543: $abc$19966$csr_rdata[6] -> \csr_rdata [6]
Added ysyx_25030085_csr_regfile.$auto$insbuf.cc:79:execute$23544: $abc$12537$new_n241_ -> $abc$19966$abc$12537$new_n241_
Added ysyx_25030085_csr_regfile.$auto$insbuf.cc:79:execute$23545: $abc$12537$new_n240_ -> $abc$19966$abc$12537$new_n240_
Added ysyx_25030085_csr_regfile.$auto$insbuf.cc:79:execute$23546: $abc$19966$csr_rdata[7] -> \csr_rdata [7]
Added ysyx_25030085_csr_regfile.$auto$insbuf.cc:79:execute$23547: \mcycle[8] -> $abc$19966$mcycle[8]
Added ysyx_25030085_csr_regfile.$auto$insbuf.cc:79:execute$23548: \mcycleh[8] -> $abc$19966$mcycleh[8]
Added ysyx_25030085_csr_regfile.$auto$insbuf.cc:79:execute$23549: $abc$19966$csr_rdata[8] -> \csr_rdata [8]
Added ysyx_25030085_csr_regfile.$auto$insbuf.cc:79:execute$23550: $abc$12537$new_n250_ -> $abc$19966$abc$12537$new_n250_
Added ysyx_25030085_csr_regfile.$auto$insbuf.cc:79:execute$23551: $abc$12537$new_n249_ -> $abc$19966$abc$12537$new_n249_
Added ysyx_25030085_csr_regfile.$auto$insbuf.cc:79:execute$23552: $abc$19966$csr_rdata[9] -> \csr_rdata [9]
Added ysyx_25030085_csr_regfile.$auto$insbuf.cc:79:execute$23553: $abc$12537$new_n255_ -> $abc$19966$abc$12537$new_n255_
Added ysyx_25030085_csr_regfile.$auto$insbuf.cc:79:execute$23554: $abc$12537$new_n254_ -> $abc$19966$abc$12537$new_n254_
Added ysyx_25030085_csr_regfile.$auto$insbuf.cc:79:execute$23555: $abc$19966$csr_rdata[10] -> \csr_rdata [10]
Added ysyx_25030085_csr_regfile.$auto$insbuf.cc:79:execute$23556: $abc$12537$new_n259_ -> $abc$19966$abc$12537$new_n259_
Added ysyx_25030085_csr_regfile.$auto$insbuf.cc:79:execute$23557: \mcycleh[11] -> $abc$19966$mcycleh[11]
Added ysyx_25030085_csr_regfile.$auto$insbuf.cc:79:execute$23558: $abc$19966$csr_rdata[11] -> \csr_rdata [11]
Added ysyx_25030085_csr_regfile.$auto$insbuf.cc:79:execute$23559: $abc$12537$new_n265_ -> $abc$19966$abc$12537$new_n265_
Added ysyx_25030085_csr_regfile.$auto$insbuf.cc:79:execute$23560: $abc$12537$new_n264_ -> $abc$19966$abc$12537$new_n264_
Added ysyx_25030085_csr_regfile.$auto$insbuf.cc:79:execute$23561: $abc$19966$csr_rdata[12] -> \csr_rdata [12]
Added ysyx_25030085_csr_regfile.$auto$insbuf.cc:79:execute$23562: $abc$12537$new_n269_ -> $abc$19966$abc$12537$new_n269_
Added ysyx_25030085_csr_regfile.$auto$insbuf.cc:79:execute$23563: \mcycleh[13] -> $abc$19966$mcycleh[13]
Added ysyx_25030085_csr_regfile.$auto$insbuf.cc:79:execute$23564: $abc$19966$csr_rdata[13] -> \csr_rdata [13]
Added ysyx_25030085_csr_regfile.$auto$insbuf.cc:79:execute$23565: \mcycle[14] -> $abc$19966$mcycle[14]
Added ysyx_25030085_csr_regfile.$auto$insbuf.cc:79:execute$23566: \mcycleh[14] -> $abc$19966$mcycleh[14]
Added ysyx_25030085_csr_regfile.$auto$insbuf.cc:79:execute$23567: $abc$19966$csr_rdata[14] -> \csr_rdata [14]
Added ysyx_25030085_csr_regfile.$auto$insbuf.cc:79:execute$23568: $abc$12537$new_n279_ -> $abc$19966$abc$12537$new_n279_
Added ysyx_25030085_csr_regfile.$auto$insbuf.cc:79:execute$23569: $abc$12537$new_n278_ -> $abc$19966$abc$12537$new_n278_
Added ysyx_25030085_csr_regfile.$auto$insbuf.cc:79:execute$23570: $abc$19966$csr_rdata[15] -> \csr_rdata [15]
Added ysyx_25030085_csr_regfile.$auto$insbuf.cc:79:execute$23571: \mcycle[16] -> $abc$19966$mcycle[16]
Added ysyx_25030085_csr_regfile.$auto$insbuf.cc:79:execute$23572: \mcycleh[16] -> $abc$19966$mcycleh[16]
Added ysyx_25030085_csr_regfile.$auto$insbuf.cc:79:execute$23573: $abc$19966$csr_rdata[16] -> \csr_rdata [16]
Added ysyx_25030085_csr_regfile.$auto$insbuf.cc:79:execute$23574: $abc$12537$new_n288_ -> $abc$19966$abc$12537$new_n288_
Added ysyx_25030085_csr_regfile.$auto$insbuf.cc:79:execute$23575: $abc$12537$new_n287_ -> $abc$19966$abc$12537$new_n287_
Added ysyx_25030085_csr_regfile.$auto$insbuf.cc:79:execute$23576: $abc$19966$csr_rdata[17] -> \csr_rdata [17]
Added ysyx_25030085_csr_regfile.$auto$insbuf.cc:79:execute$23577: $abc$12537$new_n293_ -> $abc$19966$abc$12537$new_n293_
Added ysyx_25030085_csr_regfile.$auto$insbuf.cc:79:execute$23578: $abc$12537$new_n292_ -> $abc$19966$abc$12537$new_n292_
Added ysyx_25030085_csr_regfile.$auto$insbuf.cc:79:execute$23579: $abc$19966$csr_rdata[18] -> \csr_rdata [18]
Added ysyx_25030085_csr_regfile.$auto$insbuf.cc:79:execute$23580: $abc$12537$new_n298_ -> $abc$19966$abc$12537$new_n298_
Added ysyx_25030085_csr_regfile.$auto$insbuf.cc:79:execute$23581: $abc$12537$new_n297_ -> $abc$19966$abc$12537$new_n297_
Added ysyx_25030085_csr_regfile.$auto$insbuf.cc:79:execute$23582: $abc$19966$csr_rdata[19] -> \csr_rdata [19]
Added ysyx_25030085_csr_regfile.$auto$insbuf.cc:79:execute$23583: \mcycle[20] -> $abc$19966$mcycle[20]
Added ysyx_25030085_csr_regfile.$auto$insbuf.cc:79:execute$23584: \mcycleh[20] -> $abc$19966$mcycleh[20]
Added ysyx_25030085_csr_regfile.$auto$insbuf.cc:79:execute$23585: $abc$19966$csr_rdata[20] -> \csr_rdata [20]
Added ysyx_25030085_csr_regfile.$auto$insbuf.cc:79:execute$23586: $abc$12537$new_n306_ -> $abc$19966$abc$12537$new_n306_
Added ysyx_25030085_csr_regfile.$auto$insbuf.cc:79:execute$23587: \mcycleh[21] -> $abc$19966$mcycleh[21]
Added ysyx_25030085_csr_regfile.$auto$insbuf.cc:79:execute$23588: $abc$19966$csr_rdata[21] -> \csr_rdata [21]
Added ysyx_25030085_csr_regfile.$auto$insbuf.cc:79:execute$23589: \mcycle[22] -> $abc$19966$mcycle[22]
Added ysyx_25030085_csr_regfile.$auto$insbuf.cc:79:execute$23590: \mcycleh[22] -> $abc$19966$mcycleh[22]
Added ysyx_25030085_csr_regfile.$auto$insbuf.cc:79:execute$23591: $abc$19966$csr_rdata[22] -> \csr_rdata [22]
Added ysyx_25030085_csr_regfile.$auto$insbuf.cc:79:execute$23592: $abc$12537$new_n316_ -> $abc$19966$abc$12537$new_n316_
Added ysyx_25030085_csr_regfile.$auto$insbuf.cc:79:execute$23593: $abc$12537$new_n315_ -> $abc$19966$abc$12537$new_n315_
Added ysyx_25030085_csr_regfile.$auto$insbuf.cc:79:execute$23594: $abc$19966$csr_rdata[23] -> \csr_rdata [23]
Added ysyx_25030085_csr_regfile.$auto$insbuf.cc:79:execute$23595: \mcycle[24] -> $abc$19966$mcycle[24]
Added ysyx_25030085_csr_regfile.$auto$insbuf.cc:79:execute$23596: \mcycleh[24] -> $abc$19966$mcycleh[24]
Added ysyx_25030085_csr_regfile.$auto$insbuf.cc:79:execute$23597: $abc$19966$csr_rdata[24] -> \csr_rdata [24]
Added ysyx_25030085_csr_regfile.$auto$insbuf.cc:79:execute$23598: $abc$12537$new_n325_ -> $abc$19966$abc$12537$new_n325_
Added ysyx_25030085_csr_regfile.$auto$insbuf.cc:79:execute$23599: $abc$12537$new_n324_ -> $abc$19966$abc$12537$new_n324_
Added ysyx_25030085_csr_regfile.$auto$insbuf.cc:79:execute$23600: $abc$19966$csr_rdata[25] -> \csr_rdata [25]
Added ysyx_25030085_csr_regfile.$auto$insbuf.cc:79:execute$23601: \mcycleh[26] -> $abc$19966$mcycleh[26]
Added ysyx_25030085_csr_regfile.$auto$insbuf.cc:79:execute$23602: \mcycle[26] -> $abc$19966$mcycle[26]
Added ysyx_25030085_csr_regfile.$auto$insbuf.cc:79:execute$23603: $abc$19966$csr_rdata[26] -> \csr_rdata [26]
Added ysyx_25030085_csr_regfile.$auto$insbuf.cc:79:execute$23604: $abc$12537$new_n333_ -> $abc$19966$abc$12537$new_n333_
Added ysyx_25030085_csr_regfile.$auto$insbuf.cc:79:execute$23605: $abc$12537$new_n332_ -> $abc$19966$abc$12537$new_n332_
Added ysyx_25030085_csr_regfile.$auto$insbuf.cc:79:execute$23606: $abc$19966$csr_rdata[27] -> \csr_rdata [27]
Added ysyx_25030085_csr_regfile.$auto$insbuf.cc:79:execute$23607: $abc$12537$new_n338_ -> $abc$19966$abc$12537$new_n338_
Added ysyx_25030085_csr_regfile.$auto$insbuf.cc:79:execute$23608: $abc$12537$new_n337_ -> $abc$19966$abc$12537$new_n337_
Added ysyx_25030085_csr_regfile.$auto$insbuf.cc:79:execute$23609: $abc$19966$csr_rdata[28] -> \csr_rdata [28]
Added ysyx_25030085_csr_regfile.$auto$insbuf.cc:79:execute$23610: $abc$12537$new_n343_ -> $abc$19966$abc$12537$new_n343_
Added ysyx_25030085_csr_regfile.$auto$insbuf.cc:79:execute$23611: $abc$12537$new_n342_ -> $abc$19966$abc$12537$new_n342_
Added ysyx_25030085_csr_regfile.$auto$insbuf.cc:79:execute$23612: $abc$19966$csr_rdata[29] -> \csr_rdata [29]
Added ysyx_25030085_csr_regfile.$auto$insbuf.cc:79:execute$23613: $abc$12537$new_n348_ -> $abc$19966$abc$12537$new_n348_
Added ysyx_25030085_csr_regfile.$auto$insbuf.cc:79:execute$23614: $abc$12537$new_n347_ -> $abc$19966$abc$12537$new_n347_
Added ysyx_25030085_csr_regfile.$auto$insbuf.cc:79:execute$23615: $abc$19966$csr_rdata[30] -> \csr_rdata [30]
Added ysyx_25030085_csr_regfile.$auto$insbuf.cc:79:execute$23616: $abc$12537$new_n353_ -> $abc$19966$abc$12537$new_n353_
Added ysyx_25030085_csr_regfile.$auto$insbuf.cc:79:execute$23617: $abc$12537$new_n352_ -> $abc$19966$abc$12537$new_n352_
Added ysyx_25030085_csr_regfile.$auto$insbuf.cc:79:execute$23618: $abc$19966$csr_rdata[31] -> \csr_rdata [31]
Added ysyx_25030085_csr_regfile.$auto$insbuf.cc:79:execute$23619: \reset -> $abc$19966$reset
Added ysyx_25030085_csr_regfile.$auto$insbuf.cc:79:execute$23620: \mcycle[31] -> $abc$19966$mcycle[31]
Added ysyx_25030085_csr_regfile.$auto$insbuf.cc:79:execute$23621: \mcycle[30] -> $abc$19966$mcycle[30]
Added ysyx_25030085_csr_regfile.$auto$insbuf.cc:79:execute$23622: \mcycle[29] -> $abc$19966$mcycle[29]
Added ysyx_25030085_csr_regfile.$auto$insbuf.cc:79:execute$23623: \mcycle[28] -> $abc$19966$mcycle[28]
Added ysyx_25030085_csr_regfile.$auto$insbuf.cc:79:execute$23624: \mcycle[27] -> $abc$19966$mcycle[27]
Added ysyx_25030085_csr_regfile.$auto$insbuf.cc:79:execute$23625: \mcycle[25] -> $abc$19966$mcycle[25]
Added ysyx_25030085_csr_regfile.$auto$insbuf.cc:79:execute$23626: \mcycle[23] -> $abc$19966$mcycle[23]
Added ysyx_25030085_csr_regfile.$auto$insbuf.cc:79:execute$23627: \mcycle[21] -> $abc$19966$mcycle[21]
Added ysyx_25030085_csr_regfile.$auto$insbuf.cc:79:execute$23628: \mcycle[19] -> $abc$19966$mcycle[19]
Added ysyx_25030085_csr_regfile.$auto$insbuf.cc:79:execute$23629: \mcycle[18] -> $abc$19966$mcycle[18]
Added ysyx_25030085_csr_regfile.$auto$insbuf.cc:79:execute$23630: \mcycle[17] -> $abc$19966$mcycle[17]
Added ysyx_25030085_csr_regfile.$auto$insbuf.cc:79:execute$23631: \mcycle[15] -> $abc$19966$mcycle[15]
Added ysyx_25030085_csr_regfile.$auto$insbuf.cc:79:execute$23632: \mcycle[13] -> $abc$19966$mcycle[13]
Added ysyx_25030085_csr_regfile.$auto$insbuf.cc:79:execute$23633: \mcycle[12] -> $abc$19966$mcycle[12]
Added ysyx_25030085_csr_regfile.$auto$insbuf.cc:79:execute$23634: \mcycle[11] -> $abc$19966$mcycle[11]
Added ysyx_25030085_csr_regfile.$auto$insbuf.cc:79:execute$23635: \mcycle[10] -> $abc$19966$mcycle[10]
Added ysyx_25030085_csr_regfile.$auto$insbuf.cc:79:execute$23636: \mcycle[9] -> $abc$19966$mcycle[9]
Added ysyx_25030085_csr_regfile.$auto$insbuf.cc:79:execute$23637: \mcycle[7] -> $abc$19966$mcycle[7]
Added ysyx_25030085_csr_regfile.$auto$insbuf.cc:79:execute$23638: \mcycle[6] -> $abc$19966$mcycle[6]
Added ysyx_25030085_csr_regfile.$auto$insbuf.cc:79:execute$23639: \mcycle[5] -> $abc$19966$mcycle[5]
Added ysyx_25030085_csr_regfile.$auto$insbuf.cc:79:execute$23640: \mcycle[4] -> $abc$19966$mcycle[4]
Added ysyx_25030085_csr_regfile.$auto$insbuf.cc:79:execute$23641: \mcycle[3] -> $abc$19966$mcycle[3]
Added ysyx_25030085_csr_regfile.$auto$insbuf.cc:79:execute$23642: \mcycle[2] -> $abc$19966$mcycle[2]
Added ysyx_25030085_csr_regfile.$auto$insbuf.cc:79:execute$23643: \mcycleh[0] -> $abc$19966$mcycleh[0]
Added ysyx_25030085_csr_regfile.$auto$insbuf.cc:79:execute$23644: $abc$19966$0\mcycleh[31:0][0] -> $0\mcycleh[31:0][0]
Added ysyx_25030085_csr_regfile.$auto$insbuf.cc:79:execute$23645: $abc$19966$0\mcycleh[31:0][1] -> $0\mcycleh[31:0][1]
Added ysyx_25030085_csr_regfile.$auto$insbuf.cc:79:execute$23646: \mcycleh[2] -> $abc$19966$mcycleh[2]
Added ysyx_25030085_csr_regfile.$auto$insbuf.cc:79:execute$23647: $abc$19966$0\mcycleh[31:0][2] -> $0\mcycleh[31:0][2]
Added ysyx_25030085_csr_regfile.$auto$insbuf.cc:79:execute$23648: $abc$19966$0\mcycleh[31:0][3] -> $0\mcycleh[31:0][3]
Added ysyx_25030085_csr_regfile.$auto$insbuf.cc:79:execute$23649: \mcycleh[3] -> $abc$19966$mcycleh[3]
Added ysyx_25030085_csr_regfile.$auto$insbuf.cc:79:execute$23650: $abc$19966$0\mcycleh[31:0][4] -> $0\mcycleh[31:0][4]
Added ysyx_25030085_csr_regfile.$auto$insbuf.cc:79:execute$23651: $abc$19966$0\mcycleh[31:0][5] -> $0\mcycleh[31:0][5]
Added ysyx_25030085_csr_regfile.$auto$insbuf.cc:79:execute$23652: \mcycleh[5] -> $abc$19966$mcycleh[5]
Added ysyx_25030085_csr_regfile.$auto$insbuf.cc:79:execute$23653: \mcycleh[4] -> $abc$19966$mcycleh[4]
Added ysyx_25030085_csr_regfile.$auto$insbuf.cc:79:execute$23654: $abc$19966$0\mcycleh[31:0][6] -> $0\mcycleh[31:0][6]
Added ysyx_25030085_csr_regfile.$auto$insbuf.cc:79:execute$23655: $abc$19966$0\mcycleh[31:0][7] -> $0\mcycleh[31:0][7]
Added ysyx_25030085_csr_regfile.$auto$insbuf.cc:79:execute$23656: \mcycleh[7] -> $abc$19966$mcycleh[7]
Added ysyx_25030085_csr_regfile.$auto$insbuf.cc:79:execute$23657: $abc$19966$0\mcycleh[31:0][8] -> $0\mcycleh[31:0][8]
Added ysyx_25030085_csr_regfile.$auto$insbuf.cc:79:execute$23658: $abc$19966$0\mcycleh[31:0][9] -> $0\mcycleh[31:0][9]
Added ysyx_25030085_csr_regfile.$auto$insbuf.cc:79:execute$23659: \mcycleh[9] -> $abc$19966$mcycleh[9]
Added ysyx_25030085_csr_regfile.$auto$insbuf.cc:79:execute$23660: \mcycleh[10] -> $abc$19966$mcycleh[10]
Added ysyx_25030085_csr_regfile.$auto$insbuf.cc:79:execute$23661: $abc$19966$0\mcycleh[31:0][10] -> $0\mcycleh[31:0][10]
Added ysyx_25030085_csr_regfile.$auto$insbuf.cc:79:execute$23662: $abc$19966$0\mcycleh[31:0][11] -> $0\mcycleh[31:0][11]
Added ysyx_25030085_csr_regfile.$auto$insbuf.cc:79:execute$23663: \mcycleh[12] -> $abc$19966$mcycleh[12]
Added ysyx_25030085_csr_regfile.$auto$insbuf.cc:79:execute$23664: $abc$19966$0\mcycleh[31:0][12] -> $0\mcycleh[31:0][12]
Added ysyx_25030085_csr_regfile.$auto$insbuf.cc:79:execute$23665: $abc$19966$0\mcycleh[31:0][13] -> $0\mcycleh[31:0][13]
Added ysyx_25030085_csr_regfile.$auto$insbuf.cc:79:execute$23666: $abc$19966$0\mcycleh[31:0][14] -> $0\mcycleh[31:0][14]
Added ysyx_25030085_csr_regfile.$auto$insbuf.cc:79:execute$23667: $abc$19966$0\mcycleh[31:0][15] -> $0\mcycleh[31:0][15]
Added ysyx_25030085_csr_regfile.$auto$insbuf.cc:79:execute$23668: \mcycleh[15] -> $abc$19966$mcycleh[15]
Added ysyx_25030085_csr_regfile.$auto$insbuf.cc:79:execute$23669: $abc$19966$0\mcycleh[31:0][16] -> $0\mcycleh[31:0][16]
Added ysyx_25030085_csr_regfile.$auto$insbuf.cc:79:execute$23670: $abc$19966$0\mcycleh[31:0][17] -> $0\mcycleh[31:0][17]
Added ysyx_25030085_csr_regfile.$auto$insbuf.cc:79:execute$23671: \mcycleh[17] -> $abc$19966$mcycleh[17]
Added ysyx_25030085_csr_regfile.$auto$insbuf.cc:79:execute$23672: \mcycleh[18] -> $abc$19966$mcycleh[18]
Added ysyx_25030085_csr_regfile.$auto$insbuf.cc:79:execute$23673: $abc$19966$0\mcycleh[31:0][18] -> $0\mcycleh[31:0][18]
Added ysyx_25030085_csr_regfile.$auto$insbuf.cc:79:execute$23674: $abc$19966$0\mcycleh[31:0][19] -> $0\mcycleh[31:0][19]
Added ysyx_25030085_csr_regfile.$auto$insbuf.cc:79:execute$23675: \mcycleh[19] -> $abc$19966$mcycleh[19]
Added ysyx_25030085_csr_regfile.$auto$insbuf.cc:79:execute$23676: $abc$19966$0\mcycleh[31:0][20] -> $0\mcycleh[31:0][20]
Added ysyx_25030085_csr_regfile.$auto$insbuf.cc:79:execute$23677: $abc$19966$0\mcycleh[31:0][21] -> $0\mcycleh[31:0][21]
Added ysyx_25030085_csr_regfile.$auto$insbuf.cc:79:execute$23678: $abc$19966$0\mcycleh[31:0][22] -> $0\mcycleh[31:0][22]
Added ysyx_25030085_csr_regfile.$auto$insbuf.cc:79:execute$23679: $abc$19966$0\mcycleh[31:0][23] -> $0\mcycleh[31:0][23]
Added ysyx_25030085_csr_regfile.$auto$insbuf.cc:79:execute$23680: \mcycleh[23] -> $abc$19966$mcycleh[23]
Added ysyx_25030085_csr_regfile.$auto$insbuf.cc:79:execute$23681: $abc$19966$0\mcycleh[31:0][24] -> $0\mcycleh[31:0][24]
Added ysyx_25030085_csr_regfile.$auto$insbuf.cc:79:execute$23682: $abc$19966$0\mcycleh[31:0][25] -> $0\mcycleh[31:0][25]
Added ysyx_25030085_csr_regfile.$auto$insbuf.cc:79:execute$23683: \mcycleh[25] -> $abc$19966$mcycleh[25]
Added ysyx_25030085_csr_regfile.$auto$insbuf.cc:79:execute$23684: $abc$19966$0\mcycleh[31:0][26] -> $0\mcycleh[31:0][26]
Added ysyx_25030085_csr_regfile.$auto$insbuf.cc:79:execute$23685: $abc$19966$0\mcycleh[31:0][27] -> $0\mcycleh[31:0][27]
Added ysyx_25030085_csr_regfile.$auto$insbuf.cc:79:execute$23686: \mcycleh[27] -> $abc$19966$mcycleh[27]
Added ysyx_25030085_csr_regfile.$auto$insbuf.cc:79:execute$23687: \mcycleh[28] -> $abc$19966$mcycleh[28]
Added ysyx_25030085_csr_regfile.$auto$insbuf.cc:79:execute$23688: $abc$19966$0\mcycleh[31:0][28] -> $0\mcycleh[31:0][28]
Added ysyx_25030085_csr_regfile.$auto$insbuf.cc:79:execute$23689: $abc$19966$0\mcycleh[31:0][29] -> $0\mcycleh[31:0][29]
Added ysyx_25030085_csr_regfile.$auto$insbuf.cc:79:execute$23690: \mcycleh[29] -> $abc$19966$mcycleh[29]
Added ysyx_25030085_csr_regfile.$auto$insbuf.cc:79:execute$23691: \mcycleh[30] -> $abc$19966$mcycleh[30]
Added ysyx_25030085_csr_regfile.$auto$insbuf.cc:79:execute$23692: $abc$19966$0\mcycleh[31:0][30] -> $0\mcycleh[31:0][30]
Added ysyx_25030085_csr_regfile.$auto$insbuf.cc:79:execute$23693: $abc$19966$0\mcycleh[31:0][31] -> $0\mcycleh[31:0][31]
Added ysyx_25030085_csr_regfile.$auto$insbuf.cc:79:execute$23694: $abc$19966$0\mcycle[31:0][0] -> $0\mcycle[31:0][0]
Added ysyx_25030085_csr_regfile.$auto$insbuf.cc:79:execute$23695: $abc$19966$0\mcycle[31:0][1] -> $0\mcycle[31:0][1]
Added ysyx_25030085_csr_regfile.$auto$insbuf.cc:79:execute$23696: $abc$19966$0\mcycle[31:0][2] -> $0\mcycle[31:0][2]
Added ysyx_25030085_csr_regfile.$auto$insbuf.cc:79:execute$23697: $abc$19966$0\mcycle[31:0][3] -> $0\mcycle[31:0][3]
Added ysyx_25030085_csr_regfile.$auto$insbuf.cc:79:execute$23698: $abc$19966$0\mcycle[31:0][4] -> $0\mcycle[31:0][4]
Added ysyx_25030085_csr_regfile.$auto$insbuf.cc:79:execute$23699: $abc$19966$0\mcycle[31:0][5] -> $0\mcycle[31:0][5]
Added ysyx_25030085_csr_regfile.$auto$insbuf.cc:79:execute$23700: $abc$19966$0\mcycle[31:0][6] -> $0\mcycle[31:0][6]
Added ysyx_25030085_csr_regfile.$auto$insbuf.cc:79:execute$23701: $abc$19966$0\mcycle[31:0][7] -> $0\mcycle[31:0][7]
Added ysyx_25030085_csr_regfile.$auto$insbuf.cc:79:execute$23702: $abc$19966$0\mcycle[31:0][8] -> $0\mcycle[31:0][8]
Added ysyx_25030085_csr_regfile.$auto$insbuf.cc:79:execute$23703: $abc$19966$0\mcycle[31:0][9] -> $0\mcycle[31:0][9]
Added ysyx_25030085_csr_regfile.$auto$insbuf.cc:79:execute$23704: $abc$19966$0\mcycle[31:0][10] -> $0\mcycle[31:0][10]
Added ysyx_25030085_csr_regfile.$auto$insbuf.cc:79:execute$23705: $abc$19966$0\mcycle[31:0][11] -> $0\mcycle[31:0][11]
Added ysyx_25030085_csr_regfile.$auto$insbuf.cc:79:execute$23706: $abc$19966$0\mcycle[31:0][12] -> $0\mcycle[31:0][12]
Added ysyx_25030085_csr_regfile.$auto$insbuf.cc:79:execute$23707: $abc$19966$0\mcycle[31:0][13] -> $0\mcycle[31:0][13]
Added ysyx_25030085_csr_regfile.$auto$insbuf.cc:79:execute$23708: $abc$19966$0\mcycle[31:0][14] -> $0\mcycle[31:0][14]
Added ysyx_25030085_csr_regfile.$auto$insbuf.cc:79:execute$23709: $abc$19966$0\mcycle[31:0][15] -> $0\mcycle[31:0][15]
Added ysyx_25030085_csr_regfile.$auto$insbuf.cc:79:execute$23710: $abc$19966$0\mcycle[31:0][16] -> $0\mcycle[31:0][16]
Added ysyx_25030085_csr_regfile.$auto$insbuf.cc:79:execute$23711: $abc$19966$0\mcycle[31:0][17] -> $0\mcycle[31:0][17]
Added ysyx_25030085_csr_regfile.$auto$insbuf.cc:79:execute$23712: $abc$19966$0\mcycle[31:0][18] -> $0\mcycle[31:0][18]
Added ysyx_25030085_csr_regfile.$auto$insbuf.cc:79:execute$23713: $abc$19966$0\mcycle[31:0][19] -> $0\mcycle[31:0][19]
Added ysyx_25030085_csr_regfile.$auto$insbuf.cc:79:execute$23714: $abc$19966$0\mcycle[31:0][20] -> $0\mcycle[31:0][20]
Added ysyx_25030085_csr_regfile.$auto$insbuf.cc:79:execute$23715: $abc$19966$0\mcycle[31:0][21] -> $0\mcycle[31:0][21]
Added ysyx_25030085_csr_regfile.$auto$insbuf.cc:79:execute$23716: $abc$19966$0\mcycle[31:0][22] -> $0\mcycle[31:0][22]
Added ysyx_25030085_csr_regfile.$auto$insbuf.cc:79:execute$23717: $abc$19966$0\mcycle[31:0][23] -> $0\mcycle[31:0][23]
Added ysyx_25030085_csr_regfile.$auto$insbuf.cc:79:execute$23718: $abc$19966$0\mcycle[31:0][24] -> $0\mcycle[31:0][24]
Added ysyx_25030085_csr_regfile.$auto$insbuf.cc:79:execute$23719: $abc$19966$0\mcycle[31:0][25] -> $0\mcycle[31:0][25]
Added ysyx_25030085_csr_regfile.$auto$insbuf.cc:79:execute$23720: $abc$19966$0\mcycle[31:0][26] -> $0\mcycle[31:0][26]
Added ysyx_25030085_csr_regfile.$auto$insbuf.cc:79:execute$23721: $abc$19966$0\mcycle[31:0][27] -> $0\mcycle[31:0][27]
Added ysyx_25030085_csr_regfile.$auto$insbuf.cc:79:execute$23722: $abc$19966$0\mcycle[31:0][28] -> $0\mcycle[31:0][28]
Added ysyx_25030085_csr_regfile.$auto$insbuf.cc:79:execute$23723: $abc$19966$0\mcycle[31:0][29] -> $0\mcycle[31:0][29]
Added ysyx_25030085_csr_regfile.$auto$insbuf.cc:79:execute$23724: $abc$19966$0\mcycle[31:0][30] -> $0\mcycle[31:0][30]
Added ysyx_25030085_csr_regfile.$auto$insbuf.cc:79:execute$23725: $abc$19966$0\mcycle[31:0][31] -> $0\mcycle[31:0][31]
Added ysyx_25030085_ex.$auto$insbuf.cc:79:execute$23726: \ALUSrc -> \out_ctrl [0]
Added ysyx_25030085_ex.$auto$insbuf.cc:79:execute$23727: \Jump -> \out_ctrl [9]
Added ysyx_25030085_ex.$auto$insbuf.cc:79:execute$23728: \csr_wen -> \out_ctrl [11]
Added ysyx_25030085_ex.$auto$insbuf.cc:79:execute$23729: \in_ready -> \state[0]
Added ysyx_25030085_ex.$auto$insbuf.cc:79:execute$23730: \out_valid -> \state[2]
Added ysyx_25030085_ex.$auto$insbuf.cc:79:execute$23731: \state[1] -> $abc$20447$state[1]
Added ysyx_25030085_ex.$auto$insbuf.cc:79:execute$23732: \out_ready -> $abc$20447$out_ready
Added ysyx_25030085_ex.$auto$insbuf.cc:79:execute$23733: \out_valid -> $abc$20447$out_valid
Added ysyx_25030085_ex.$auto$insbuf.cc:79:execute$23734: $abc$20447$abc$12962$auto$fsm_map.cc:170:map_fsm$948[1] -> $abc$12962$auto$fsm_map.cc:170:map_fsm$948[1]
Added ysyx_25030085_ex.$auto$insbuf.cc:79:execute$23735: $abc$12962$new_n507_ -> $abc$20447$abc$12962$new_n507_
Added ysyx_25030085_ex.$auto$insbuf.cc:79:execute$23736: \in_valid -> $abc$20447$in_valid
Added ysyx_25030085_ex.$auto$insbuf.cc:79:execute$23737: $abc$20447$abc$12962$auto$fsm_map.cc:170:map_fsm$948[0] -> $abc$12962$auto$fsm_map.cc:170:map_fsm$948[0]
Added ysyx_25030085_ex.$auto$insbuf.cc:79:execute$23738: \pc_out [0] -> $abc$20447$pc_out[0]
Added ysyx_25030085_ex.$auto$insbuf.cc:79:execute$23739: \Jump -> $abc$20447$Jump
Added ysyx_25030085_ex.$auto$insbuf.cc:79:execute$23740: $abc$20447$next_pc[0] -> \next_pc [0]
Added ysyx_25030085_ex.$auto$insbuf.cc:79:execute$23741: \out_rs2_data [1] -> $abc$20447$out_rs2_data[1]
Added ysyx_25030085_ex.$auto$insbuf.cc:79:execute$23742: \imm_out [1] -> $abc$20447$imm_out[1]
Added ysyx_25030085_ex.$auto$insbuf.cc:79:execute$23743: \ALUSrc -> $abc$20447$ALUSrc
Added ysyx_25030085_ex.$auto$insbuf.cc:79:execute$23744: \rs1_data[1] -> $abc$20447$rs1_data[1]
Added ysyx_25030085_ex.$auto$insbuf.cc:79:execute$23745: \out_rs2_data [0] -> $abc$20447$out_rs2_data[0]
Added ysyx_25030085_ex.$auto$insbuf.cc:79:execute$23746: \imm_out [0] -> $abc$20447$imm_out[0]
Added ysyx_25030085_ex.$auto$insbuf.cc:79:execute$23747: \rs1_data[0] -> $abc$20447$rs1_data[0]
Added ysyx_25030085_ex.$auto$insbuf.cc:79:execute$23748: $abc$20447$out_Alu_Result[1] -> \out_Alu_Result [1]
Added ysyx_25030085_ex.$auto$insbuf.cc:79:execute$23749: \pc_out [1] -> $abc$20447$pc_out[1]
Added ysyx_25030085_ex.$auto$insbuf.cc:79:execute$23750: $abc$20447$next_pc[1] -> \next_pc [1]
Added ysyx_25030085_ex.$auto$insbuf.cc:79:execute$23751: \out_rs2_data [2] -> $abc$20447$out_rs2_data[2]
Added ysyx_25030085_ex.$auto$insbuf.cc:79:execute$23752: \imm_out [2] -> $abc$20447$imm_out[2]
Added ysyx_25030085_ex.$auto$insbuf.cc:79:execute$23753: \rs1_data[2] -> $abc$20447$rs1_data[2]
Added ysyx_25030085_ex.$auto$insbuf.cc:79:execute$23754: $abc$20447$out_Alu_Result[2] -> \out_Alu_Result [2]
Added ysyx_25030085_ex.$auto$insbuf.cc:79:execute$23755: $abc$12962$new_n525_ -> $abc$20447$abc$12962$new_n525_
Added ysyx_25030085_ex.$auto$insbuf.cc:79:execute$23756: $abc$20447$next_pc[2] -> \next_pc [2]
Added ysyx_25030085_ex.$auto$insbuf.cc:79:execute$23757: \out_rs2_data [3] -> $abc$20447$out_rs2_data[3]
Added ysyx_25030085_ex.$auto$insbuf.cc:79:execute$23758: \imm_out [3] -> $abc$20447$imm_out[3]
Added ysyx_25030085_ex.$auto$insbuf.cc:79:execute$23759: \rs1_data[3] -> $abc$20447$rs1_data[3]
Added ysyx_25030085_ex.$auto$insbuf.cc:79:execute$23760: $abc$20447$out_Alu_Result[3] -> \out_Alu_Result [3]
Added ysyx_25030085_ex.$auto$insbuf.cc:79:execute$23761: \pc_out [3] -> $abc$20447$pc_out[3]
Added ysyx_25030085_ex.$auto$insbuf.cc:79:execute$23762: \pc_out [2] -> $abc$20447$pc_out[2]
Added ysyx_25030085_ex.$auto$insbuf.cc:79:execute$23763: $abc$20447$next_pc[3] -> \next_pc [3]
Added ysyx_25030085_ex.$auto$insbuf.cc:79:execute$23764: \out_rs2_data [4] -> $abc$20447$out_rs2_data[4]
Added ysyx_25030085_ex.$auto$insbuf.cc:79:execute$23765: \imm_out [4] -> $abc$20447$imm_out[4]
Added ysyx_25030085_ex.$auto$insbuf.cc:79:execute$23766: \rs1_data[4] -> $abc$20447$rs1_data[4]
Added ysyx_25030085_ex.$auto$insbuf.cc:79:execute$23767: $abc$20447$out_Alu_Result[4] -> \out_Alu_Result [4]
Added ysyx_25030085_ex.$auto$insbuf.cc:79:execute$23768: \pc_out [4] -> $abc$20447$pc_out[4]
Added ysyx_25030085_ex.$auto$insbuf.cc:79:execute$23769: $abc$20447$next_pc[4] -> \next_pc [4]
Added ysyx_25030085_ex.$auto$insbuf.cc:79:execute$23770: \out_rs2_data [5] -> $abc$20447$out_rs2_data[5]
Added ysyx_25030085_ex.$auto$insbuf.cc:79:execute$23771: \imm_out [5] -> $abc$20447$imm_out[5]
Added ysyx_25030085_ex.$auto$insbuf.cc:79:execute$23772: \rs1_data[5] -> $abc$20447$rs1_data[5]
Added ysyx_25030085_ex.$auto$insbuf.cc:79:execute$23773: $abc$20447$out_Alu_Result[5] -> \out_Alu_Result [5]
Added ysyx_25030085_ex.$auto$insbuf.cc:79:execute$23774: \pc_out [5] -> $abc$20447$pc_out[5]
Added ysyx_25030085_ex.$auto$insbuf.cc:79:execute$23775: $abc$20447$next_pc[5] -> \next_pc [5]
Added ysyx_25030085_ex.$auto$insbuf.cc:79:execute$23776: \out_rs2_data [6] -> $abc$20447$out_rs2_data[6]
Added ysyx_25030085_ex.$auto$insbuf.cc:79:execute$23777: \imm_out [6] -> $abc$20447$imm_out[6]
Added ysyx_25030085_ex.$auto$insbuf.cc:79:execute$23778: $abc$12962$new_n556_ -> $abc$20447$abc$12962$new_n556_
Added ysyx_25030085_ex.$auto$insbuf.cc:79:execute$23779: $abc$20447$out_Alu_Result[6] -> \out_Alu_Result [6]
Added ysyx_25030085_ex.$auto$insbuf.cc:79:execute$23780: \pc_out [6] -> $abc$20447$pc_out[6]
Added ysyx_25030085_ex.$auto$insbuf.cc:79:execute$23781: $abc$20447$next_pc[6] -> \next_pc [6]
Added ysyx_25030085_ex.$auto$insbuf.cc:79:execute$23782: \out_rs2_data [7] -> $abc$20447$out_rs2_data[7]
Added ysyx_25030085_ex.$auto$insbuf.cc:79:execute$23783: \imm_out [7] -> $abc$20447$imm_out[7]
Added ysyx_25030085_ex.$auto$insbuf.cc:79:execute$23784: \rs1_data[7] -> $abc$20447$rs1_data[7]
Added ysyx_25030085_ex.$auto$insbuf.cc:79:execute$23785: \rs1_data[6] -> $abc$20447$rs1_data[6]
Added ysyx_25030085_ex.$auto$insbuf.cc:79:execute$23786: $abc$20447$out_Alu_Result[7] -> \out_Alu_Result [7]
Added ysyx_25030085_ex.$auto$insbuf.cc:79:execute$23787: \pc_out [7] -> $abc$20447$pc_out[7]
Added ysyx_25030085_ex.$auto$insbuf.cc:79:execute$23788: $abc$20447$next_pc[7] -> \next_pc [7]
Added ysyx_25030085_ex.$auto$insbuf.cc:79:execute$23789: \out_rs2_data [8] -> $abc$20447$out_rs2_data[8]
Added ysyx_25030085_ex.$auto$insbuf.cc:79:execute$23790: \imm_out [8] -> $abc$20447$imm_out[8]
Added ysyx_25030085_ex.$auto$insbuf.cc:79:execute$23791: $abc$12962$new_n581_ -> $abc$20447$abc$12962$new_n581_
Added ysyx_25030085_ex.$auto$insbuf.cc:79:execute$23792: $abc$20447$out_Alu_Result[8] -> \out_Alu_Result [8]
Added ysyx_25030085_ex.$auto$insbuf.cc:79:execute$23793: \pc_out [8] -> $abc$20447$pc_out[8]
Added ysyx_25030085_ex.$auto$insbuf.cc:79:execute$23794: $abc$20447$next_pc[8] -> \next_pc [8]
Added ysyx_25030085_ex.$auto$insbuf.cc:79:execute$23795: \out_rs2_data [9] -> $abc$20447$out_rs2_data[9]
Added ysyx_25030085_ex.$auto$insbuf.cc:79:execute$23796: \imm_out [9] -> $abc$20447$imm_out[9]
Added ysyx_25030085_ex.$auto$insbuf.cc:79:execute$23797: \rs1_data[9] -> $abc$20447$rs1_data[9]
Added ysyx_25030085_ex.$auto$insbuf.cc:79:execute$23798: \rs1_data[8] -> $abc$20447$rs1_data[8]
Added ysyx_25030085_ex.$auto$insbuf.cc:79:execute$23799: $abc$20447$out_Alu_Result[9] -> \out_Alu_Result [9]
Added ysyx_25030085_ex.$auto$insbuf.cc:79:execute$23800: \pc_out [9] -> $abc$20447$pc_out[9]
Added ysyx_25030085_ex.$auto$insbuf.cc:79:execute$23801: $abc$20447$next_pc[9] -> \next_pc [9]
Added ysyx_25030085_ex.$auto$insbuf.cc:79:execute$23802: \out_rs2_data [10] -> $abc$20447$out_rs2_data[10]
Added ysyx_25030085_ex.$auto$insbuf.cc:79:execute$23803: \imm_out [10] -> $abc$20447$imm_out[10]
Added ysyx_25030085_ex.$auto$insbuf.cc:79:execute$23804: \rs1_data[10] -> $abc$20447$rs1_data[10]
Added ysyx_25030085_ex.$auto$insbuf.cc:79:execute$23805: $abc$20447$out_Alu_Result[10] -> \out_Alu_Result [10]
Added ysyx_25030085_ex.$auto$insbuf.cc:79:execute$23806: \pc_out [10] -> $abc$20447$pc_out[10]
Added ysyx_25030085_ex.$auto$insbuf.cc:79:execute$23807: $abc$20447$next_pc[10] -> \next_pc [10]
Added ysyx_25030085_ex.$auto$insbuf.cc:79:execute$23808: \out_rs2_data [11] -> $abc$20447$out_rs2_data[11]
Added ysyx_25030085_ex.$auto$insbuf.cc:79:execute$23809: \imm_out [11] -> $abc$20447$imm_out[11]
Added ysyx_25030085_ex.$auto$insbuf.cc:79:execute$23810: \rs1_data[11] -> $abc$20447$rs1_data[11]
Added ysyx_25030085_ex.$auto$insbuf.cc:79:execute$23811: $abc$20447$out_Alu_Result[11] -> \out_Alu_Result [11]
Added ysyx_25030085_ex.$auto$insbuf.cc:79:execute$23812: \pc_out [11] -> $abc$20447$pc_out[11]
Added ysyx_25030085_ex.$auto$insbuf.cc:79:execute$23813: $abc$20447$next_pc[11] -> \next_pc [11]
Added ysyx_25030085_ex.$auto$insbuf.cc:79:execute$23814: \out_rs2_data [12] -> $abc$20447$out_rs2_data[12]
Added ysyx_25030085_ex.$auto$insbuf.cc:79:execute$23815: \imm_out [12] -> $abc$20447$imm_out[12]
Added ysyx_25030085_ex.$auto$insbuf.cc:79:execute$23816: \rs1_data[12] -> $abc$20447$rs1_data[12]
Added ysyx_25030085_ex.$auto$insbuf.cc:79:execute$23817: $abc$20447$out_Alu_Result[12] -> \out_Alu_Result [12]
Added ysyx_25030085_ex.$auto$insbuf.cc:79:execute$23818: \pc_out [12] -> $abc$20447$pc_out[12]
Added ysyx_25030085_ex.$auto$insbuf.cc:79:execute$23819: $abc$20447$next_pc[12] -> \next_pc [12]
Added ysyx_25030085_ex.$auto$insbuf.cc:79:execute$23820: \out_rs2_data [13] -> $abc$20447$out_rs2_data[13]
Added ysyx_25030085_ex.$auto$insbuf.cc:79:execute$23821: \imm_out [13] -> $abc$20447$imm_out[13]
Added ysyx_25030085_ex.$auto$insbuf.cc:79:execute$23822: \rs1_data[13] -> $abc$20447$rs1_data[13]
Added ysyx_25030085_ex.$auto$insbuf.cc:79:execute$23823: $abc$20447$out_Alu_Result[13] -> \out_Alu_Result [13]
Added ysyx_25030085_ex.$auto$insbuf.cc:79:execute$23824: \pc_out [13] -> $abc$20447$pc_out[13]
Added ysyx_25030085_ex.$auto$insbuf.cc:79:execute$23825: $abc$20447$next_pc[13] -> \next_pc [13]
Added ysyx_25030085_ex.$auto$insbuf.cc:79:execute$23826: \out_rs2_data [14] -> $abc$20447$out_rs2_data[14]
Added ysyx_25030085_ex.$auto$insbuf.cc:79:execute$23827: \imm_out [14] -> $abc$20447$imm_out[14]
Added ysyx_25030085_ex.$auto$insbuf.cc:79:execute$23828: $abc$12962$new_n656_ -> $abc$20447$abc$12962$new_n656_
Added ysyx_25030085_ex.$auto$insbuf.cc:79:execute$23829: $abc$20447$out_Alu_Result[14] -> \out_Alu_Result [14]
Added ysyx_25030085_ex.$auto$insbuf.cc:79:execute$23830: \pc_out [14] -> $abc$20447$pc_out[14]
Added ysyx_25030085_ex.$auto$insbuf.cc:79:execute$23831: $abc$20447$next_pc[14] -> \next_pc [14]
Added ysyx_25030085_ex.$auto$insbuf.cc:79:execute$23832: \out_rs2_data [15] -> $abc$20447$out_rs2_data[15]
Added ysyx_25030085_ex.$auto$insbuf.cc:79:execute$23833: \imm_out [15] -> $abc$20447$imm_out[15]
Added ysyx_25030085_ex.$auto$insbuf.cc:79:execute$23834: \rs1_data[15] -> $abc$20447$rs1_data[15]
Added ysyx_25030085_ex.$auto$insbuf.cc:79:execute$23835: \rs1_data[14] -> $abc$20447$rs1_data[14]
Added ysyx_25030085_ex.$auto$insbuf.cc:79:execute$23836: $abc$20447$out_Alu_Result[15] -> \out_Alu_Result [15]
Added ysyx_25030085_ex.$auto$insbuf.cc:79:execute$23837: \pc_out [15] -> $abc$20447$pc_out[15]
Added ysyx_25030085_ex.$auto$insbuf.cc:79:execute$23838: $abc$20447$next_pc[15] -> \next_pc [15]
Added ysyx_25030085_ex.$auto$insbuf.cc:79:execute$23839: \out_rs2_data [16] -> $abc$20447$out_rs2_data[16]
Added ysyx_25030085_ex.$auto$insbuf.cc:79:execute$23840: \imm_out [16] -> $abc$20447$imm_out[16]
Added ysyx_25030085_ex.$auto$insbuf.cc:79:execute$23841: \rs1_data[16] -> $abc$20447$rs1_data[16]
Added ysyx_25030085_ex.$auto$insbuf.cc:79:execute$23842: $abc$20447$out_Alu_Result[16] -> \out_Alu_Result [16]
Added ysyx_25030085_ex.$auto$insbuf.cc:79:execute$23843: \pc_out [16] -> $abc$20447$pc_out[16]
Added ysyx_25030085_ex.$auto$insbuf.cc:79:execute$23844: $abc$20447$next_pc[16] -> \next_pc [16]
Added ysyx_25030085_ex.$auto$insbuf.cc:79:execute$23845: \out_rs2_data [17] -> $abc$20447$out_rs2_data[17]
Added ysyx_25030085_ex.$auto$insbuf.cc:79:execute$23846: \imm_out [17] -> $abc$20447$imm_out[17]
Added ysyx_25030085_ex.$auto$insbuf.cc:79:execute$23847: $abc$12962$new_n699_ -> $abc$20447$abc$12962$new_n699_
Added ysyx_25030085_ex.$auto$insbuf.cc:79:execute$23848: $abc$20447$out_Alu_Result[17] -> \out_Alu_Result [17]
Added ysyx_25030085_ex.$auto$insbuf.cc:79:execute$23849: \pc_out [17] -> $abc$20447$pc_out[17]
Added ysyx_25030085_ex.$auto$insbuf.cc:79:execute$23850: $abc$20447$next_pc[17] -> \next_pc [17]
Added ysyx_25030085_ex.$auto$insbuf.cc:79:execute$23851: \out_rs2_data [18] -> $abc$20447$out_rs2_data[18]
Added ysyx_25030085_ex.$auto$insbuf.cc:79:execute$23852: \imm_out [18] -> $abc$20447$imm_out[18]
Added ysyx_25030085_ex.$auto$insbuf.cc:79:execute$23853: $abc$12962$new_n709_ -> $abc$20447$abc$12962$new_n709_
Added ysyx_25030085_ex.$auto$insbuf.cc:79:execute$23854: \rs1_data[17] -> $abc$20447$rs1_data[17]
Added ysyx_25030085_ex.$auto$insbuf.cc:79:execute$23855: $abc$20447$out_Alu_Result[18] -> \out_Alu_Result [18]
Added ysyx_25030085_ex.$auto$insbuf.cc:79:execute$23856: \pc_out [18] -> $abc$20447$pc_out[18]
Added ysyx_25030085_ex.$auto$insbuf.cc:79:execute$23857: $abc$20447$next_pc[18] -> \next_pc [18]
Added ysyx_25030085_ex.$auto$insbuf.cc:79:execute$23858: \out_rs2_data [19] -> $abc$20447$out_rs2_data[19]
Added ysyx_25030085_ex.$auto$insbuf.cc:79:execute$23859: \imm_out [19] -> $abc$20447$imm_out[19]
Added ysyx_25030085_ex.$auto$insbuf.cc:79:execute$23860: \rs1_data[19] -> $abc$20447$rs1_data[19]
Added ysyx_25030085_ex.$auto$insbuf.cc:79:execute$23861: \rs1_data[18] -> $abc$20447$rs1_data[18]
Added ysyx_25030085_ex.$auto$insbuf.cc:79:execute$23862: $abc$20447$out_Alu_Result[19] -> \out_Alu_Result [19]
Added ysyx_25030085_ex.$auto$insbuf.cc:79:execute$23863: \pc_out [19] -> $abc$20447$pc_out[19]
Added ysyx_25030085_ex.$auto$insbuf.cc:79:execute$23864: $abc$20447$next_pc[19] -> \next_pc [19]
Added ysyx_25030085_ex.$auto$insbuf.cc:79:execute$23865: \out_rs2_data [20] -> $abc$20447$out_rs2_data[20]
Added ysyx_25030085_ex.$auto$insbuf.cc:79:execute$23866: \imm_out [20] -> $abc$20447$imm_out[20]
Added ysyx_25030085_ex.$auto$insbuf.cc:79:execute$23867: $abc$12962$new_n732_ -> $abc$20447$abc$12962$new_n732_
Added ysyx_25030085_ex.$auto$insbuf.cc:79:execute$23868: $abc$20447$out_Alu_Result[20] -> \out_Alu_Result [20]
Added ysyx_25030085_ex.$auto$insbuf.cc:79:execute$23869: \pc_out [20] -> $abc$20447$pc_out[20]
Added ysyx_25030085_ex.$auto$insbuf.cc:79:execute$23870: $abc$20447$next_pc[20] -> \next_pc [20]
Added ysyx_25030085_ex.$auto$insbuf.cc:79:execute$23871: \out_rs2_data [21] -> $abc$20447$out_rs2_data[21]
Added ysyx_25030085_ex.$auto$insbuf.cc:79:execute$23872: \imm_out [21] -> $abc$20447$imm_out[21]
Added ysyx_25030085_ex.$auto$insbuf.cc:79:execute$23873: \rs1_data[21] -> $abc$20447$rs1_data[21]
Added ysyx_25030085_ex.$auto$insbuf.cc:79:execute$23874: \rs1_data[20] -> $abc$20447$rs1_data[20]
Added ysyx_25030085_ex.$auto$insbuf.cc:79:execute$23875: $abc$20447$out_Alu_Result[21] -> \out_Alu_Result [21]
Added ysyx_25030085_ex.$auto$insbuf.cc:79:execute$23876: \pc_out [21] -> $abc$20447$pc_out[21]
Added ysyx_25030085_ex.$auto$insbuf.cc:79:execute$23877: $abc$20447$next_pc[21] -> \next_pc [21]
Added ysyx_25030085_ex.$auto$insbuf.cc:79:execute$23878: \out_rs2_data [22] -> $abc$20447$out_rs2_data[22]
Added ysyx_25030085_ex.$auto$insbuf.cc:79:execute$23879: \imm_out [22] -> $abc$20447$imm_out[22]
Added ysyx_25030085_ex.$auto$insbuf.cc:79:execute$23880: $abc$12962$new_n759_ -> $abc$20447$abc$12962$new_n759_
Added ysyx_25030085_ex.$auto$insbuf.cc:79:execute$23881: $abc$12962$new_n762_ -> $abc$20447$abc$12962$new_n762_
Added ysyx_25030085_ex.$auto$insbuf.cc:79:execute$23882: $abc$20447$out_Alu_Result[22] -> \out_Alu_Result [22]
Added ysyx_25030085_ex.$auto$insbuf.cc:79:execute$23883: \pc_out [22] -> $abc$20447$pc_out[22]
Added ysyx_25030085_ex.$auto$insbuf.cc:79:execute$23884: $abc$20447$next_pc[22] -> \next_pc [22]
Added ysyx_25030085_ex.$auto$insbuf.cc:79:execute$23885: \out_rs2_data [23] -> $abc$20447$out_rs2_data[23]
Added ysyx_25030085_ex.$auto$insbuf.cc:79:execute$23886: \imm_out [23] -> $abc$20447$imm_out[23]
Added ysyx_25030085_ex.$auto$insbuf.cc:79:execute$23887: \rs1_data[23] -> $abc$20447$rs1_data[23]
Added ysyx_25030085_ex.$auto$insbuf.cc:79:execute$23888: \rs1_data[22] -> $abc$20447$rs1_data[22]
Added ysyx_25030085_ex.$auto$insbuf.cc:79:execute$23889: $abc$20447$out_Alu_Result[23] -> \out_Alu_Result [23]
Added ysyx_25030085_ex.$auto$insbuf.cc:79:execute$23890: \pc_out [23] -> $abc$20447$pc_out[23]
Added ysyx_25030085_ex.$auto$insbuf.cc:79:execute$23891: $abc$20447$next_pc[23] -> \next_pc [23]
Added ysyx_25030085_ex.$auto$insbuf.cc:79:execute$23892: \out_rs2_data [24] -> $abc$20447$out_rs2_data[24]
Added ysyx_25030085_ex.$auto$insbuf.cc:79:execute$23893: \imm_out [24] -> $abc$20447$imm_out[24]
Added ysyx_25030085_ex.$auto$insbuf.cc:79:execute$23894: $abc$12962$new_n786_ -> $abc$20447$abc$12962$new_n786_
Added ysyx_25030085_ex.$auto$insbuf.cc:79:execute$23895: $abc$12962$new_n790_ -> $abc$20447$abc$12962$new_n790_
Added ysyx_25030085_ex.$auto$insbuf.cc:79:execute$23896: $abc$20447$out_Alu_Result[24] -> \out_Alu_Result [24]
Added ysyx_25030085_ex.$auto$insbuf.cc:79:execute$23897: \pc_out [24] -> $abc$20447$pc_out[24]
Added ysyx_25030085_ex.$auto$insbuf.cc:79:execute$23898: $abc$20447$next_pc[24] -> \next_pc [24]
Added ysyx_25030085_ex.$auto$insbuf.cc:79:execute$23899: \out_rs2_data [25] -> $abc$20447$out_rs2_data[25]
Added ysyx_25030085_ex.$auto$insbuf.cc:79:execute$23900: \imm_out [25] -> $abc$20447$imm_out[25]
Added ysyx_25030085_ex.$auto$insbuf.cc:79:execute$23901: \rs1_data[25] -> $abc$20447$rs1_data[25]
Added ysyx_25030085_ex.$auto$insbuf.cc:79:execute$23902: \rs1_data[24] -> $abc$20447$rs1_data[24]
Added ysyx_25030085_ex.$auto$insbuf.cc:79:execute$23903: $abc$20447$out_Alu_Result[25] -> \out_Alu_Result [25]
Added ysyx_25030085_ex.$auto$insbuf.cc:79:execute$23904: \pc_out [25] -> $abc$20447$pc_out[25]
Added ysyx_25030085_ex.$auto$insbuf.cc:79:execute$23905: $abc$20447$next_pc[25] -> \next_pc [25]
Added ysyx_25030085_ex.$auto$insbuf.cc:79:execute$23906: \out_rs2_data [26] -> $abc$20447$out_rs2_data[26]
Added ysyx_25030085_ex.$auto$insbuf.cc:79:execute$23907: \imm_out [26] -> $abc$20447$imm_out[26]
Added ysyx_25030085_ex.$auto$insbuf.cc:79:execute$23908: $abc$12962$new_n819_ -> $abc$20447$abc$12962$new_n819_
Added ysyx_25030085_ex.$auto$insbuf.cc:79:execute$23909: $abc$20447$out_Alu_Result[26] -> \out_Alu_Result [26]
Added ysyx_25030085_ex.$auto$insbuf.cc:79:execute$23910: \pc_out [26] -> $abc$20447$pc_out[26]
Added ysyx_25030085_ex.$auto$insbuf.cc:79:execute$23911: $abc$20447$next_pc[26] -> \next_pc [26]
Added ysyx_25030085_ex.$auto$insbuf.cc:79:execute$23912: \out_rs2_data [27] -> $abc$20447$out_rs2_data[27]
Added ysyx_25030085_ex.$auto$insbuf.cc:79:execute$23913: \imm_out [27] -> $abc$20447$imm_out[27]
Added ysyx_25030085_ex.$auto$insbuf.cc:79:execute$23914: $abc$12962$new_n834_ -> $abc$20447$abc$12962$new_n834_
Added ysyx_25030085_ex.$auto$insbuf.cc:79:execute$23915: $abc$20447$out_Alu_Result[27] -> \out_Alu_Result [27]
Added ysyx_25030085_ex.$auto$insbuf.cc:79:execute$23916: \pc_out [27] -> $abc$20447$pc_out[27]
Added ysyx_25030085_ex.$auto$insbuf.cc:79:execute$23917: $abc$20447$next_pc[27] -> \next_pc [27]
Added ysyx_25030085_ex.$auto$insbuf.cc:79:execute$23918: \out_rs2_data [28] -> $abc$20447$out_rs2_data[28]
Added ysyx_25030085_ex.$auto$insbuf.cc:79:execute$23919: \imm_out [28] -> $abc$20447$imm_out[28]
Added ysyx_25030085_ex.$auto$insbuf.cc:79:execute$23920: $abc$12962$new_n846_ -> $abc$20447$abc$12962$new_n846_
Added ysyx_25030085_ex.$auto$insbuf.cc:79:execute$23921: $abc$20447$out_Alu_Result[28] -> \out_Alu_Result [28]
Added ysyx_25030085_ex.$auto$insbuf.cc:79:execute$23922: \pc_out [28] -> $abc$20447$pc_out[28]
Added ysyx_25030085_ex.$auto$insbuf.cc:79:execute$23923: $abc$20447$next_pc[28] -> \next_pc [28]
Added ysyx_25030085_ex.$auto$insbuf.cc:79:execute$23924: \out_rs2_data [29] -> $abc$20447$out_rs2_data[29]
Added ysyx_25030085_ex.$auto$insbuf.cc:79:execute$23925: \imm_out [29] -> $abc$20447$imm_out[29]
Added ysyx_25030085_ex.$auto$insbuf.cc:79:execute$23926: $abc$12962$new_n864_ -> $abc$20447$abc$12962$new_n864_
Added ysyx_25030085_ex.$auto$insbuf.cc:79:execute$23927: $abc$20447$out_Alu_Result[29] -> \out_Alu_Result [29]
Added ysyx_25030085_ex.$auto$insbuf.cc:79:execute$23928: \pc_out [29] -> $abc$20447$pc_out[29]
Added ysyx_25030085_ex.$auto$insbuf.cc:79:execute$23929: $abc$20447$next_pc[29] -> \next_pc [29]
Added ysyx_25030085_ex.$auto$insbuf.cc:79:execute$23930: \out_rs2_data [30] -> $abc$20447$out_rs2_data[30]
Added ysyx_25030085_ex.$auto$insbuf.cc:79:execute$23931: \imm_out [30] -> $abc$20447$imm_out[30]
Added ysyx_25030085_ex.$auto$insbuf.cc:79:execute$23932: \rs1_data[30] -> $abc$20447$rs1_data[30]
Added ysyx_25030085_ex.$auto$insbuf.cc:79:execute$23933: \rs1_data[29] -> $abc$20447$rs1_data[29]
Added ysyx_25030085_ex.$auto$insbuf.cc:79:execute$23934: $abc$20447$out_Alu_Result[30] -> \out_Alu_Result [30]
Added ysyx_25030085_ex.$auto$insbuf.cc:79:execute$23935: \pc_out [30] -> $abc$20447$pc_out[30]
Added ysyx_25030085_ex.$auto$insbuf.cc:79:execute$23936: $abc$20447$next_pc[30] -> \next_pc [30]
Added ysyx_25030085_ex.$auto$insbuf.cc:79:execute$23937: \out_rs2_data [31] -> $abc$20447$out_rs2_data[31]
Added ysyx_25030085_ex.$auto$insbuf.cc:79:execute$23938: \imm_out [31] -> $abc$20447$imm_out[31]
Added ysyx_25030085_ex.$auto$insbuf.cc:79:execute$23939: \rs1_data[31] -> $abc$20447$rs1_data[31]
Added ysyx_25030085_ex.$auto$insbuf.cc:79:execute$23940: $abc$20447$out_Alu_Result[31] -> \out_Alu_Result [31]
Added ysyx_25030085_ex.$auto$insbuf.cc:79:execute$23941: \pc_out [31] -> $abc$20447$pc_out[31]
Added ysyx_25030085_ex.$auto$insbuf.cc:79:execute$23942: $abc$20447$next_pc[31] -> \next_pc [31]
Added ysyx_25030085_ex.$auto$insbuf.cc:79:execute$23943: $abc$20447$out_Alu_Result[0] -> \out_Alu_Result [0]
Added ysyx_25030085_ex.$auto$insbuf.cc:79:execute$23944: \in_ready -> $abc$20447$in_ready
Added ysyx_25030085_ex.$auto$insbuf.cc:79:execute$23945: \in_rs1_data [0] -> $abc$20447$in_rs1_data[0]
Added ysyx_25030085_ex.$auto$insbuf.cc:79:execute$23946: $abc$20447$0\rs1_data[31:0][0] -> $0\rs1_data[31:0][0]
Added ysyx_25030085_ex.$auto$insbuf.cc:79:execute$23947: \in_rs1_data [1] -> $abc$20447$in_rs1_data[1]
Added ysyx_25030085_ex.$auto$insbuf.cc:79:execute$23948: $abc$20447$0\rs1_data[31:0][1] -> $0\rs1_data[31:0][1]
Added ysyx_25030085_ex.$auto$insbuf.cc:79:execute$23949: \in_rs1_data [2] -> $abc$20447$in_rs1_data[2]
Added ysyx_25030085_ex.$auto$insbuf.cc:79:execute$23950: $abc$20447$0\rs1_data[31:0][2] -> $0\rs1_data[31:0][2]
Added ysyx_25030085_ex.$auto$insbuf.cc:79:execute$23951: \in_rs1_data [3] -> $abc$20447$in_rs1_data[3]
Added ysyx_25030085_ex.$auto$insbuf.cc:79:execute$23952: $abc$20447$0\rs1_data[31:0][3] -> $0\rs1_data[31:0][3]
Added ysyx_25030085_ex.$auto$insbuf.cc:79:execute$23953: \in_rs1_data [4] -> $abc$20447$in_rs1_data[4]
Added ysyx_25030085_ex.$auto$insbuf.cc:79:execute$23954: $abc$20447$0\rs1_data[31:0][4] -> $0\rs1_data[31:0][4]
Added ysyx_25030085_ex.$auto$insbuf.cc:79:execute$23955: \in_rs1_data [5] -> $abc$20447$in_rs1_data[5]
Added ysyx_25030085_ex.$auto$insbuf.cc:79:execute$23956: $abc$20447$0\rs1_data[31:0][5] -> $0\rs1_data[31:0][5]
Added ysyx_25030085_ex.$auto$insbuf.cc:79:execute$23957: \in_rs1_data [6] -> $abc$20447$in_rs1_data[6]
Added ysyx_25030085_ex.$auto$insbuf.cc:79:execute$23958: $abc$20447$0\rs1_data[31:0][6] -> $0\rs1_data[31:0][6]
Added ysyx_25030085_ex.$auto$insbuf.cc:79:execute$23959: \in_rs1_data [7] -> $abc$20447$in_rs1_data[7]
Added ysyx_25030085_ex.$auto$insbuf.cc:79:execute$23960: $abc$20447$0\rs1_data[31:0][7] -> $0\rs1_data[31:0][7]
Added ysyx_25030085_ex.$auto$insbuf.cc:79:execute$23961: \in_rs1_data [8] -> $abc$20447$in_rs1_data[8]
Added ysyx_25030085_ex.$auto$insbuf.cc:79:execute$23962: $abc$20447$0\rs1_data[31:0][8] -> $0\rs1_data[31:0][8]
Added ysyx_25030085_ex.$auto$insbuf.cc:79:execute$23963: \in_rs1_data [9] -> $abc$20447$in_rs1_data[9]
Added ysyx_25030085_ex.$auto$insbuf.cc:79:execute$23964: $abc$20447$0\rs1_data[31:0][9] -> $0\rs1_data[31:0][9]
Added ysyx_25030085_ex.$auto$insbuf.cc:79:execute$23965: \in_rs1_data [10] -> $abc$20447$in_rs1_data[10]
Added ysyx_25030085_ex.$auto$insbuf.cc:79:execute$23966: $abc$20447$0\rs1_data[31:0][10] -> $0\rs1_data[31:0][10]
Added ysyx_25030085_ex.$auto$insbuf.cc:79:execute$23967: \in_rs1_data [11] -> $abc$20447$in_rs1_data[11]
Added ysyx_25030085_ex.$auto$insbuf.cc:79:execute$23968: $abc$20447$0\rs1_data[31:0][11] -> $0\rs1_data[31:0][11]
Added ysyx_25030085_ex.$auto$insbuf.cc:79:execute$23969: \in_rs1_data [12] -> $abc$20447$in_rs1_data[12]
Added ysyx_25030085_ex.$auto$insbuf.cc:79:execute$23970: $abc$20447$0\rs1_data[31:0][12] -> $0\rs1_data[31:0][12]
Added ysyx_25030085_ex.$auto$insbuf.cc:79:execute$23971: \in_rs1_data [13] -> $abc$20447$in_rs1_data[13]
Added ysyx_25030085_ex.$auto$insbuf.cc:79:execute$23972: $abc$20447$0\rs1_data[31:0][13] -> $0\rs1_data[31:0][13]
Added ysyx_25030085_ex.$auto$insbuf.cc:79:execute$23973: \in_rs1_data [14] -> $abc$20447$in_rs1_data[14]
Added ysyx_25030085_ex.$auto$insbuf.cc:79:execute$23974: $abc$20447$0\rs1_data[31:0][14] -> $0\rs1_data[31:0][14]
Added ysyx_25030085_ex.$auto$insbuf.cc:79:execute$23975: \in_rs1_data [15] -> $abc$20447$in_rs1_data[15]
Added ysyx_25030085_ex.$auto$insbuf.cc:79:execute$23976: $abc$20447$0\rs1_data[31:0][15] -> $0\rs1_data[31:0][15]
Added ysyx_25030085_ex.$auto$insbuf.cc:79:execute$23977: \in_rs1_data [16] -> $abc$20447$in_rs1_data[16]
Added ysyx_25030085_ex.$auto$insbuf.cc:79:execute$23978: $abc$20447$0\rs1_data[31:0][16] -> $0\rs1_data[31:0][16]
Added ysyx_25030085_ex.$auto$insbuf.cc:79:execute$23979: \in_rs1_data [17] -> $abc$20447$in_rs1_data[17]
Added ysyx_25030085_ex.$auto$insbuf.cc:79:execute$23980: $abc$20447$0\rs1_data[31:0][17] -> $0\rs1_data[31:0][17]
Added ysyx_25030085_ex.$auto$insbuf.cc:79:execute$23981: \in_rs1_data [18] -> $abc$20447$in_rs1_data[18]
Added ysyx_25030085_ex.$auto$insbuf.cc:79:execute$23982: $abc$20447$0\rs1_data[31:0][18] -> $0\rs1_data[31:0][18]
Added ysyx_25030085_ex.$auto$insbuf.cc:79:execute$23983: \in_rs1_data [19] -> $abc$20447$in_rs1_data[19]
Added ysyx_25030085_ex.$auto$insbuf.cc:79:execute$23984: $abc$20447$0\rs1_data[31:0][19] -> $0\rs1_data[31:0][19]
Added ysyx_25030085_ex.$auto$insbuf.cc:79:execute$23985: \in_rs1_data [20] -> $abc$20447$in_rs1_data[20]
Added ysyx_25030085_ex.$auto$insbuf.cc:79:execute$23986: $abc$20447$0\rs1_data[31:0][20] -> $0\rs1_data[31:0][20]
Added ysyx_25030085_ex.$auto$insbuf.cc:79:execute$23987: \in_rs1_data [21] -> $abc$20447$in_rs1_data[21]
Added ysyx_25030085_ex.$auto$insbuf.cc:79:execute$23988: $abc$20447$0\rs1_data[31:0][21] -> $0\rs1_data[31:0][21]
Added ysyx_25030085_ex.$auto$insbuf.cc:79:execute$23989: \in_rs1_data [22] -> $abc$20447$in_rs1_data[22]
Added ysyx_25030085_ex.$auto$insbuf.cc:79:execute$23990: $abc$20447$0\rs1_data[31:0][22] -> $0\rs1_data[31:0][22]
Added ysyx_25030085_ex.$auto$insbuf.cc:79:execute$23991: \in_rs1_data [23] -> $abc$20447$in_rs1_data[23]
Added ysyx_25030085_ex.$auto$insbuf.cc:79:execute$23992: $abc$20447$0\rs1_data[31:0][23] -> $0\rs1_data[31:0][23]
Added ysyx_25030085_ex.$auto$insbuf.cc:79:execute$23993: \in_rs1_data [24] -> $abc$20447$in_rs1_data[24]
Added ysyx_25030085_ex.$auto$insbuf.cc:79:execute$23994: $abc$20447$0\rs1_data[31:0][24] -> $0\rs1_data[31:0][24]
Added ysyx_25030085_ex.$auto$insbuf.cc:79:execute$23995: \in_rs1_data [25] -> $abc$20447$in_rs1_data[25]
Added ysyx_25030085_ex.$auto$insbuf.cc:79:execute$23996: $abc$20447$0\rs1_data[31:0][25] -> $0\rs1_data[31:0][25]
Added ysyx_25030085_ex.$auto$insbuf.cc:79:execute$23997: \in_rs1_data [26] -> $abc$20447$in_rs1_data[26]
Added ysyx_25030085_ex.$auto$insbuf.cc:79:execute$23998: \rs1_data[26] -> $abc$20447$rs1_data[26]
Added ysyx_25030085_ex.$auto$insbuf.cc:79:execute$23999: $abc$20447$0\rs1_data[31:0][26] -> $0\rs1_data[31:0][26]
Added ysyx_25030085_ex.$auto$insbuf.cc:79:execute$24000: \in_rs1_data [27] -> $abc$20447$in_rs1_data[27]
Added ysyx_25030085_ex.$auto$insbuf.cc:79:execute$24001: \rs1_data[27] -> $abc$20447$rs1_data[27]
Added ysyx_25030085_ex.$auto$insbuf.cc:79:execute$24002: $abc$20447$0\rs1_data[31:0][27] -> $0\rs1_data[31:0][27]
Added ysyx_25030085_ex.$auto$insbuf.cc:79:execute$24003: \in_rs1_data [28] -> $abc$20447$in_rs1_data[28]
Added ysyx_25030085_ex.$auto$insbuf.cc:79:execute$24004: \rs1_data[28] -> $abc$20447$rs1_data[28]
Added ysyx_25030085_ex.$auto$insbuf.cc:79:execute$24005: $abc$20447$0\rs1_data[31:0][28] -> $0\rs1_data[31:0][28]
Added ysyx_25030085_ex.$auto$insbuf.cc:79:execute$24006: \in_rs1_data [29] -> $abc$20447$in_rs1_data[29]
Added ysyx_25030085_ex.$auto$insbuf.cc:79:execute$24007: $abc$20447$0\rs1_data[31:0][29] -> $0\rs1_data[31:0][29]
Added ysyx_25030085_ex.$auto$insbuf.cc:79:execute$24008: \in_rs1_data [30] -> $abc$20447$in_rs1_data[30]
Added ysyx_25030085_ex.$auto$insbuf.cc:79:execute$24009: $abc$20447$0\rs1_data[31:0][30] -> $0\rs1_data[31:0][30]
Added ysyx_25030085_ex.$auto$insbuf.cc:79:execute$24010: \in_rs1_data [31] -> $abc$20447$in_rs1_data[31]
Added ysyx_25030085_ex.$auto$insbuf.cc:79:execute$24011: $abc$20447$0\rs1_data[31:0][31] -> $0\rs1_data[31:0][31]
Added ysyx_25030085_ex.$auto$insbuf.cc:79:execute$24012: \in_rs2_data [0] -> $abc$20447$in_rs2_data[0]
Added ysyx_25030085_ex.$auto$insbuf.cc:79:execute$24013: $abc$20447$0\rs2_data[31:0][0] -> $0\rs2_data[31:0][0]
Added ysyx_25030085_ex.$auto$insbuf.cc:79:execute$24014: \in_rs2_data [1] -> $abc$20447$in_rs2_data[1]
Added ysyx_25030085_ex.$auto$insbuf.cc:79:execute$24015: $abc$20447$0\rs2_data[31:0][1] -> $0\rs2_data[31:0][1]
Added ysyx_25030085_ex.$auto$insbuf.cc:79:execute$24016: \in_rs2_data [2] -> $abc$20447$in_rs2_data[2]
Added ysyx_25030085_ex.$auto$insbuf.cc:79:execute$24017: $abc$20447$0\rs2_data[31:0][2] -> $0\rs2_data[31:0][2]
Added ysyx_25030085_ex.$auto$insbuf.cc:79:execute$24018: \in_rs2_data [3] -> $abc$20447$in_rs2_data[3]
Added ysyx_25030085_ex.$auto$insbuf.cc:79:execute$24019: $abc$20447$0\rs2_data[31:0][3] -> $0\rs2_data[31:0][3]
Added ysyx_25030085_ex.$auto$insbuf.cc:79:execute$24020: \in_rs2_data [4] -> $abc$20447$in_rs2_data[4]
Added ysyx_25030085_ex.$auto$insbuf.cc:79:execute$24021: $abc$20447$0\rs2_data[31:0][4] -> $0\rs2_data[31:0][4]
Added ysyx_25030085_ex.$auto$insbuf.cc:79:execute$24022: \in_rs2_data [5] -> $abc$20447$in_rs2_data[5]
Added ysyx_25030085_ex.$auto$insbuf.cc:79:execute$24023: $abc$20447$0\rs2_data[31:0][5] -> $0\rs2_data[31:0][5]
Added ysyx_25030085_ex.$auto$insbuf.cc:79:execute$24024: \in_rs2_data [6] -> $abc$20447$in_rs2_data[6]
Added ysyx_25030085_ex.$auto$insbuf.cc:79:execute$24025: $abc$20447$0\rs2_data[31:0][6] -> $0\rs2_data[31:0][6]
Added ysyx_25030085_ex.$auto$insbuf.cc:79:execute$24026: \in_rs2_data [7] -> $abc$20447$in_rs2_data[7]
Added ysyx_25030085_ex.$auto$insbuf.cc:79:execute$24027: $abc$20447$0\rs2_data[31:0][7] -> $0\rs2_data[31:0][7]
Added ysyx_25030085_ex.$auto$insbuf.cc:79:execute$24028: \in_rs2_data [8] -> $abc$20447$in_rs2_data[8]
Added ysyx_25030085_ex.$auto$insbuf.cc:79:execute$24029: $abc$20447$0\rs2_data[31:0][8] -> $0\rs2_data[31:0][8]
Added ysyx_25030085_ex.$auto$insbuf.cc:79:execute$24030: \in_rs2_data [9] -> $abc$20447$in_rs2_data[9]
Added ysyx_25030085_ex.$auto$insbuf.cc:79:execute$24031: $abc$20447$0\rs2_data[31:0][9] -> $0\rs2_data[31:0][9]
Added ysyx_25030085_ex.$auto$insbuf.cc:79:execute$24032: \in_rs2_data [10] -> $abc$20447$in_rs2_data[10]
Added ysyx_25030085_ex.$auto$insbuf.cc:79:execute$24033: $abc$20447$0\rs2_data[31:0][10] -> $0\rs2_data[31:0][10]
Added ysyx_25030085_ex.$auto$insbuf.cc:79:execute$24034: \in_rs2_data [11] -> $abc$20447$in_rs2_data[11]
Added ysyx_25030085_ex.$auto$insbuf.cc:79:execute$24035: $abc$20447$0\rs2_data[31:0][11] -> $0\rs2_data[31:0][11]
Added ysyx_25030085_ex.$auto$insbuf.cc:79:execute$24036: \in_rs2_data [12] -> $abc$20447$in_rs2_data[12]
Added ysyx_25030085_ex.$auto$insbuf.cc:79:execute$24037: $abc$20447$0\rs2_data[31:0][12] -> $0\rs2_data[31:0][12]
Added ysyx_25030085_ex.$auto$insbuf.cc:79:execute$24038: \in_rs2_data [13] -> $abc$20447$in_rs2_data[13]
Added ysyx_25030085_ex.$auto$insbuf.cc:79:execute$24039: $abc$20447$0\rs2_data[31:0][13] -> $0\rs2_data[31:0][13]
Added ysyx_25030085_ex.$auto$insbuf.cc:79:execute$24040: \in_rs2_data [14] -> $abc$20447$in_rs2_data[14]
Added ysyx_25030085_ex.$auto$insbuf.cc:79:execute$24041: $abc$20447$0\rs2_data[31:0][14] -> $0\rs2_data[31:0][14]
Added ysyx_25030085_ex.$auto$insbuf.cc:79:execute$24042: \in_rs2_data [15] -> $abc$20447$in_rs2_data[15]
Added ysyx_25030085_ex.$auto$insbuf.cc:79:execute$24043: $abc$20447$0\rs2_data[31:0][15] -> $0\rs2_data[31:0][15]
Added ysyx_25030085_ex.$auto$insbuf.cc:79:execute$24044: \in_rs2_data [16] -> $abc$20447$in_rs2_data[16]
Added ysyx_25030085_ex.$auto$insbuf.cc:79:execute$24045: $abc$20447$0\rs2_data[31:0][16] -> $0\rs2_data[31:0][16]
Added ysyx_25030085_ex.$auto$insbuf.cc:79:execute$24046: \in_rs2_data [17] -> $abc$20447$in_rs2_data[17]
Added ysyx_25030085_ex.$auto$insbuf.cc:79:execute$24047: $abc$20447$0\rs2_data[31:0][17] -> $0\rs2_data[31:0][17]
Added ysyx_25030085_ex.$auto$insbuf.cc:79:execute$24048: \in_rs2_data [18] -> $abc$20447$in_rs2_data[18]
Added ysyx_25030085_ex.$auto$insbuf.cc:79:execute$24049: $abc$20447$0\rs2_data[31:0][18] -> $0\rs2_data[31:0][18]
Added ysyx_25030085_ex.$auto$insbuf.cc:79:execute$24050: \in_rs2_data [19] -> $abc$20447$in_rs2_data[19]
Added ysyx_25030085_ex.$auto$insbuf.cc:79:execute$24051: $abc$20447$0\rs2_data[31:0][19] -> $0\rs2_data[31:0][19]
Added ysyx_25030085_ex.$auto$insbuf.cc:79:execute$24052: \in_rs2_data [20] -> $abc$20447$in_rs2_data[20]
Added ysyx_25030085_ex.$auto$insbuf.cc:79:execute$24053: $abc$20447$0\rs2_data[31:0][20] -> $0\rs2_data[31:0][20]
Added ysyx_25030085_ex.$auto$insbuf.cc:79:execute$24054: \in_rs2_data [21] -> $abc$20447$in_rs2_data[21]
Added ysyx_25030085_ex.$auto$insbuf.cc:79:execute$24055: $abc$20447$0\rs2_data[31:0][21] -> $0\rs2_data[31:0][21]
Added ysyx_25030085_ex.$auto$insbuf.cc:79:execute$24056: \in_rs2_data [22] -> $abc$20447$in_rs2_data[22]
Added ysyx_25030085_ex.$auto$insbuf.cc:79:execute$24057: $abc$20447$0\rs2_data[31:0][22] -> $0\rs2_data[31:0][22]
Added ysyx_25030085_ex.$auto$insbuf.cc:79:execute$24058: \in_rs2_data [23] -> $abc$20447$in_rs2_data[23]
Added ysyx_25030085_ex.$auto$insbuf.cc:79:execute$24059: $abc$20447$0\rs2_data[31:0][23] -> $0\rs2_data[31:0][23]
Added ysyx_25030085_ex.$auto$insbuf.cc:79:execute$24060: \in_rs2_data [24] -> $abc$20447$in_rs2_data[24]
Added ysyx_25030085_ex.$auto$insbuf.cc:79:execute$24061: $abc$20447$0\rs2_data[31:0][24] -> $0\rs2_data[31:0][24]
Added ysyx_25030085_ex.$auto$insbuf.cc:79:execute$24062: \in_rs2_data [25] -> $abc$20447$in_rs2_data[25]
Added ysyx_25030085_ex.$auto$insbuf.cc:79:execute$24063: $abc$20447$0\rs2_data[31:0][25] -> $0\rs2_data[31:0][25]
Added ysyx_25030085_ex.$auto$insbuf.cc:79:execute$24064: \in_rs2_data [26] -> $abc$20447$in_rs2_data[26]
Added ysyx_25030085_ex.$auto$insbuf.cc:79:execute$24065: $abc$20447$0\rs2_data[31:0][26] -> $0\rs2_data[31:0][26]
Added ysyx_25030085_ex.$auto$insbuf.cc:79:execute$24066: \in_rs2_data [27] -> $abc$20447$in_rs2_data[27]
Added ysyx_25030085_ex.$auto$insbuf.cc:79:execute$24067: $abc$20447$0\rs2_data[31:0][27] -> $0\rs2_data[31:0][27]
Added ysyx_25030085_ex.$auto$insbuf.cc:79:execute$24068: \in_rs2_data [28] -> $abc$20447$in_rs2_data[28]
Added ysyx_25030085_ex.$auto$insbuf.cc:79:execute$24069: $abc$20447$0\rs2_data[31:0][28] -> $0\rs2_data[31:0][28]
Added ysyx_25030085_ex.$auto$insbuf.cc:79:execute$24070: \in_rs2_data [29] -> $abc$20447$in_rs2_data[29]
Added ysyx_25030085_ex.$auto$insbuf.cc:79:execute$24071: $abc$20447$0\rs2_data[31:0][29] -> $0\rs2_data[31:0][29]
Added ysyx_25030085_ex.$auto$insbuf.cc:79:execute$24072: \in_rs2_data [30] -> $abc$20447$in_rs2_data[30]
Added ysyx_25030085_ex.$auto$insbuf.cc:79:execute$24073: $abc$20447$0\rs2_data[31:0][30] -> $0\rs2_data[31:0][30]
Added ysyx_25030085_ex.$auto$insbuf.cc:79:execute$24074: \in_rs2_data [31] -> $abc$20447$in_rs2_data[31]
Added ysyx_25030085_ex.$auto$insbuf.cc:79:execute$24075: $abc$20447$0\rs2_data[31:0][31] -> $0\rs2_data[31:0][31]
Added ysyx_25030085_ex.$auto$insbuf.cc:79:execute$24076: \in_imm [0] -> $abc$20447$in_imm[0]
Added ysyx_25030085_ex.$auto$insbuf.cc:79:execute$24077: $abc$20447$0\imm[31:0][0] -> $0\imm[31:0][0]
Added ysyx_25030085_ex.$auto$insbuf.cc:79:execute$24078: \in_imm [1] -> $abc$20447$in_imm[1]
Added ysyx_25030085_ex.$auto$insbuf.cc:79:execute$24079: $abc$20447$0\imm[31:0][1] -> $0\imm[31:0][1]
Added ysyx_25030085_ex.$auto$insbuf.cc:79:execute$24080: \in_imm [2] -> $abc$20447$in_imm[2]
Added ysyx_25030085_ex.$auto$insbuf.cc:79:execute$24081: $abc$20447$0\imm[31:0][2] -> $0\imm[31:0][2]
Added ysyx_25030085_ex.$auto$insbuf.cc:79:execute$24082: \in_imm [3] -> $abc$20447$in_imm[3]
Added ysyx_25030085_ex.$auto$insbuf.cc:79:execute$24083: $abc$20447$0\imm[31:0][3] -> $0\imm[31:0][3]
Added ysyx_25030085_ex.$auto$insbuf.cc:79:execute$24084: \in_imm [4] -> $abc$20447$in_imm[4]
Added ysyx_25030085_ex.$auto$insbuf.cc:79:execute$24085: $abc$20447$0\imm[31:0][4] -> $0\imm[31:0][4]
Added ysyx_25030085_ex.$auto$insbuf.cc:79:execute$24086: \in_imm [5] -> $abc$20447$in_imm[5]
Added ysyx_25030085_ex.$auto$insbuf.cc:79:execute$24087: $abc$20447$0\imm[31:0][5] -> $0\imm[31:0][5]
Added ysyx_25030085_ex.$auto$insbuf.cc:79:execute$24088: \in_imm [6] -> $abc$20447$in_imm[6]
Added ysyx_25030085_ex.$auto$insbuf.cc:79:execute$24089: $abc$20447$0\imm[31:0][6] -> $0\imm[31:0][6]
Added ysyx_25030085_ex.$auto$insbuf.cc:79:execute$24090: \in_imm [7] -> $abc$20447$in_imm[7]
Added ysyx_25030085_ex.$auto$insbuf.cc:79:execute$24091: $abc$20447$0\imm[31:0][7] -> $0\imm[31:0][7]
Added ysyx_25030085_ex.$auto$insbuf.cc:79:execute$24092: \in_imm [8] -> $abc$20447$in_imm[8]
Added ysyx_25030085_ex.$auto$insbuf.cc:79:execute$24093: $abc$20447$0\imm[31:0][8] -> $0\imm[31:0][8]
Added ysyx_25030085_ex.$auto$insbuf.cc:79:execute$24094: \in_imm [9] -> $abc$20447$in_imm[9]
Added ysyx_25030085_ex.$auto$insbuf.cc:79:execute$24095: $abc$20447$0\imm[31:0][9] -> $0\imm[31:0][9]
Added ysyx_25030085_ex.$auto$insbuf.cc:79:execute$24096: \in_imm [10] -> $abc$20447$in_imm[10]
Added ysyx_25030085_ex.$auto$insbuf.cc:79:execute$24097: $abc$20447$0\imm[31:0][10] -> $0\imm[31:0][10]
Added ysyx_25030085_ex.$auto$insbuf.cc:79:execute$24098: \in_imm [11] -> $abc$20447$in_imm[11]
Added ysyx_25030085_ex.$auto$insbuf.cc:79:execute$24099: $abc$20447$0\imm[31:0][11] -> $0\imm[31:0][11]
Added ysyx_25030085_ex.$auto$insbuf.cc:79:execute$24100: \in_imm [12] -> $abc$20447$in_imm[12]
Added ysyx_25030085_ex.$auto$insbuf.cc:79:execute$24101: $abc$20447$0\imm[31:0][12] -> $0\imm[31:0][12]
Added ysyx_25030085_ex.$auto$insbuf.cc:79:execute$24102: \in_imm [13] -> $abc$20447$in_imm[13]
Added ysyx_25030085_ex.$auto$insbuf.cc:79:execute$24103: $abc$20447$0\imm[31:0][13] -> $0\imm[31:0][13]
Added ysyx_25030085_ex.$auto$insbuf.cc:79:execute$24104: \in_imm [14] -> $abc$20447$in_imm[14]
Added ysyx_25030085_ex.$auto$insbuf.cc:79:execute$24105: $abc$20447$0\imm[31:0][14] -> $0\imm[31:0][14]
Added ysyx_25030085_ex.$auto$insbuf.cc:79:execute$24106: \in_imm [15] -> $abc$20447$in_imm[15]
Added ysyx_25030085_ex.$auto$insbuf.cc:79:execute$24107: $abc$20447$0\imm[31:0][15] -> $0\imm[31:0][15]
Added ysyx_25030085_ex.$auto$insbuf.cc:79:execute$24108: \in_imm [16] -> $abc$20447$in_imm[16]
Added ysyx_25030085_ex.$auto$insbuf.cc:79:execute$24109: $abc$20447$0\imm[31:0][16] -> $0\imm[31:0][16]
Added ysyx_25030085_ex.$auto$insbuf.cc:79:execute$24110: \in_imm [17] -> $abc$20447$in_imm[17]
Added ysyx_25030085_ex.$auto$insbuf.cc:79:execute$24111: $abc$20447$0\imm[31:0][17] -> $0\imm[31:0][17]
Added ysyx_25030085_ex.$auto$insbuf.cc:79:execute$24112: \in_imm [18] -> $abc$20447$in_imm[18]
Added ysyx_25030085_ex.$auto$insbuf.cc:79:execute$24113: $abc$20447$0\imm[31:0][18] -> $0\imm[31:0][18]
Added ysyx_25030085_ex.$auto$insbuf.cc:79:execute$24114: \in_imm [19] -> $abc$20447$in_imm[19]
Added ysyx_25030085_ex.$auto$insbuf.cc:79:execute$24115: $abc$20447$0\imm[31:0][19] -> $0\imm[31:0][19]
Added ysyx_25030085_ex.$auto$insbuf.cc:79:execute$24116: \in_imm [20] -> $abc$20447$in_imm[20]
Added ysyx_25030085_ex.$auto$insbuf.cc:79:execute$24117: $abc$20447$0\imm[31:0][20] -> $0\imm[31:0][20]
Added ysyx_25030085_ex.$auto$insbuf.cc:79:execute$24118: \in_imm [21] -> $abc$20447$in_imm[21]
Added ysyx_25030085_ex.$auto$insbuf.cc:79:execute$24119: $abc$20447$0\imm[31:0][21] -> $0\imm[31:0][21]
Added ysyx_25030085_ex.$auto$insbuf.cc:79:execute$24120: \in_imm [22] -> $abc$20447$in_imm[22]
Added ysyx_25030085_ex.$auto$insbuf.cc:79:execute$24121: $abc$20447$0\imm[31:0][22] -> $0\imm[31:0][22]
Added ysyx_25030085_ex.$auto$insbuf.cc:79:execute$24122: \in_imm [23] -> $abc$20447$in_imm[23]
Added ysyx_25030085_ex.$auto$insbuf.cc:79:execute$24123: $abc$20447$0\imm[31:0][23] -> $0\imm[31:0][23]
Added ysyx_25030085_ex.$auto$insbuf.cc:79:execute$24124: \in_imm [24] -> $abc$20447$in_imm[24]
Added ysyx_25030085_ex.$auto$insbuf.cc:79:execute$24125: $abc$20447$0\imm[31:0][24] -> $0\imm[31:0][24]
Added ysyx_25030085_ex.$auto$insbuf.cc:79:execute$24126: \in_imm [25] -> $abc$20447$in_imm[25]
Added ysyx_25030085_ex.$auto$insbuf.cc:79:execute$24127: $abc$20447$0\imm[31:0][25] -> $0\imm[31:0][25]
Added ysyx_25030085_ex.$auto$insbuf.cc:79:execute$24128: \in_imm [26] -> $abc$20447$in_imm[26]
Added ysyx_25030085_ex.$auto$insbuf.cc:79:execute$24129: $abc$20447$0\imm[31:0][26] -> $0\imm[31:0][26]
Added ysyx_25030085_ex.$auto$insbuf.cc:79:execute$24130: \in_imm [27] -> $abc$20447$in_imm[27]
Added ysyx_25030085_ex.$auto$insbuf.cc:79:execute$24131: $abc$20447$0\imm[31:0][27] -> $0\imm[31:0][27]
Added ysyx_25030085_ex.$auto$insbuf.cc:79:execute$24132: \in_imm [28] -> $abc$20447$in_imm[28]
Added ysyx_25030085_ex.$auto$insbuf.cc:79:execute$24133: $abc$20447$0\imm[31:0][28] -> $0\imm[31:0][28]
Added ysyx_25030085_ex.$auto$insbuf.cc:79:execute$24134: \in_imm [29] -> $abc$20447$in_imm[29]
Added ysyx_25030085_ex.$auto$insbuf.cc:79:execute$24135: $abc$20447$0\imm[31:0][29] -> $0\imm[31:0][29]
Added ysyx_25030085_ex.$auto$insbuf.cc:79:execute$24136: \in_imm [30] -> $abc$20447$in_imm[30]
Added ysyx_25030085_ex.$auto$insbuf.cc:79:execute$24137: $abc$20447$0\imm[31:0][30] -> $0\imm[31:0][30]
Added ysyx_25030085_ex.$auto$insbuf.cc:79:execute$24138: \in_imm [31] -> $abc$20447$in_imm[31]
Added ysyx_25030085_ex.$auto$insbuf.cc:79:execute$24139: $abc$20447$0\imm[31:0][31] -> $0\imm[31:0][31]
Added ysyx_25030085_ex.$auto$insbuf.cc:79:execute$24140: \in_pc [0] -> $abc$20447$in_pc[0]
Added ysyx_25030085_ex.$auto$insbuf.cc:79:execute$24141: $abc$20447$0\pc[31:0][0] -> $0\pc[31:0][0]
Added ysyx_25030085_ex.$auto$insbuf.cc:79:execute$24142: \in_pc [1] -> $abc$20447$in_pc[1]
Added ysyx_25030085_ex.$auto$insbuf.cc:79:execute$24143: $abc$20447$0\pc[31:0][1] -> $0\pc[31:0][1]
Added ysyx_25030085_ex.$auto$insbuf.cc:79:execute$24144: \in_pc [2] -> $abc$20447$in_pc[2]
Added ysyx_25030085_ex.$auto$insbuf.cc:79:execute$24145: $abc$20447$0\pc[31:0][2] -> $0\pc[31:0][2]
Added ysyx_25030085_ex.$auto$insbuf.cc:79:execute$24146: \in_pc [3] -> $abc$20447$in_pc[3]
Added ysyx_25030085_ex.$auto$insbuf.cc:79:execute$24147: $abc$20447$0\pc[31:0][3] -> $0\pc[31:0][3]
Added ysyx_25030085_ex.$auto$insbuf.cc:79:execute$24148: \in_pc [4] -> $abc$20447$in_pc[4]
Added ysyx_25030085_ex.$auto$insbuf.cc:79:execute$24149: $abc$20447$0\pc[31:0][4] -> $0\pc[31:0][4]
Added ysyx_25030085_ex.$auto$insbuf.cc:79:execute$24150: \in_pc [5] -> $abc$20447$in_pc[5]
Added ysyx_25030085_ex.$auto$insbuf.cc:79:execute$24151: $abc$20447$0\pc[31:0][5] -> $0\pc[31:0][5]
Added ysyx_25030085_ex.$auto$insbuf.cc:79:execute$24152: \in_pc [6] -> $abc$20447$in_pc[6]
Added ysyx_25030085_ex.$auto$insbuf.cc:79:execute$24153: $abc$20447$0\pc[31:0][6] -> $0\pc[31:0][6]
Added ysyx_25030085_ex.$auto$insbuf.cc:79:execute$24154: \in_pc [7] -> $abc$20447$in_pc[7]
Added ysyx_25030085_ex.$auto$insbuf.cc:79:execute$24155: $abc$20447$0\pc[31:0][7] -> $0\pc[31:0][7]
Added ysyx_25030085_ex.$auto$insbuf.cc:79:execute$24156: \in_pc [8] -> $abc$20447$in_pc[8]
Added ysyx_25030085_ex.$auto$insbuf.cc:79:execute$24157: $abc$20447$0\pc[31:0][8] -> $0\pc[31:0][8]
Added ysyx_25030085_ex.$auto$insbuf.cc:79:execute$24158: \in_pc [9] -> $abc$20447$in_pc[9]
Added ysyx_25030085_ex.$auto$insbuf.cc:79:execute$24159: $abc$20447$0\pc[31:0][9] -> $0\pc[31:0][9]
Added ysyx_25030085_ex.$auto$insbuf.cc:79:execute$24160: \in_pc [10] -> $abc$20447$in_pc[10]
Added ysyx_25030085_ex.$auto$insbuf.cc:79:execute$24161: $abc$20447$0\pc[31:0][10] -> $0\pc[31:0][10]
Added ysyx_25030085_ex.$auto$insbuf.cc:79:execute$24162: \in_pc [11] -> $abc$20447$in_pc[11]
Added ysyx_25030085_ex.$auto$insbuf.cc:79:execute$24163: $abc$20447$0\pc[31:0][11] -> $0\pc[31:0][11]
Added ysyx_25030085_ex.$auto$insbuf.cc:79:execute$24164: \in_pc [12] -> $abc$20447$in_pc[12]
Added ysyx_25030085_ex.$auto$insbuf.cc:79:execute$24165: $abc$20447$0\pc[31:0][12] -> $0\pc[31:0][12]
Added ysyx_25030085_ex.$auto$insbuf.cc:79:execute$24166: \in_pc [13] -> $abc$20447$in_pc[13]
Added ysyx_25030085_ex.$auto$insbuf.cc:79:execute$24167: $abc$20447$0\pc[31:0][13] -> $0\pc[31:0][13]
Added ysyx_25030085_ex.$auto$insbuf.cc:79:execute$24168: \in_pc [14] -> $abc$20447$in_pc[14]
Added ysyx_25030085_ex.$auto$insbuf.cc:79:execute$24169: $abc$20447$0\pc[31:0][14] -> $0\pc[31:0][14]
Added ysyx_25030085_ex.$auto$insbuf.cc:79:execute$24170: \in_pc [15] -> $abc$20447$in_pc[15]
Added ysyx_25030085_ex.$auto$insbuf.cc:79:execute$24171: $abc$20447$0\pc[31:0][15] -> $0\pc[31:0][15]
Added ysyx_25030085_ex.$auto$insbuf.cc:79:execute$24172: \in_pc [16] -> $abc$20447$in_pc[16]
Added ysyx_25030085_ex.$auto$insbuf.cc:79:execute$24173: $abc$20447$0\pc[31:0][16] -> $0\pc[31:0][16]
Added ysyx_25030085_ex.$auto$insbuf.cc:79:execute$24174: \in_pc [17] -> $abc$20447$in_pc[17]
Added ysyx_25030085_ex.$auto$insbuf.cc:79:execute$24175: $abc$20447$0\pc[31:0][17] -> $0\pc[31:0][17]
Added ysyx_25030085_ex.$auto$insbuf.cc:79:execute$24176: \in_pc [18] -> $abc$20447$in_pc[18]
Added ysyx_25030085_ex.$auto$insbuf.cc:79:execute$24177: $abc$20447$0\pc[31:0][18] -> $0\pc[31:0][18]
Added ysyx_25030085_ex.$auto$insbuf.cc:79:execute$24178: \in_pc [19] -> $abc$20447$in_pc[19]
Added ysyx_25030085_ex.$auto$insbuf.cc:79:execute$24179: $abc$20447$0\pc[31:0][19] -> $0\pc[31:0][19]
Added ysyx_25030085_ex.$auto$insbuf.cc:79:execute$24180: \in_pc [20] -> $abc$20447$in_pc[20]
Added ysyx_25030085_ex.$auto$insbuf.cc:79:execute$24181: $abc$20447$0\pc[31:0][20] -> $0\pc[31:0][20]
Added ysyx_25030085_ex.$auto$insbuf.cc:79:execute$24182: \in_pc [21] -> $abc$20447$in_pc[21]
Added ysyx_25030085_ex.$auto$insbuf.cc:79:execute$24183: $abc$20447$0\pc[31:0][21] -> $0\pc[31:0][21]
Added ysyx_25030085_ex.$auto$insbuf.cc:79:execute$24184: \in_pc [22] -> $abc$20447$in_pc[22]
Added ysyx_25030085_ex.$auto$insbuf.cc:79:execute$24185: $abc$20447$0\pc[31:0][22] -> $0\pc[31:0][22]
Added ysyx_25030085_ex.$auto$insbuf.cc:79:execute$24186: \in_pc [23] -> $abc$20447$in_pc[23]
Added ysyx_25030085_ex.$auto$insbuf.cc:79:execute$24187: $abc$20447$0\pc[31:0][23] -> $0\pc[31:0][23]
Added ysyx_25030085_ex.$auto$insbuf.cc:79:execute$24188: \in_pc [24] -> $abc$20447$in_pc[24]
Added ysyx_25030085_ex.$auto$insbuf.cc:79:execute$24189: $abc$20447$0\pc[31:0][24] -> $0\pc[31:0][24]
Added ysyx_25030085_ex.$auto$insbuf.cc:79:execute$24190: \in_pc [25] -> $abc$20447$in_pc[25]
Added ysyx_25030085_ex.$auto$insbuf.cc:79:execute$24191: $abc$20447$0\pc[31:0][25] -> $0\pc[31:0][25]
Added ysyx_25030085_ex.$auto$insbuf.cc:79:execute$24192: \in_pc [26] -> $abc$20447$in_pc[26]
Added ysyx_25030085_ex.$auto$insbuf.cc:79:execute$24193: $abc$20447$0\pc[31:0][26] -> $0\pc[31:0][26]
Added ysyx_25030085_ex.$auto$insbuf.cc:79:execute$24194: \in_pc [27] -> $abc$20447$in_pc[27]
Added ysyx_25030085_ex.$auto$insbuf.cc:79:execute$24195: $abc$20447$0\pc[31:0][27] -> $0\pc[31:0][27]
Added ysyx_25030085_ex.$auto$insbuf.cc:79:execute$24196: \in_pc [28] -> $abc$20447$in_pc[28]
Added ysyx_25030085_ex.$auto$insbuf.cc:79:execute$24197: $abc$20447$0\pc[31:0][28] -> $0\pc[31:0][28]
Added ysyx_25030085_ex.$auto$insbuf.cc:79:execute$24198: \in_pc [29] -> $abc$20447$in_pc[29]
Added ysyx_25030085_ex.$auto$insbuf.cc:79:execute$24199: $abc$20447$0\pc[31:0][29] -> $0\pc[31:0][29]
Added ysyx_25030085_ex.$auto$insbuf.cc:79:execute$24200: \in_pc [30] -> $abc$20447$in_pc[30]
Added ysyx_25030085_ex.$auto$insbuf.cc:79:execute$24201: $abc$20447$0\pc[31:0][30] -> $0\pc[31:0][30]
Added ysyx_25030085_ex.$auto$insbuf.cc:79:execute$24202: \in_pc [31] -> $abc$20447$in_pc[31]
Added ysyx_25030085_ex.$auto$insbuf.cc:79:execute$24203: $abc$20447$0\pc[31:0][31] -> $0\pc[31:0][31]
Added ysyx_25030085_ex.$auto$insbuf.cc:79:execute$24204: \in_rd [0] -> $abc$20447$in_rd[0]
Added ysyx_25030085_ex.$auto$insbuf.cc:79:execute$24205: \rd_out [0] -> $abc$20447$rd_out[0]
Added ysyx_25030085_ex.$auto$insbuf.cc:79:execute$24206: $abc$20447$0\rd[3:0][0] -> $0\rd[3:0][0]
Added ysyx_25030085_ex.$auto$insbuf.cc:79:execute$24207: \in_rd [1] -> $abc$20447$in_rd[1]
Added ysyx_25030085_ex.$auto$insbuf.cc:79:execute$24208: \rd_out [1] -> $abc$20447$rd_out[1]
Added ysyx_25030085_ex.$auto$insbuf.cc:79:execute$24209: $abc$20447$0\rd[3:0][1] -> $0\rd[3:0][1]
Added ysyx_25030085_ex.$auto$insbuf.cc:79:execute$24210: \in_rd [2] -> $abc$20447$in_rd[2]
Added ysyx_25030085_ex.$auto$insbuf.cc:79:execute$24211: \rd_out [2] -> $abc$20447$rd_out[2]
Added ysyx_25030085_ex.$auto$insbuf.cc:79:execute$24212: $abc$20447$0\rd[3:0][2] -> $0\rd[3:0][2]
Added ysyx_25030085_ex.$auto$insbuf.cc:79:execute$24213: \in_rd [3] -> $abc$20447$in_rd[3]
Added ysyx_25030085_ex.$auto$insbuf.cc:79:execute$24214: \rd_out [3] -> $abc$20447$rd_out[3]
Added ysyx_25030085_ex.$auto$insbuf.cc:79:execute$24215: $abc$20447$0\rd[3:0][3] -> $0\rd[3:0][3]
Added ysyx_25030085_ex.$auto$insbuf.cc:79:execute$24216: \in_ctrl [0] -> $abc$20447$in_ctrl[0]
Added ysyx_25030085_ex.$auto$insbuf.cc:79:execute$24217: $abc$20447$0\ctrl[11:0][0] -> $0\ctrl[11:0][0]
Added ysyx_25030085_ex.$auto$insbuf.cc:79:execute$24218: \in_ctrl [1] -> $abc$20447$in_ctrl[1]
Added ysyx_25030085_ex.$auto$insbuf.cc:79:execute$24219: \out_ctrl [1] -> $abc$20447$out_ctrl[1]
Added ysyx_25030085_ex.$auto$insbuf.cc:79:execute$24220: $abc$20447$0\ctrl[11:0][1] -> $0\ctrl[11:0][1]
Added ysyx_25030085_ex.$auto$insbuf.cc:79:execute$24221: \in_ctrl [2] -> $abc$20447$in_ctrl[2]
Added ysyx_25030085_ex.$auto$insbuf.cc:79:execute$24222: \out_ctrl [2] -> $abc$20447$out_ctrl[2]
Added ysyx_25030085_ex.$auto$insbuf.cc:79:execute$24223: $abc$20447$0\ctrl[11:0][2] -> $0\ctrl[11:0][2]
Added ysyx_25030085_ex.$auto$insbuf.cc:79:execute$24224: \in_ctrl [3] -> $abc$20447$in_ctrl[3]
Added ysyx_25030085_ex.$auto$insbuf.cc:79:execute$24225: \out_ctrl [3] -> $abc$20447$out_ctrl[3]
Added ysyx_25030085_ex.$auto$insbuf.cc:79:execute$24226: $abc$20447$0\ctrl[11:0][3] -> $0\ctrl[11:0][3]
Added ysyx_25030085_ex.$auto$insbuf.cc:79:execute$24227: \in_ctrl [4] -> $abc$20447$in_ctrl[4]
Added ysyx_25030085_ex.$auto$insbuf.cc:79:execute$24228: \out_ctrl [4] -> $abc$20447$out_ctrl[4]
Added ysyx_25030085_ex.$auto$insbuf.cc:79:execute$24229: $abc$20447$0\ctrl[11:0][4] -> $0\ctrl[11:0][4]
Added ysyx_25030085_ex.$auto$insbuf.cc:79:execute$24230: \in_ctrl [5] -> $abc$20447$in_ctrl[5]
Added ysyx_25030085_ex.$auto$insbuf.cc:79:execute$24231: \out_ctrl [5] -> $abc$20447$out_ctrl[5]
Added ysyx_25030085_ex.$auto$insbuf.cc:79:execute$24232: $abc$20447$0\ctrl[11:0][5] -> $0\ctrl[11:0][5]
Added ysyx_25030085_ex.$auto$insbuf.cc:79:execute$24233: \in_ctrl [6] -> $abc$20447$in_ctrl[6]
Added ysyx_25030085_ex.$auto$insbuf.cc:79:execute$24234: \out_ctrl [6] -> $abc$20447$out_ctrl[6]
Added ysyx_25030085_ex.$auto$insbuf.cc:79:execute$24235: $abc$20447$0\ctrl[11:0][6] -> $0\ctrl[11:0][6]
Added ysyx_25030085_ex.$auto$insbuf.cc:79:execute$24236: \in_ctrl [7] -> $abc$20447$in_ctrl[7]
Added ysyx_25030085_ex.$auto$insbuf.cc:79:execute$24237: \out_ctrl [7] -> $abc$20447$out_ctrl[7]
Added ysyx_25030085_ex.$auto$insbuf.cc:79:execute$24238: $abc$20447$0\ctrl[11:0][7] -> $0\ctrl[11:0][7]
Added ysyx_25030085_ex.$auto$insbuf.cc:79:execute$24239: \in_ctrl [8] -> $abc$20447$in_ctrl[8]
Added ysyx_25030085_ex.$auto$insbuf.cc:79:execute$24240: \out_ctrl [8] -> $abc$20447$out_ctrl[8]
Added ysyx_25030085_ex.$auto$insbuf.cc:79:execute$24241: $abc$20447$0\ctrl[11:0][8] -> $0\ctrl[11:0][8]
Added ysyx_25030085_ex.$auto$insbuf.cc:79:execute$24242: \in_ctrl [9] -> $abc$20447$in_ctrl[9]
Added ysyx_25030085_ex.$auto$insbuf.cc:79:execute$24243: $abc$20447$0\ctrl[11:0][9] -> $0\ctrl[11:0][9]
Added ysyx_25030085_ex.$auto$insbuf.cc:79:execute$24244: \in_ctrl [10] -> $abc$20447$in_ctrl[10]
Added ysyx_25030085_ex.$auto$insbuf.cc:79:execute$24245: \out_ctrl [10] -> $abc$20447$out_ctrl[10]
Added ysyx_25030085_ex.$auto$insbuf.cc:79:execute$24246: $abc$20447$0\ctrl[11:0][10] -> $0\ctrl[11:0][10]
Added ysyx_25030085_ex.$auto$insbuf.cc:79:execute$24247: \in_ctrl [11] -> $abc$20447$in_ctrl[11]
Added ysyx_25030085_ex.$auto$insbuf.cc:79:execute$24248: \csr_wen -> $abc$20447$csr_wen
Added ysyx_25030085_ex.$auto$insbuf.cc:79:execute$24249: $abc$20447$0\ctrl[11:0][11] -> $0\ctrl[11:0][11]
Added ysyx_25030085_ex.$auto$insbuf.cc:79:execute$24250: $abc$20447$abc$12962$auto$fsm_map.cc:118:implement_pattern_cache$968 -> $abc$12962$auto$fsm_map.cc:118:implement_pattern_cache$968
Added ysyx_25030085_ex.$auto$insbuf.cc:79:execute$24251: \reset -> $abc$20447$reset
Added ysyx_25030085_ex.$auto$insbuf.cc:79:execute$24252: $abc$20447$auto$rtlil.cc:1969:NotGate$16238 -> $auto$rtlil.cc:1969:NotGate$16238
Added ysyx_25030085_id.$auto$insbuf.cc:79:execute$24253: \ALUSrc -> \ctrl_out [0]
Added ysyx_25030085_id.$auto$insbuf.cc:79:execute$24254: \MemRead -> \ctrl_out [1]
Added ysyx_25030085_id.$auto$insbuf.cc:79:execute$24255: \MemWrite -> \ctrl_out [2]
Added ysyx_25030085_id.$auto$insbuf.cc:79:execute$24256: $auto$hilomap.cc:47:hilomap_worker$22433 -> \ctrl_out [3]
Added ysyx_25030085_id.$auto$insbuf.cc:79:execute$24257: \Jump -> \ctrl_out [9]
Added ysyx_25030085_id.$auto$insbuf.cc:79:execute$24258: \RegWrite -> \ctrl_out [10]
Added ysyx_25030085_id.$auto$insbuf.cc:79:execute$24259: \csr_wen -> \ctrl_out [11]
Added ysyx_25030085_id.$auto$insbuf.cc:79:execute$24260: \rs2_addr [0] -> \immI[0]
Added ysyx_25030085_id.$auto$insbuf.cc:79:execute$24261: \rs2_addr [1] -> \immI[1]
Added ysyx_25030085_id.$auto$insbuf.cc:79:execute$24262: \rs2_addr [2] -> \immI[2]
Added ysyx_25030085_id.$auto$insbuf.cc:79:execute$24263: \rs2_addr [3] -> \immI[3]
Added ysyx_25030085_id.$auto$insbuf.cc:79:execute$24264: \immI[31] -> \immI[11]
Added ysyx_25030085_id.$auto$insbuf.cc:79:execute$24265: \immI[31] -> \immI[12]
Added ysyx_25030085_id.$auto$insbuf.cc:79:execute$24266: \immI[31] -> \immI[13]
Added ysyx_25030085_id.$auto$insbuf.cc:79:execute$24267: \immI[31] -> \immI[14]
Added ysyx_25030085_id.$auto$insbuf.cc:79:execute$24268: \immI[31] -> \immI[15]
Added ysyx_25030085_id.$auto$insbuf.cc:79:execute$24269: \immI[31] -> \immI[16]
Added ysyx_25030085_id.$auto$insbuf.cc:79:execute$24270: \immI[31] -> \immI[17]
Added ysyx_25030085_id.$auto$insbuf.cc:79:execute$24271: \immI[31] -> \immI[18]
Added ysyx_25030085_id.$auto$insbuf.cc:79:execute$24272: \immI[31] -> \immI[19]
Added ysyx_25030085_id.$auto$insbuf.cc:79:execute$24273: \immI[31] -> \immI[20]
Added ysyx_25030085_id.$auto$insbuf.cc:79:execute$24274: \immI[31] -> \immI[21]
Added ysyx_25030085_id.$auto$insbuf.cc:79:execute$24275: \immI[31] -> \immI[22]
Added ysyx_25030085_id.$auto$insbuf.cc:79:execute$24276: \immI[31] -> \immI[23]
Added ysyx_25030085_id.$auto$insbuf.cc:79:execute$24277: \immI[31] -> \immI[24]
Added ysyx_25030085_id.$auto$insbuf.cc:79:execute$24278: \immI[31] -> \immI[25]
Added ysyx_25030085_id.$auto$insbuf.cc:79:execute$24279: \immI[31] -> \immI[26]
Added ysyx_25030085_id.$auto$insbuf.cc:79:execute$24280: \immI[31] -> \immI[27]
Added ysyx_25030085_id.$auto$insbuf.cc:79:execute$24281: \immI[31] -> \immI[28]
Added ysyx_25030085_id.$auto$insbuf.cc:79:execute$24282: \immI[31] -> \immI[29]
Added ysyx_25030085_id.$auto$insbuf.cc:79:execute$24283: \immI[31] -> \immI[30]
Added ysyx_25030085_id.$auto$insbuf.cc:79:execute$24284: \rd_out [0] -> \immS[0]
Added ysyx_25030085_id.$auto$insbuf.cc:79:execute$24285: \rd_out [1] -> \immS[1]
Added ysyx_25030085_id.$auto$insbuf.cc:79:execute$24286: \rd_out [2] -> \immS[2]
Added ysyx_25030085_id.$auto$insbuf.cc:79:execute$24287: \rd_out [3] -> \immS[3]
Added ysyx_25030085_id.$auto$insbuf.cc:79:execute$24288: \immI[5] -> \immS[5]
Added ysyx_25030085_id.$auto$insbuf.cc:79:execute$24289: \immI[6] -> \immS[6]
Added ysyx_25030085_id.$auto$insbuf.cc:79:execute$24290: \immI[7] -> \immS[7]
Added ysyx_25030085_id.$auto$insbuf.cc:79:execute$24291: \immI[8] -> \immS[8]
Added ysyx_25030085_id.$auto$insbuf.cc:79:execute$24292: \immI[9] -> \immS[9]
Added ysyx_25030085_id.$auto$insbuf.cc:79:execute$24293: \immI[10] -> \immS[10]
Added ysyx_25030085_id.$auto$insbuf.cc:79:execute$24294: \immI[31] -> \immS[11]
Added ysyx_25030085_id.$auto$insbuf.cc:79:execute$24295: \immI[31] -> \immS[12]
Added ysyx_25030085_id.$auto$insbuf.cc:79:execute$24296: \immI[31] -> \immS[13]
Added ysyx_25030085_id.$auto$insbuf.cc:79:execute$24297: \immI[31] -> \immS[14]
Added ysyx_25030085_id.$auto$insbuf.cc:79:execute$24298: \immI[31] -> \immS[15]
Added ysyx_25030085_id.$auto$insbuf.cc:79:execute$24299: \immI[31] -> \immS[16]
Added ysyx_25030085_id.$auto$insbuf.cc:79:execute$24300: \immI[31] -> \immS[17]
Added ysyx_25030085_id.$auto$insbuf.cc:79:execute$24301: \immI[31] -> \immS[18]
Added ysyx_25030085_id.$auto$insbuf.cc:79:execute$24302: \immI[31] -> \immS[19]
Added ysyx_25030085_id.$auto$insbuf.cc:79:execute$24303: \immI[31] -> \immS[20]
Added ysyx_25030085_id.$auto$insbuf.cc:79:execute$24304: \immI[31] -> \immS[21]
Added ysyx_25030085_id.$auto$insbuf.cc:79:execute$24305: \immI[31] -> \immS[22]
Added ysyx_25030085_id.$auto$insbuf.cc:79:execute$24306: \immI[31] -> \immS[23]
Added ysyx_25030085_id.$auto$insbuf.cc:79:execute$24307: \immI[31] -> \immS[24]
Added ysyx_25030085_id.$auto$insbuf.cc:79:execute$24308: \immI[31] -> \immS[25]
Added ysyx_25030085_id.$auto$insbuf.cc:79:execute$24309: \immI[31] -> \immS[26]
Added ysyx_25030085_id.$auto$insbuf.cc:79:execute$24310: \immI[31] -> \immS[27]
Added ysyx_25030085_id.$auto$insbuf.cc:79:execute$24311: \immI[31] -> \immS[28]
Added ysyx_25030085_id.$auto$insbuf.cc:79:execute$24312: \immI[31] -> \immS[29]
Added ysyx_25030085_id.$auto$insbuf.cc:79:execute$24313: \immI[31] -> \immS[30]
Added ysyx_25030085_id.$auto$insbuf.cc:79:execute$24314: \immI[31] -> \immS[31]
Added ysyx_25030085_id.$auto$insbuf.cc:79:execute$24315: $auto$hilomap.cc:47:hilomap_worker$22433 -> \immU[0]
Added ysyx_25030085_id.$auto$insbuf.cc:79:execute$24316: $auto$hilomap.cc:47:hilomap_worker$22433 -> \immU[1]
Added ysyx_25030085_id.$auto$insbuf.cc:79:execute$24317: $auto$hilomap.cc:47:hilomap_worker$22433 -> \immU[2]
Added ysyx_25030085_id.$auto$insbuf.cc:79:execute$24318: $auto$hilomap.cc:47:hilomap_worker$22433 -> \immU[3]
Added ysyx_25030085_id.$auto$insbuf.cc:79:execute$24319: $auto$hilomap.cc:47:hilomap_worker$22433 -> \immU[4]
Added ysyx_25030085_id.$auto$insbuf.cc:79:execute$24320: $auto$hilomap.cc:47:hilomap_worker$22433 -> \immU[5]
Added ysyx_25030085_id.$auto$insbuf.cc:79:execute$24321: $auto$hilomap.cc:47:hilomap_worker$22433 -> \immU[6]
Added ysyx_25030085_id.$auto$insbuf.cc:79:execute$24322: $auto$hilomap.cc:47:hilomap_worker$22433 -> \immU[7]
Added ysyx_25030085_id.$auto$insbuf.cc:79:execute$24323: $auto$hilomap.cc:47:hilomap_worker$22433 -> \immU[8]
Added ysyx_25030085_id.$auto$insbuf.cc:79:execute$24324: $auto$hilomap.cc:47:hilomap_worker$22433 -> \immU[9]
Added ysyx_25030085_id.$auto$insbuf.cc:79:execute$24325: $auto$hilomap.cc:47:hilomap_worker$22433 -> \immU[10]
Added ysyx_25030085_id.$auto$insbuf.cc:79:execute$24326: $auto$hilomap.cc:47:hilomap_worker$22433 -> \immU[11]
Added ysyx_25030085_id.$auto$insbuf.cc:79:execute$24327: \func3[0] -> \immU[12]
Added ysyx_25030085_id.$auto$insbuf.cc:79:execute$24328: \func3[1] -> \immU[13]
Added ysyx_25030085_id.$auto$insbuf.cc:79:execute$24329: \func3[2] -> \immU[14]
Added ysyx_25030085_id.$auto$insbuf.cc:79:execute$24330: \rs1_addr [0] -> \immU[15]
Added ysyx_25030085_id.$auto$insbuf.cc:79:execute$24331: \rs1_addr [1] -> \immU[16]
Added ysyx_25030085_id.$auto$insbuf.cc:79:execute$24332: \rs1_addr [2] -> \immU[17]
Added ysyx_25030085_id.$auto$insbuf.cc:79:execute$24333: \rs1_addr [3] -> \immU[18]
Added ysyx_25030085_id.$auto$insbuf.cc:79:execute$24334: \rs2_addr [0] -> \immU[20]
Added ysyx_25030085_id.$auto$insbuf.cc:79:execute$24335: \rs2_addr [1] -> \immU[21]
Added ysyx_25030085_id.$auto$insbuf.cc:79:execute$24336: \rs2_addr [2] -> \immU[22]
Added ysyx_25030085_id.$auto$insbuf.cc:79:execute$24337: \rs2_addr [3] -> \immU[23]
Added ysyx_25030085_id.$auto$insbuf.cc:79:execute$24338: \immI[4] -> \immU[24]
Added ysyx_25030085_id.$auto$insbuf.cc:79:execute$24339: \immI[5] -> \immU[25]
Added ysyx_25030085_id.$auto$insbuf.cc:79:execute$24340: \immI[6] -> \immU[26]
Added ysyx_25030085_id.$auto$insbuf.cc:79:execute$24341: \immI[7] -> \immU[27]
Added ysyx_25030085_id.$auto$insbuf.cc:79:execute$24342: \immI[8] -> \immU[28]
Added ysyx_25030085_id.$auto$insbuf.cc:79:execute$24343: \immI[9] -> \immU[29]
Added ysyx_25030085_id.$auto$insbuf.cc:79:execute$24344: \immI[10] -> \immU[30]
Added ysyx_25030085_id.$auto$insbuf.cc:79:execute$24345: \immI[31] -> \immU[31]
Added ysyx_25030085_id.$auto$insbuf.cc:79:execute$24346: \rd_out [0] -> \inst[7]
Added ysyx_25030085_id.$auto$insbuf.cc:79:execute$24347: \rd_out [1] -> \inst[8]
Added ysyx_25030085_id.$auto$insbuf.cc:79:execute$24348: \rd_out [2] -> \inst[9]
Added ysyx_25030085_id.$auto$insbuf.cc:79:execute$24349: \rd_out [3] -> \inst[10]
Added ysyx_25030085_id.$auto$insbuf.cc:79:execute$24350: \immS[4] -> \inst[11]
Added ysyx_25030085_id.$auto$insbuf.cc:79:execute$24351: \func3[0] -> \inst[12]
Added ysyx_25030085_id.$auto$insbuf.cc:79:execute$24352: \func3[1] -> \inst[13]
Added ysyx_25030085_id.$auto$insbuf.cc:79:execute$24353: \func3[2] -> \inst[14]
Added ysyx_25030085_id.$auto$insbuf.cc:79:execute$24354: \rs1_addr [0] -> \inst[15]
Added ysyx_25030085_id.$auto$insbuf.cc:79:execute$24355: \rs1_addr [1] -> \inst[16]
Added ysyx_25030085_id.$auto$insbuf.cc:79:execute$24356: \rs1_addr [2] -> \inst[17]
Added ysyx_25030085_id.$auto$insbuf.cc:79:execute$24357: \rs1_addr [3] -> \inst[18]
Added ysyx_25030085_id.$auto$insbuf.cc:79:execute$24358: \immU[19] -> \inst[19]
Added ysyx_25030085_id.$auto$insbuf.cc:79:execute$24359: \rs2_addr [0] -> \inst[20]
Added ysyx_25030085_id.$auto$insbuf.cc:79:execute$24360: \rs2_addr [1] -> \inst[21]
Added ysyx_25030085_id.$auto$insbuf.cc:79:execute$24361: \rs2_addr [2] -> \inst[22]
Added ysyx_25030085_id.$auto$insbuf.cc:79:execute$24362: \rs2_addr [3] -> \inst[23]
Added ysyx_25030085_id.$auto$insbuf.cc:79:execute$24363: \immI[4] -> \inst[24]
Added ysyx_25030085_id.$auto$insbuf.cc:79:execute$24364: \immI[5] -> \inst[25]
Added ysyx_25030085_id.$auto$insbuf.cc:79:execute$24365: \immI[6] -> \inst[26]
Added ysyx_25030085_id.$auto$insbuf.cc:79:execute$24366: \immI[7] -> \inst[27]
Added ysyx_25030085_id.$auto$insbuf.cc:79:execute$24367: \immI[8] -> \inst[28]
Added ysyx_25030085_id.$auto$insbuf.cc:79:execute$24368: \immI[9] -> \inst[29]
Added ysyx_25030085_id.$auto$insbuf.cc:79:execute$24369: \immI[10] -> \inst[30]
Added ysyx_25030085_id.$auto$insbuf.cc:79:execute$24370: \immI[31] -> \inst[31]
Added ysyx_25030085_id.$auto$insbuf.cc:79:execute$24371: \rs1_data [0] -> \out_rs1_data [0]
Added ysyx_25030085_id.$auto$insbuf.cc:79:execute$24372: \rs1_data [1] -> \out_rs1_data [1]
Added ysyx_25030085_id.$auto$insbuf.cc:79:execute$24373: \rs1_data [2] -> \out_rs1_data [2]
Added ysyx_25030085_id.$auto$insbuf.cc:79:execute$24374: \rs1_data [3] -> \out_rs1_data [3]
Added ysyx_25030085_id.$auto$insbuf.cc:79:execute$24375: \rs1_data [4] -> \out_rs1_data [4]
Added ysyx_25030085_id.$auto$insbuf.cc:79:execute$24376: \rs1_data [5] -> \out_rs1_data [5]
Added ysyx_25030085_id.$auto$insbuf.cc:79:execute$24377: \rs1_data [6] -> \out_rs1_data [6]
Added ysyx_25030085_id.$auto$insbuf.cc:79:execute$24378: \rs1_data [7] -> \out_rs1_data [7]
Added ysyx_25030085_id.$auto$insbuf.cc:79:execute$24379: \rs1_data [8] -> \out_rs1_data [8]
Added ysyx_25030085_id.$auto$insbuf.cc:79:execute$24380: \rs1_data [9] -> \out_rs1_data [9]
Added ysyx_25030085_id.$auto$insbuf.cc:79:execute$24381: \rs1_data [10] -> \out_rs1_data [10]
Added ysyx_25030085_id.$auto$insbuf.cc:79:execute$24382: \rs1_data [11] -> \out_rs1_data [11]
Added ysyx_25030085_id.$auto$insbuf.cc:79:execute$24383: \rs1_data [12] -> \out_rs1_data [12]
Added ysyx_25030085_id.$auto$insbuf.cc:79:execute$24384: \rs1_data [13] -> \out_rs1_data [13]
Added ysyx_25030085_id.$auto$insbuf.cc:79:execute$24385: \rs1_data [14] -> \out_rs1_data [14]
Added ysyx_25030085_id.$auto$insbuf.cc:79:execute$24386: \rs1_data [15] -> \out_rs1_data [15]
Added ysyx_25030085_id.$auto$insbuf.cc:79:execute$24387: \rs1_data [16] -> \out_rs1_data [16]
Added ysyx_25030085_id.$auto$insbuf.cc:79:execute$24388: \rs1_data [17] -> \out_rs1_data [17]
Added ysyx_25030085_id.$auto$insbuf.cc:79:execute$24389: \rs1_data [18] -> \out_rs1_data [18]
Added ysyx_25030085_id.$auto$insbuf.cc:79:execute$24390: \rs1_data [19] -> \out_rs1_data [19]
Added ysyx_25030085_id.$auto$insbuf.cc:79:execute$24391: \rs1_data [20] -> \out_rs1_data [20]
Added ysyx_25030085_id.$auto$insbuf.cc:79:execute$24392: \rs1_data [21] -> \out_rs1_data [21]
Added ysyx_25030085_id.$auto$insbuf.cc:79:execute$24393: \rs1_data [22] -> \out_rs1_data [22]
Added ysyx_25030085_id.$auto$insbuf.cc:79:execute$24394: \rs1_data [23] -> \out_rs1_data [23]
Added ysyx_25030085_id.$auto$insbuf.cc:79:execute$24395: \rs1_data [24] -> \out_rs1_data [24]
Added ysyx_25030085_id.$auto$insbuf.cc:79:execute$24396: \rs1_data [25] -> \out_rs1_data [25]
Added ysyx_25030085_id.$auto$insbuf.cc:79:execute$24397: \rs1_data [26] -> \out_rs1_data [26]
Added ysyx_25030085_id.$auto$insbuf.cc:79:execute$24398: \rs1_data [27] -> \out_rs1_data [27]
Added ysyx_25030085_id.$auto$insbuf.cc:79:execute$24399: \rs1_data [28] -> \out_rs1_data [28]
Added ysyx_25030085_id.$auto$insbuf.cc:79:execute$24400: \rs1_data [29] -> \out_rs1_data [29]
Added ysyx_25030085_id.$auto$insbuf.cc:79:execute$24401: \rs1_data [30] -> \out_rs1_data [30]
Added ysyx_25030085_id.$auto$insbuf.cc:79:execute$24402: \rs1_data [31] -> \out_rs1_data [31]
Added ysyx_25030085_id.$auto$insbuf.cc:79:execute$24403: \rs2_data [0] -> \out_rs2_data [0]
Added ysyx_25030085_id.$auto$insbuf.cc:79:execute$24404: \rs2_data [1] -> \out_rs2_data [1]
Added ysyx_25030085_id.$auto$insbuf.cc:79:execute$24405: \rs2_data [2] -> \out_rs2_data [2]
Added ysyx_25030085_id.$auto$insbuf.cc:79:execute$24406: \rs2_data [3] -> \out_rs2_data [3]
Added ysyx_25030085_id.$auto$insbuf.cc:79:execute$24407: \rs2_data [4] -> \out_rs2_data [4]
Added ysyx_25030085_id.$auto$insbuf.cc:79:execute$24408: \rs2_data [5] -> \out_rs2_data [5]
Added ysyx_25030085_id.$auto$insbuf.cc:79:execute$24409: \rs2_data [6] -> \out_rs2_data [6]
Added ysyx_25030085_id.$auto$insbuf.cc:79:execute$24410: \rs2_data [7] -> \out_rs2_data [7]
Added ysyx_25030085_id.$auto$insbuf.cc:79:execute$24411: \rs2_data [8] -> \out_rs2_data [8]
Added ysyx_25030085_id.$auto$insbuf.cc:79:execute$24412: \rs2_data [9] -> \out_rs2_data [9]
Added ysyx_25030085_id.$auto$insbuf.cc:79:execute$24413: \rs2_data [10] -> \out_rs2_data [10]
Added ysyx_25030085_id.$auto$insbuf.cc:79:execute$24414: \rs2_data [11] -> \out_rs2_data [11]
Added ysyx_25030085_id.$auto$insbuf.cc:79:execute$24415: \rs2_data [12] -> \out_rs2_data [12]
Added ysyx_25030085_id.$auto$insbuf.cc:79:execute$24416: \rs2_data [13] -> \out_rs2_data [13]
Added ysyx_25030085_id.$auto$insbuf.cc:79:execute$24417: \rs2_data [14] -> \out_rs2_data [14]
Added ysyx_25030085_id.$auto$insbuf.cc:79:execute$24418: \rs2_data [15] -> \out_rs2_data [15]
Added ysyx_25030085_id.$auto$insbuf.cc:79:execute$24419: \rs2_data [16] -> \out_rs2_data [16]
Added ysyx_25030085_id.$auto$insbuf.cc:79:execute$24420: \rs2_data [17] -> \out_rs2_data [17]
Added ysyx_25030085_id.$auto$insbuf.cc:79:execute$24421: \rs2_data [18] -> \out_rs2_data [18]
Added ysyx_25030085_id.$auto$insbuf.cc:79:execute$24422: \rs2_data [19] -> \out_rs2_data [19]
Added ysyx_25030085_id.$auto$insbuf.cc:79:execute$24423: \rs2_data [20] -> \out_rs2_data [20]
Added ysyx_25030085_id.$auto$insbuf.cc:79:execute$24424: \rs2_data [21] -> \out_rs2_data [21]
Added ysyx_25030085_id.$auto$insbuf.cc:79:execute$24425: \rs2_data [22] -> \out_rs2_data [22]
Added ysyx_25030085_id.$auto$insbuf.cc:79:execute$24426: \rs2_data [23] -> \out_rs2_data [23]
Added ysyx_25030085_id.$auto$insbuf.cc:79:execute$24427: \rs2_data [24] -> \out_rs2_data [24]
Added ysyx_25030085_id.$auto$insbuf.cc:79:execute$24428: \rs2_data [25] -> \out_rs2_data [25]
Added ysyx_25030085_id.$auto$insbuf.cc:79:execute$24429: \rs2_data [26] -> \out_rs2_data [26]
Added ysyx_25030085_id.$auto$insbuf.cc:79:execute$24430: \rs2_data [27] -> \out_rs2_data [27]
Added ysyx_25030085_id.$auto$insbuf.cc:79:execute$24431: \rs2_data [28] -> \out_rs2_data [28]
Added ysyx_25030085_id.$auto$insbuf.cc:79:execute$24432: \rs2_data [29] -> \out_rs2_data [29]
Added ysyx_25030085_id.$auto$insbuf.cc:79:execute$24433: \rs2_data [30] -> \out_rs2_data [30]
Added ysyx_25030085_id.$auto$insbuf.cc:79:execute$24434: \rs2_data [31] -> \out_rs2_data [31]
Added ysyx_25030085_id.$auto$insbuf.cc:79:execute$24435: \in_ready -> \state[0]
Added ysyx_25030085_id.$auto$insbuf.cc:79:execute$24436: \out_valid -> \state[2]
Added ysyx_25030085_id.$auto$insbuf.cc:79:execute$24437: \state[1] -> $abc$21039$state[1]
Added ysyx_25030085_id.$auto$insbuf.cc:79:execute$24438: \out_ready -> $abc$21039$out_ready
Added ysyx_25030085_id.$auto$insbuf.cc:79:execute$24439: \out_valid -> $abc$21039$out_valid
Added ysyx_25030085_id.$auto$insbuf.cc:79:execute$24440: $abc$21039$abc$13647$auto$fsm_map.cc:170:map_fsm$970[1] -> $abc$13647$auto$fsm_map.cc:170:map_fsm$970[1]
Added ysyx_25030085_id.$auto$insbuf.cc:79:execute$24441: $abc$13647$new_n246_ -> $abc$21039$abc$13647$new_n246_
Added ysyx_25030085_id.$auto$insbuf.cc:79:execute$24442: \in_valid -> $abc$21039$in_valid
Added ysyx_25030085_id.$auto$insbuf.cc:79:execute$24443: $abc$21039$abc$13647$auto$fsm_map.cc:170:map_fsm$970[0] -> $abc$13647$auto$fsm_map.cc:170:map_fsm$970[0]
Added ysyx_25030085_id.$auto$insbuf.cc:79:execute$24444: \func3[0] -> $abc$21039$func3[0]
Added ysyx_25030085_id.$auto$insbuf.cc:79:execute$24445: \func3[1] -> $abc$21039$func3[1]
Added ysyx_25030085_id.$auto$insbuf.cc:79:execute$24446: $abc$13647$new_n249_ -> $abc$21039$abc$13647$new_n249_
Added ysyx_25030085_id.$auto$insbuf.cc:79:execute$24447: \inst[1] -> $abc$21039$inst[1]
Added ysyx_25030085_id.$auto$insbuf.cc:79:execute$24448: \inst[0] -> $abc$21039$inst[0]
Added ysyx_25030085_id.$auto$insbuf.cc:79:execute$24449: \inst[3] -> $abc$21039$inst[3]
Added ysyx_25030085_id.$auto$insbuf.cc:79:execute$24450: \inst[2] -> $abc$21039$inst[2]
Added ysyx_25030085_id.$auto$insbuf.cc:79:execute$24451: \inst[4] -> $abc$21039$inst[4]
Added ysyx_25030085_id.$auto$insbuf.cc:79:execute$24452: \inst[5] -> $abc$21039$inst[5]
Added ysyx_25030085_id.$auto$insbuf.cc:79:execute$24453: \inst[6] -> $abc$21039$inst[6]
Added ysyx_25030085_id.$auto$insbuf.cc:79:execute$24454: \func3[2] -> $abc$21039$func3[2]
Added ysyx_25030085_id.$auto$insbuf.cc:79:execute$24455: $abc$21039$ctrl_out[4] -> \ctrl_out [4]
Added ysyx_25030085_id.$auto$insbuf.cc:79:execute$24456: $abc$21039$ctrl_out[5] -> \ctrl_out [5]
Added ysyx_25030085_id.$auto$insbuf.cc:79:execute$24457: $abc$13647$new_n281_ -> $abc$21039$abc$13647$new_n281_
Added ysyx_25030085_id.$auto$insbuf.cc:79:execute$24458: $abc$13647$new_n274_ -> $abc$21039$abc$13647$new_n274_
Added ysyx_25030085_id.$auto$insbuf.cc:79:execute$24459: $abc$21039$ctrl_out[6] -> \ctrl_out [6]
Added ysyx_25030085_id.$auto$insbuf.cc:79:execute$24460: $abc$21039$ctrl_out[7] -> \ctrl_out [7]
Added ysyx_25030085_id.$auto$insbuf.cc:79:execute$24461: $abc$21039$ctrl_out[8] -> \ctrl_out [8]
Added ysyx_25030085_id.$auto$insbuf.cc:79:execute$24462: $abc$13647$new_n300_ -> $abc$21039$abc$13647$new_n300_
Added ysyx_25030085_id.$auto$insbuf.cc:79:execute$24463: $abc$13647$new_n310_ -> $abc$21039$abc$13647$new_n310_
Added ysyx_25030085_id.$auto$insbuf.cc:79:execute$24464: $abc$21039$imm_out[0] -> \imm_out [0]
Added ysyx_25030085_id.$auto$insbuf.cc:79:execute$24465: $abc$13647$new_n316_ -> $abc$21039$abc$13647$new_n316_
Added ysyx_25030085_id.$auto$insbuf.cc:79:execute$24466: $abc$13647$new_n320_ -> $abc$21039$abc$13647$new_n320_
Added ysyx_25030085_id.$auto$insbuf.cc:79:execute$24467: $abc$21039$imm_out[1] -> \imm_out [1]
Added ysyx_25030085_id.$auto$insbuf.cc:79:execute$24468: $abc$13647$new_n324_ -> $abc$21039$abc$13647$new_n324_
Added ysyx_25030085_id.$auto$insbuf.cc:79:execute$24469: $abc$13647$new_n328_ -> $abc$21039$abc$13647$new_n328_
Added ysyx_25030085_id.$auto$insbuf.cc:79:execute$24470: $abc$21039$imm_out[2] -> \imm_out [2]
Added ysyx_25030085_id.$auto$insbuf.cc:79:execute$24471: $abc$13647$new_n332_ -> $abc$21039$abc$13647$new_n332_
Added ysyx_25030085_id.$auto$insbuf.cc:79:execute$24472: $abc$13647$new_n336_ -> $abc$21039$abc$13647$new_n336_
Added ysyx_25030085_id.$auto$insbuf.cc:79:execute$24473: $abc$21039$imm_out[3] -> \imm_out [3]
Added ysyx_25030085_id.$auto$insbuf.cc:79:execute$24474: $abc$13647$new_n340_ -> $abc$21039$abc$13647$new_n340_
Added ysyx_25030085_id.$auto$insbuf.cc:79:execute$24475: $abc$13647$new_n344_ -> $abc$21039$abc$13647$new_n344_
Added ysyx_25030085_id.$auto$insbuf.cc:79:execute$24476: $abc$21039$imm_out[4] -> \imm_out [4]
Added ysyx_25030085_id.$auto$insbuf.cc:79:execute$24477: $abc$13647$new_n348_ -> $abc$21039$abc$13647$new_n348_
Added ysyx_25030085_id.$auto$insbuf.cc:79:execute$24478: $abc$21039$imm_out[5] -> \imm_out [5]
Added ysyx_25030085_id.$auto$insbuf.cc:79:execute$24479: $abc$13647$new_n355_ -> $abc$21039$abc$13647$new_n355_
Added ysyx_25030085_id.$auto$insbuf.cc:79:execute$24480: $abc$21039$imm_out[6] -> \imm_out [6]
Added ysyx_25030085_id.$auto$insbuf.cc:79:execute$24481: $abc$13647$new_n362_ -> $abc$21039$abc$13647$new_n362_
Added ysyx_25030085_id.$auto$insbuf.cc:79:execute$24482: $abc$21039$imm_out[7] -> \imm_out [7]
Added ysyx_25030085_id.$auto$insbuf.cc:79:execute$24483: $abc$13647$new_n369_ -> $abc$21039$abc$13647$new_n369_
Added ysyx_25030085_id.$auto$insbuf.cc:79:execute$24484: $abc$21039$imm_out[8] -> \imm_out [8]
Added ysyx_25030085_id.$auto$insbuf.cc:79:execute$24485: $abc$13647$new_n376_ -> $abc$21039$abc$13647$new_n376_
Added ysyx_25030085_id.$auto$insbuf.cc:79:execute$24486: $abc$21039$imm_out[9] -> \imm_out [9]
Added ysyx_25030085_id.$auto$insbuf.cc:79:execute$24487: $abc$13647$new_n383_ -> $abc$21039$abc$13647$new_n383_
Added ysyx_25030085_id.$auto$insbuf.cc:79:execute$24488: $abc$21039$imm_out[10] -> \imm_out [10]
Added ysyx_25030085_id.$auto$insbuf.cc:79:execute$24489: $abc$13647$new_n390_ -> $abc$21039$abc$13647$new_n390_
Added ysyx_25030085_id.$auto$insbuf.cc:79:execute$24490: $abc$21039$imm_out[11] -> \imm_out [11]
Added ysyx_25030085_id.$auto$insbuf.cc:79:execute$24491: $abc$21039$imm_out[12] -> \imm_out [12]
Added ysyx_25030085_id.$auto$insbuf.cc:79:execute$24492: $abc$21039$imm_out[13] -> \imm_out [13]
Added ysyx_25030085_id.$auto$insbuf.cc:79:execute$24493: $abc$21039$imm_out[14] -> \imm_out [14]
Added ysyx_25030085_id.$auto$insbuf.cc:79:execute$24494: \rs1_addr [0] -> $abc$21039$rs1_addr[0]
Added ysyx_25030085_id.$auto$insbuf.cc:79:execute$24495: $abc$21039$imm_out[15] -> \imm_out [15]
Added ysyx_25030085_id.$auto$insbuf.cc:79:execute$24496: \rs1_addr [1] -> $abc$21039$rs1_addr[1]
Added ysyx_25030085_id.$auto$insbuf.cc:79:execute$24497: $abc$21039$imm_out[16] -> \imm_out [16]
Added ysyx_25030085_id.$auto$insbuf.cc:79:execute$24498: \rs1_addr [2] -> $abc$21039$rs1_addr[2]
Added ysyx_25030085_id.$auto$insbuf.cc:79:execute$24499: $abc$21039$imm_out[17] -> \imm_out [17]
Added ysyx_25030085_id.$auto$insbuf.cc:79:execute$24500: \rs1_addr [3] -> $abc$21039$rs1_addr[3]
Added ysyx_25030085_id.$auto$insbuf.cc:79:execute$24501: $abc$21039$imm_out[18] -> \imm_out [18]
Added ysyx_25030085_id.$auto$insbuf.cc:79:execute$24502: \immU[19] -> $abc$21039$immU[19]
Added ysyx_25030085_id.$auto$insbuf.cc:79:execute$24503: $abc$21039$imm_out[19] -> \imm_out [19]
Added ysyx_25030085_id.$auto$insbuf.cc:79:execute$24504: $abc$21039$imm_out[20] -> \imm_out [20]
Added ysyx_25030085_id.$auto$insbuf.cc:79:execute$24505: $abc$21039$imm_out[21] -> \imm_out [21]
Added ysyx_25030085_id.$auto$insbuf.cc:79:execute$24506: $abc$21039$imm_out[22] -> \imm_out [22]
Added ysyx_25030085_id.$auto$insbuf.cc:79:execute$24507: $abc$21039$imm_out[23] -> \imm_out [23]
Added ysyx_25030085_id.$auto$insbuf.cc:79:execute$24508: $abc$21039$imm_out[24] -> \imm_out [24]
Added ysyx_25030085_id.$auto$insbuf.cc:79:execute$24509: $abc$21039$imm_out[25] -> \imm_out [25]
Added ysyx_25030085_id.$auto$insbuf.cc:79:execute$24510: $abc$21039$imm_out[26] -> \imm_out [26]
Added ysyx_25030085_id.$auto$insbuf.cc:79:execute$24511: $abc$21039$imm_out[27] -> \imm_out [27]
Added ysyx_25030085_id.$auto$insbuf.cc:79:execute$24512: $abc$21039$imm_out[28] -> \imm_out [28]
Added ysyx_25030085_id.$auto$insbuf.cc:79:execute$24513: $abc$21039$imm_out[29] -> \imm_out [29]
Added ysyx_25030085_id.$auto$insbuf.cc:79:execute$24514: $abc$21039$imm_out[30] -> \imm_out [30]
Added ysyx_25030085_id.$auto$insbuf.cc:79:execute$24515: $abc$21039$imm_out[31] -> \imm_out [31]
Added ysyx_25030085_id.$auto$insbuf.cc:79:execute$24516: \in_ready -> $abc$21039$in_ready
Added ysyx_25030085_id.$auto$insbuf.cc:79:execute$24517: \in_inst [0] -> $abc$21039$in_inst[0]
Added ysyx_25030085_id.$auto$insbuf.cc:79:execute$24518: $abc$21039$0\inst[31:0][0] -> $0\inst[31:0][0]
Added ysyx_25030085_id.$auto$insbuf.cc:79:execute$24519: \in_inst [1] -> $abc$21039$in_inst[1]
Added ysyx_25030085_id.$auto$insbuf.cc:79:execute$24520: $abc$21039$0\inst[31:0][1] -> $0\inst[31:0][1]
Added ysyx_25030085_id.$auto$insbuf.cc:79:execute$24521: \in_inst [2] -> $abc$21039$in_inst[2]
Added ysyx_25030085_id.$auto$insbuf.cc:79:execute$24522: $abc$21039$0\inst[31:0][2] -> $0\inst[31:0][2]
Added ysyx_25030085_id.$auto$insbuf.cc:79:execute$24523: \in_inst [3] -> $abc$21039$in_inst[3]
Added ysyx_25030085_id.$auto$insbuf.cc:79:execute$24524: $abc$21039$0\inst[31:0][3] -> $0\inst[31:0][3]
Added ysyx_25030085_id.$auto$insbuf.cc:79:execute$24525: \in_inst [4] -> $abc$21039$in_inst[4]
Added ysyx_25030085_id.$auto$insbuf.cc:79:execute$24526: $abc$21039$0\inst[31:0][4] -> $0\inst[31:0][4]
Added ysyx_25030085_id.$auto$insbuf.cc:79:execute$24527: \in_inst [5] -> $abc$21039$in_inst[5]
Added ysyx_25030085_id.$auto$insbuf.cc:79:execute$24528: $abc$21039$0\inst[31:0][5] -> $0\inst[31:0][5]
Added ysyx_25030085_id.$auto$insbuf.cc:79:execute$24529: \in_inst [6] -> $abc$21039$in_inst[6]
Added ysyx_25030085_id.$auto$insbuf.cc:79:execute$24530: $abc$21039$0\inst[31:0][6] -> $0\inst[31:0][6]
Added ysyx_25030085_id.$auto$insbuf.cc:79:execute$24531: \in_inst [7] -> $abc$21039$in_inst[7]
Added ysyx_25030085_id.$auto$insbuf.cc:79:execute$24532: \rd_out [0] -> $abc$21039$rd_out[0]
Added ysyx_25030085_id.$auto$insbuf.cc:79:execute$24533: $abc$21039$0\inst[31:0][7] -> $0\inst[31:0][7]
Added ysyx_25030085_id.$auto$insbuf.cc:79:execute$24534: \in_inst [8] -> $abc$21039$in_inst[8]
Added ysyx_25030085_id.$auto$insbuf.cc:79:execute$24535: \rd_out [1] -> $abc$21039$rd_out[1]
Added ysyx_25030085_id.$auto$insbuf.cc:79:execute$24536: $abc$21039$0\inst[31:0][8] -> $0\inst[31:0][8]
Added ysyx_25030085_id.$auto$insbuf.cc:79:execute$24537: \in_inst [9] -> $abc$21039$in_inst[9]
Added ysyx_25030085_id.$auto$insbuf.cc:79:execute$24538: \rd_out [2] -> $abc$21039$rd_out[2]
Added ysyx_25030085_id.$auto$insbuf.cc:79:execute$24539: $abc$21039$0\inst[31:0][9] -> $0\inst[31:0][9]
Added ysyx_25030085_id.$auto$insbuf.cc:79:execute$24540: \in_inst [10] -> $abc$21039$in_inst[10]
Added ysyx_25030085_id.$auto$insbuf.cc:79:execute$24541: \rd_out [3] -> $abc$21039$rd_out[3]
Added ysyx_25030085_id.$auto$insbuf.cc:79:execute$24542: $abc$21039$0\inst[31:0][10] -> $0\inst[31:0][10]
Added ysyx_25030085_id.$auto$insbuf.cc:79:execute$24543: \in_inst [11] -> $abc$21039$in_inst[11]
Added ysyx_25030085_id.$auto$insbuf.cc:79:execute$24544: \immS[4] -> $abc$21039$immS[4]
Added ysyx_25030085_id.$auto$insbuf.cc:79:execute$24545: $abc$21039$0\inst[31:0][11] -> $0\inst[31:0][11]
Added ysyx_25030085_id.$auto$insbuf.cc:79:execute$24546: \in_inst [12] -> $abc$21039$in_inst[12]
Added ysyx_25030085_id.$auto$insbuf.cc:79:execute$24547: $abc$21039$0\inst[31:0][12] -> $0\inst[31:0][12]
Added ysyx_25030085_id.$auto$insbuf.cc:79:execute$24548: \in_inst [13] -> $abc$21039$in_inst[13]
Added ysyx_25030085_id.$auto$insbuf.cc:79:execute$24549: $abc$21039$0\inst[31:0][13] -> $0\inst[31:0][13]
Added ysyx_25030085_id.$auto$insbuf.cc:79:execute$24550: \in_inst [14] -> $abc$21039$in_inst[14]
Added ysyx_25030085_id.$auto$insbuf.cc:79:execute$24551: $abc$21039$0\inst[31:0][14] -> $0\inst[31:0][14]
Added ysyx_25030085_id.$auto$insbuf.cc:79:execute$24552: \in_inst [15] -> $abc$21039$in_inst[15]
Added ysyx_25030085_id.$auto$insbuf.cc:79:execute$24553: $abc$21039$0\inst[31:0][15] -> $0\inst[31:0][15]
Added ysyx_25030085_id.$auto$insbuf.cc:79:execute$24554: \in_inst [16] -> $abc$21039$in_inst[16]
Added ysyx_25030085_id.$auto$insbuf.cc:79:execute$24555: $abc$21039$0\inst[31:0][16] -> $0\inst[31:0][16]
Added ysyx_25030085_id.$auto$insbuf.cc:79:execute$24556: \in_inst [17] -> $abc$21039$in_inst[17]
Added ysyx_25030085_id.$auto$insbuf.cc:79:execute$24557: $abc$21039$0\inst[31:0][17] -> $0\inst[31:0][17]
Added ysyx_25030085_id.$auto$insbuf.cc:79:execute$24558: \in_inst [18] -> $abc$21039$in_inst[18]
Added ysyx_25030085_id.$auto$insbuf.cc:79:execute$24559: $abc$21039$0\inst[31:0][18] -> $0\inst[31:0][18]
Added ysyx_25030085_id.$auto$insbuf.cc:79:execute$24560: \in_inst [19] -> $abc$21039$in_inst[19]
Added ysyx_25030085_id.$auto$insbuf.cc:79:execute$24561: $abc$21039$0\inst[31:0][19] -> $0\inst[31:0][19]
Added ysyx_25030085_id.$auto$insbuf.cc:79:execute$24562: \in_inst [20] -> $abc$21039$in_inst[20]
Added ysyx_25030085_id.$auto$insbuf.cc:79:execute$24563: \rs2_addr [0] -> $abc$21039$rs2_addr[0]
Added ysyx_25030085_id.$auto$insbuf.cc:79:execute$24564: $abc$21039$0\inst[31:0][20] -> $0\inst[31:0][20]
Added ysyx_25030085_id.$auto$insbuf.cc:79:execute$24565: \in_inst [21] -> $abc$21039$in_inst[21]
Added ysyx_25030085_id.$auto$insbuf.cc:79:execute$24566: \rs2_addr [1] -> $abc$21039$rs2_addr[1]
Added ysyx_25030085_id.$auto$insbuf.cc:79:execute$24567: $abc$21039$0\inst[31:0][21] -> $0\inst[31:0][21]
Added ysyx_25030085_id.$auto$insbuf.cc:79:execute$24568: \in_inst [22] -> $abc$21039$in_inst[22]
Added ysyx_25030085_id.$auto$insbuf.cc:79:execute$24569: \rs2_addr [2] -> $abc$21039$rs2_addr[2]
Added ysyx_25030085_id.$auto$insbuf.cc:79:execute$24570: $abc$21039$0\inst[31:0][22] -> $0\inst[31:0][22]
Added ysyx_25030085_id.$auto$insbuf.cc:79:execute$24571: \in_inst [23] -> $abc$21039$in_inst[23]
Added ysyx_25030085_id.$auto$insbuf.cc:79:execute$24572: \rs2_addr [3] -> $abc$21039$rs2_addr[3]
Added ysyx_25030085_id.$auto$insbuf.cc:79:execute$24573: $abc$21039$0\inst[31:0][23] -> $0\inst[31:0][23]
Added ysyx_25030085_id.$auto$insbuf.cc:79:execute$24574: \in_inst [24] -> $abc$21039$in_inst[24]
Added ysyx_25030085_id.$auto$insbuf.cc:79:execute$24575: \immI[4] -> $abc$21039$immI[4]
Added ysyx_25030085_id.$auto$insbuf.cc:79:execute$24576: $abc$21039$0\inst[31:0][24] -> $0\inst[31:0][24]
Added ysyx_25030085_id.$auto$insbuf.cc:79:execute$24577: \in_inst [25] -> $abc$21039$in_inst[25]
Added ysyx_25030085_id.$auto$insbuf.cc:79:execute$24578: \immI[5] -> $abc$21039$immI[5]
Added ysyx_25030085_id.$auto$insbuf.cc:79:execute$24579: $abc$21039$0\inst[31:0][25] -> $0\inst[31:0][25]
Added ysyx_25030085_id.$auto$insbuf.cc:79:execute$24580: \in_inst [26] -> $abc$21039$in_inst[26]
Added ysyx_25030085_id.$auto$insbuf.cc:79:execute$24581: \immI[6] -> $abc$21039$immI[6]
Added ysyx_25030085_id.$auto$insbuf.cc:79:execute$24582: $abc$21039$0\inst[31:0][26] -> $0\inst[31:0][26]
Added ysyx_25030085_id.$auto$insbuf.cc:79:execute$24583: \in_inst [27] -> $abc$21039$in_inst[27]
Added ysyx_25030085_id.$auto$insbuf.cc:79:execute$24584: \immI[7] -> $abc$21039$immI[7]
Added ysyx_25030085_id.$auto$insbuf.cc:79:execute$24585: $abc$21039$0\inst[31:0][27] -> $0\inst[31:0][27]
Added ysyx_25030085_id.$auto$insbuf.cc:79:execute$24586: \in_inst [28] -> $abc$21039$in_inst[28]
Added ysyx_25030085_id.$auto$insbuf.cc:79:execute$24587: \immI[8] -> $abc$21039$immI[8]
Added ysyx_25030085_id.$auto$insbuf.cc:79:execute$24588: $abc$21039$0\inst[31:0][28] -> $0\inst[31:0][28]
Added ysyx_25030085_id.$auto$insbuf.cc:79:execute$24589: \in_inst [29] -> $abc$21039$in_inst[29]
Added ysyx_25030085_id.$auto$insbuf.cc:79:execute$24590: \immI[9] -> $abc$21039$immI[9]
Added ysyx_25030085_id.$auto$insbuf.cc:79:execute$24591: $abc$21039$0\inst[31:0][29] -> $0\inst[31:0][29]
Added ysyx_25030085_id.$auto$insbuf.cc:79:execute$24592: \in_inst [30] -> $abc$21039$in_inst[30]
Added ysyx_25030085_id.$auto$insbuf.cc:79:execute$24593: \immI[10] -> $abc$21039$immI[10]
Added ysyx_25030085_id.$auto$insbuf.cc:79:execute$24594: $abc$21039$0\inst[31:0][30] -> $0\inst[31:0][30]
Added ysyx_25030085_id.$auto$insbuf.cc:79:execute$24595: \in_inst [31] -> $abc$21039$in_inst[31]
Added ysyx_25030085_id.$auto$insbuf.cc:79:execute$24596: \immI[31] -> $abc$21039$immI[31]
Added ysyx_25030085_id.$auto$insbuf.cc:79:execute$24597: $abc$21039$0\inst[31:0][31] -> $0\inst[31:0][31]
Added ysyx_25030085_id.$auto$insbuf.cc:79:execute$24598: \in_pc [0] -> $abc$21039$in_pc[0]
Added ysyx_25030085_id.$auto$insbuf.cc:79:execute$24599: \pc_out [0] -> $abc$21039$pc_out[0]
Added ysyx_25030085_id.$auto$insbuf.cc:79:execute$24600: $abc$21039$0\pc[31:0][0] -> $0\pc[31:0][0]
Added ysyx_25030085_id.$auto$insbuf.cc:79:execute$24601: \in_pc [1] -> $abc$21039$in_pc[1]
Added ysyx_25030085_id.$auto$insbuf.cc:79:execute$24602: \pc_out [1] -> $abc$21039$pc_out[1]
Added ysyx_25030085_id.$auto$insbuf.cc:79:execute$24603: $abc$21039$0\pc[31:0][1] -> $0\pc[31:0][1]
Added ysyx_25030085_id.$auto$insbuf.cc:79:execute$24604: \in_pc [2] -> $abc$21039$in_pc[2]
Added ysyx_25030085_id.$auto$insbuf.cc:79:execute$24605: \pc_out [2] -> $abc$21039$pc_out[2]
Added ysyx_25030085_id.$auto$insbuf.cc:79:execute$24606: $abc$21039$0\pc[31:0][2] -> $0\pc[31:0][2]
Added ysyx_25030085_id.$auto$insbuf.cc:79:execute$24607: \in_pc [3] -> $abc$21039$in_pc[3]
Added ysyx_25030085_id.$auto$insbuf.cc:79:execute$24608: \pc_out [3] -> $abc$21039$pc_out[3]
Added ysyx_25030085_id.$auto$insbuf.cc:79:execute$24609: $abc$21039$0\pc[31:0][3] -> $0\pc[31:0][3]
Added ysyx_25030085_id.$auto$insbuf.cc:79:execute$24610: \in_pc [4] -> $abc$21039$in_pc[4]
Added ysyx_25030085_id.$auto$insbuf.cc:79:execute$24611: \pc_out [4] -> $abc$21039$pc_out[4]
Added ysyx_25030085_id.$auto$insbuf.cc:79:execute$24612: $abc$21039$0\pc[31:0][4] -> $0\pc[31:0][4]
Added ysyx_25030085_id.$auto$insbuf.cc:79:execute$24613: \in_pc [5] -> $abc$21039$in_pc[5]
Added ysyx_25030085_id.$auto$insbuf.cc:79:execute$24614: \pc_out [5] -> $abc$21039$pc_out[5]
Added ysyx_25030085_id.$auto$insbuf.cc:79:execute$24615: $abc$21039$0\pc[31:0][5] -> $0\pc[31:0][5]
Added ysyx_25030085_id.$auto$insbuf.cc:79:execute$24616: \in_pc [6] -> $abc$21039$in_pc[6]
Added ysyx_25030085_id.$auto$insbuf.cc:79:execute$24617: \pc_out [6] -> $abc$21039$pc_out[6]
Added ysyx_25030085_id.$auto$insbuf.cc:79:execute$24618: $abc$21039$0\pc[31:0][6] -> $0\pc[31:0][6]
Added ysyx_25030085_id.$auto$insbuf.cc:79:execute$24619: \in_pc [7] -> $abc$21039$in_pc[7]
Added ysyx_25030085_id.$auto$insbuf.cc:79:execute$24620: \pc_out [7] -> $abc$21039$pc_out[7]
Added ysyx_25030085_id.$auto$insbuf.cc:79:execute$24621: $abc$21039$0\pc[31:0][7] -> $0\pc[31:0][7]
Added ysyx_25030085_id.$auto$insbuf.cc:79:execute$24622: \in_pc [8] -> $abc$21039$in_pc[8]
Added ysyx_25030085_id.$auto$insbuf.cc:79:execute$24623: \pc_out [8] -> $abc$21039$pc_out[8]
Added ysyx_25030085_id.$auto$insbuf.cc:79:execute$24624: $abc$21039$0\pc[31:0][8] -> $0\pc[31:0][8]
Added ysyx_25030085_id.$auto$insbuf.cc:79:execute$24625: \in_pc [9] -> $abc$21039$in_pc[9]
Added ysyx_25030085_id.$auto$insbuf.cc:79:execute$24626: \pc_out [9] -> $abc$21039$pc_out[9]
Added ysyx_25030085_id.$auto$insbuf.cc:79:execute$24627: $abc$21039$0\pc[31:0][9] -> $0\pc[31:0][9]
Added ysyx_25030085_id.$auto$insbuf.cc:79:execute$24628: \in_pc [10] -> $abc$21039$in_pc[10]
Added ysyx_25030085_id.$auto$insbuf.cc:79:execute$24629: \pc_out [10] -> $abc$21039$pc_out[10]
Added ysyx_25030085_id.$auto$insbuf.cc:79:execute$24630: $abc$21039$0\pc[31:0][10] -> $0\pc[31:0][10]
Added ysyx_25030085_id.$auto$insbuf.cc:79:execute$24631: \in_pc [11] -> $abc$21039$in_pc[11]
Added ysyx_25030085_id.$auto$insbuf.cc:79:execute$24632: \pc_out [11] -> $abc$21039$pc_out[11]
Added ysyx_25030085_id.$auto$insbuf.cc:79:execute$24633: $abc$21039$0\pc[31:0][11] -> $0\pc[31:0][11]
Added ysyx_25030085_id.$auto$insbuf.cc:79:execute$24634: \in_pc [12] -> $abc$21039$in_pc[12]
Added ysyx_25030085_id.$auto$insbuf.cc:79:execute$24635: \pc_out [12] -> $abc$21039$pc_out[12]
Added ysyx_25030085_id.$auto$insbuf.cc:79:execute$24636: $abc$21039$0\pc[31:0][12] -> $0\pc[31:0][12]
Added ysyx_25030085_id.$auto$insbuf.cc:79:execute$24637: \in_pc [13] -> $abc$21039$in_pc[13]
Added ysyx_25030085_id.$auto$insbuf.cc:79:execute$24638: \pc_out [13] -> $abc$21039$pc_out[13]
Added ysyx_25030085_id.$auto$insbuf.cc:79:execute$24639: $abc$21039$0\pc[31:0][13] -> $0\pc[31:0][13]
Added ysyx_25030085_id.$auto$insbuf.cc:79:execute$24640: \in_pc [14] -> $abc$21039$in_pc[14]
Added ysyx_25030085_id.$auto$insbuf.cc:79:execute$24641: \pc_out [14] -> $abc$21039$pc_out[14]
Added ysyx_25030085_id.$auto$insbuf.cc:79:execute$24642: $abc$21039$0\pc[31:0][14] -> $0\pc[31:0][14]
Added ysyx_25030085_id.$auto$insbuf.cc:79:execute$24643: \in_pc [15] -> $abc$21039$in_pc[15]
Added ysyx_25030085_id.$auto$insbuf.cc:79:execute$24644: \pc_out [15] -> $abc$21039$pc_out[15]
Added ysyx_25030085_id.$auto$insbuf.cc:79:execute$24645: $abc$21039$0\pc[31:0][15] -> $0\pc[31:0][15]
Added ysyx_25030085_id.$auto$insbuf.cc:79:execute$24646: \in_pc [16] -> $abc$21039$in_pc[16]
Added ysyx_25030085_id.$auto$insbuf.cc:79:execute$24647: \pc_out [16] -> $abc$21039$pc_out[16]
Added ysyx_25030085_id.$auto$insbuf.cc:79:execute$24648: $abc$21039$0\pc[31:0][16] -> $0\pc[31:0][16]
Added ysyx_25030085_id.$auto$insbuf.cc:79:execute$24649: \in_pc [17] -> $abc$21039$in_pc[17]
Added ysyx_25030085_id.$auto$insbuf.cc:79:execute$24650: \pc_out [17] -> $abc$21039$pc_out[17]
Added ysyx_25030085_id.$auto$insbuf.cc:79:execute$24651: $abc$21039$0\pc[31:0][17] -> $0\pc[31:0][17]
Added ysyx_25030085_id.$auto$insbuf.cc:79:execute$24652: \in_pc [18] -> $abc$21039$in_pc[18]
Added ysyx_25030085_id.$auto$insbuf.cc:79:execute$24653: \pc_out [18] -> $abc$21039$pc_out[18]
Added ysyx_25030085_id.$auto$insbuf.cc:79:execute$24654: $abc$21039$0\pc[31:0][18] -> $0\pc[31:0][18]
Added ysyx_25030085_id.$auto$insbuf.cc:79:execute$24655: \in_pc [19] -> $abc$21039$in_pc[19]
Added ysyx_25030085_id.$auto$insbuf.cc:79:execute$24656: \pc_out [19] -> $abc$21039$pc_out[19]
Added ysyx_25030085_id.$auto$insbuf.cc:79:execute$24657: $abc$21039$0\pc[31:0][19] -> $0\pc[31:0][19]
Added ysyx_25030085_id.$auto$insbuf.cc:79:execute$24658: \in_pc [20] -> $abc$21039$in_pc[20]
Added ysyx_25030085_id.$auto$insbuf.cc:79:execute$24659: \pc_out [20] -> $abc$21039$pc_out[20]
Added ysyx_25030085_id.$auto$insbuf.cc:79:execute$24660: $abc$21039$0\pc[31:0][20] -> $0\pc[31:0][20]
Added ysyx_25030085_id.$auto$insbuf.cc:79:execute$24661: \in_pc [21] -> $abc$21039$in_pc[21]
Added ysyx_25030085_id.$auto$insbuf.cc:79:execute$24662: \pc_out [21] -> $abc$21039$pc_out[21]
Added ysyx_25030085_id.$auto$insbuf.cc:79:execute$24663: $abc$21039$0\pc[31:0][21] -> $0\pc[31:0][21]
Added ysyx_25030085_id.$auto$insbuf.cc:79:execute$24664: \in_pc [22] -> $abc$21039$in_pc[22]
Added ysyx_25030085_id.$auto$insbuf.cc:79:execute$24665: \pc_out [22] -> $abc$21039$pc_out[22]
Added ysyx_25030085_id.$auto$insbuf.cc:79:execute$24666: $abc$21039$0\pc[31:0][22] -> $0\pc[31:0][22]
Added ysyx_25030085_id.$auto$insbuf.cc:79:execute$24667: \in_pc [23] -> $abc$21039$in_pc[23]
Added ysyx_25030085_id.$auto$insbuf.cc:79:execute$24668: \pc_out [23] -> $abc$21039$pc_out[23]
Added ysyx_25030085_id.$auto$insbuf.cc:79:execute$24669: $abc$21039$0\pc[31:0][23] -> $0\pc[31:0][23]
Added ysyx_25030085_id.$auto$insbuf.cc:79:execute$24670: \in_pc [24] -> $abc$21039$in_pc[24]
Added ysyx_25030085_id.$auto$insbuf.cc:79:execute$24671: \pc_out [24] -> $abc$21039$pc_out[24]
Added ysyx_25030085_id.$auto$insbuf.cc:79:execute$24672: $abc$21039$0\pc[31:0][24] -> $0\pc[31:0][24]
Added ysyx_25030085_id.$auto$insbuf.cc:79:execute$24673: \in_pc [25] -> $abc$21039$in_pc[25]
Added ysyx_25030085_id.$auto$insbuf.cc:79:execute$24674: \pc_out [25] -> $abc$21039$pc_out[25]
Added ysyx_25030085_id.$auto$insbuf.cc:79:execute$24675: $abc$21039$0\pc[31:0][25] -> $0\pc[31:0][25]
Added ysyx_25030085_id.$auto$insbuf.cc:79:execute$24676: \in_pc [26] -> $abc$21039$in_pc[26]
Added ysyx_25030085_id.$auto$insbuf.cc:79:execute$24677: \pc_out [26] -> $abc$21039$pc_out[26]
Added ysyx_25030085_id.$auto$insbuf.cc:79:execute$24678: $abc$21039$0\pc[31:0][26] -> $0\pc[31:0][26]
Added ysyx_25030085_id.$auto$insbuf.cc:79:execute$24679: \in_pc [27] -> $abc$21039$in_pc[27]
Added ysyx_25030085_id.$auto$insbuf.cc:79:execute$24680: \pc_out [27] -> $abc$21039$pc_out[27]
Added ysyx_25030085_id.$auto$insbuf.cc:79:execute$24681: $abc$21039$0\pc[31:0][27] -> $0\pc[31:0][27]
Added ysyx_25030085_id.$auto$insbuf.cc:79:execute$24682: \in_pc [28] -> $abc$21039$in_pc[28]
Added ysyx_25030085_id.$auto$insbuf.cc:79:execute$24683: \pc_out [28] -> $abc$21039$pc_out[28]
Added ysyx_25030085_id.$auto$insbuf.cc:79:execute$24684: $abc$21039$0\pc[31:0][28] -> $0\pc[31:0][28]
Added ysyx_25030085_id.$auto$insbuf.cc:79:execute$24685: \in_pc [29] -> $abc$21039$in_pc[29]
Added ysyx_25030085_id.$auto$insbuf.cc:79:execute$24686: \pc_out [29] -> $abc$21039$pc_out[29]
Added ysyx_25030085_id.$auto$insbuf.cc:79:execute$24687: $abc$21039$0\pc[31:0][29] -> $0\pc[31:0][29]
Added ysyx_25030085_id.$auto$insbuf.cc:79:execute$24688: \in_pc [30] -> $abc$21039$in_pc[30]
Added ysyx_25030085_id.$auto$insbuf.cc:79:execute$24689: \pc_out [30] -> $abc$21039$pc_out[30]
Added ysyx_25030085_id.$auto$insbuf.cc:79:execute$24690: $abc$21039$0\pc[31:0][30] -> $0\pc[31:0][30]
Added ysyx_25030085_id.$auto$insbuf.cc:79:execute$24691: \in_pc [31] -> $abc$21039$in_pc[31]
Added ysyx_25030085_id.$auto$insbuf.cc:79:execute$24692: \pc_out [31] -> $abc$21039$pc_out[31]
Added ysyx_25030085_id.$auto$insbuf.cc:79:execute$24693: $abc$21039$0\pc[31:0][31] -> $0\pc[31:0][31]
Added ysyx_25030085_id.$auto$insbuf.cc:79:execute$24694: $abc$21039$abc$13647$auto$fsm_map.cc:118:implement_pattern_cache$990 -> $abc$13647$auto$fsm_map.cc:118:implement_pattern_cache$990
Added ysyx_25030085_id.$auto$insbuf.cc:79:execute$24695: $abc$21039$Jump -> \Jump
Added ysyx_25030085_id.$auto$insbuf.cc:79:execute$24696: $abc$21039$csr_wen -> \csr_wen
Added ysyx_25030085_id.$auto$insbuf.cc:79:execute$24697: $abc$21039$ALUSrc -> \ALUSrc
Added ysyx_25030085_id.$auto$insbuf.cc:79:execute$24698: $abc$21039$MemWrite -> \MemWrite
Added ysyx_25030085_id.$auto$insbuf.cc:79:execute$24699: $abc$21039$MemRead -> \MemRead
Added ysyx_25030085_id.$auto$insbuf.cc:79:execute$24700: $abc$21039$RegWrite -> \RegWrite
Added ysyx_25030085_id.$auto$insbuf.cc:79:execute$24701: \reset -> $abc$21039$reset
Added ysyx_25030085_id.$auto$insbuf.cc:79:execute$24702: $abc$21039$auto$rtlil.cc:1969:NotGate$16695 -> $auto$rtlil.cc:1969:NotGate$16695
Added ysyx_25030085_if.$auto$insbuf.cc:79:execute$24703: $auto$hilomap.cc:47:hilomap_worker$22435 -> \pc [0]
Added ysyx_25030085_if.$auto$insbuf.cc:79:execute$24704: $auto$hilomap.cc:47:hilomap_worker$22435 -> \pc [1]
Added ysyx_25030085_if.$auto$insbuf.cc:79:execute$24705: $auto$hilomap.cc:47:hilomap_worker$22435 -> \pc [2]
Added ysyx_25030085_if.$auto$insbuf.cc:79:execute$24706: $auto$hilomap.cc:47:hilomap_worker$22435 -> \pc [3]
Added ysyx_25030085_if.$auto$insbuf.cc:79:execute$24707: $auto$hilomap.cc:47:hilomap_worker$22435 -> \pc [4]
Added ysyx_25030085_if.$auto$insbuf.cc:79:execute$24708: $auto$hilomap.cc:47:hilomap_worker$22435 -> \pc [5]
Added ysyx_25030085_if.$auto$insbuf.cc:79:execute$24709: $auto$hilomap.cc:47:hilomap_worker$22435 -> \pc [6]
Added ysyx_25030085_if.$auto$insbuf.cc:79:execute$24710: $auto$hilomap.cc:47:hilomap_worker$22435 -> \pc [7]
Added ysyx_25030085_if.$auto$insbuf.cc:79:execute$24711: $auto$hilomap.cc:47:hilomap_worker$22435 -> \pc [8]
Added ysyx_25030085_if.$auto$insbuf.cc:79:execute$24712: $auto$hilomap.cc:47:hilomap_worker$22435 -> \pc [9]
Added ysyx_25030085_if.$auto$insbuf.cc:79:execute$24713: $auto$hilomap.cc:47:hilomap_worker$22435 -> \pc [10]
Added ysyx_25030085_if.$auto$insbuf.cc:79:execute$24714: $auto$hilomap.cc:47:hilomap_worker$22435 -> \pc [11]
Added ysyx_25030085_if.$auto$insbuf.cc:79:execute$24715: $auto$hilomap.cc:47:hilomap_worker$22435 -> \pc [12]
Added ysyx_25030085_if.$auto$insbuf.cc:79:execute$24716: $auto$hilomap.cc:47:hilomap_worker$22435 -> \pc [13]
Added ysyx_25030085_if.$auto$insbuf.cc:79:execute$24717: $auto$hilomap.cc:47:hilomap_worker$22435 -> \pc [14]
Added ysyx_25030085_if.$auto$insbuf.cc:79:execute$24718: $auto$hilomap.cc:47:hilomap_worker$22435 -> \pc [15]
Added ysyx_25030085_if.$auto$insbuf.cc:79:execute$24719: $auto$hilomap.cc:47:hilomap_worker$22435 -> \pc [16]
Added ysyx_25030085_if.$auto$insbuf.cc:79:execute$24720: $auto$hilomap.cc:47:hilomap_worker$22435 -> \pc [17]
Added ysyx_25030085_if.$auto$insbuf.cc:79:execute$24721: $auto$hilomap.cc:47:hilomap_worker$22435 -> \pc [18]
Added ysyx_25030085_if.$auto$insbuf.cc:79:execute$24722: $auto$hilomap.cc:47:hilomap_worker$22435 -> \pc [19]
Added ysyx_25030085_if.$auto$insbuf.cc:79:execute$24723: $auto$hilomap.cc:47:hilomap_worker$22435 -> \pc [20]
Added ysyx_25030085_if.$auto$insbuf.cc:79:execute$24724: $auto$hilomap.cc:47:hilomap_worker$22435 -> \pc [21]
Added ysyx_25030085_if.$auto$insbuf.cc:79:execute$24725: $auto$hilomap.cc:47:hilomap_worker$22435 -> \pc [22]
Added ysyx_25030085_if.$auto$insbuf.cc:79:execute$24726: $auto$hilomap.cc:47:hilomap_worker$22435 -> \pc [23]
Added ysyx_25030085_if.$auto$insbuf.cc:79:execute$24727: $auto$hilomap.cc:47:hilomap_worker$22435 -> \pc [24]
Added ysyx_25030085_if.$auto$insbuf.cc:79:execute$24728: $auto$hilomap.cc:47:hilomap_worker$22435 -> \pc [25]
Added ysyx_25030085_if.$auto$insbuf.cc:79:execute$24729: $auto$hilomap.cc:47:hilomap_worker$22435 -> \pc [26]
Added ysyx_25030085_if.$auto$insbuf.cc:79:execute$24730: $auto$hilomap.cc:47:hilomap_worker$22435 -> \pc [27]
Added ysyx_25030085_if.$auto$insbuf.cc:79:execute$24731: $auto$hilomap.cc:39:hilomap_worker$22437 -> \pc [28]
Added ysyx_25030085_if.$auto$insbuf.cc:79:execute$24732: $auto$hilomap.cc:39:hilomap_worker$22437 -> \pc [29]
Added ysyx_25030085_if.$auto$insbuf.cc:79:execute$24733: $auto$hilomap.cc:47:hilomap_worker$22435 -> \pc [30]
Added ysyx_25030085_if.$auto$insbuf.cc:79:execute$24734: $auto$hilomap.cc:47:hilomap_worker$22435 -> \pc [31]
Added ysyx_25030085_if.$auto$insbuf.cc:79:execute$24735: \out_valid -> \state[1]
Added ysyx_25030085_if.$auto$insbuf.cc:79:execute$24736: \ifu_respValid -> $abc$21273$ifu_respValid
Added ysyx_25030085_if.$auto$insbuf.cc:79:execute$24737: \out_ready -> $abc$21273$out_ready
Added ysyx_25030085_if.$auto$insbuf.cc:79:execute$24738: \state[2] -> $abc$21273$state[2]
Added ysyx_25030085_if.$auto$insbuf.cc:79:execute$24739: \state[0] -> $abc$21273$state[0]
Added ysyx_25030085_if.$auto$insbuf.cc:79:execute$24740: $abc$14012$new_n270_ -> $abc$21273$abc$14012$new_n270_
Added ysyx_25030085_if.$auto$insbuf.cc:79:execute$24741: $abc$21273$abc$14012$auto$fsm_map.cc:170:map_fsm$992[2] -> $abc$14012$auto$fsm_map.cc:170:map_fsm$992[2]
Added ysyx_25030085_if.$auto$insbuf.cc:79:execute$24742: \state[3] -> $abc$21273$state[3]
Added ysyx_25030085_if.$auto$insbuf.cc:79:execute$24743: \wb_done -> $abc$21273$wb_done
Added ysyx_25030085_if.$auto$insbuf.cc:79:execute$24744: \out_valid -> $abc$21273$out_valid
Added ysyx_25030085_if.$auto$insbuf.cc:79:execute$24745: $abc$21273$abc$14012$auto$fsm_map.cc:170:map_fsm$992[3] -> $abc$14012$auto$fsm_map.cc:170:map_fsm$992[3]
Added ysyx_25030085_if.$auto$insbuf.cc:79:execute$24746: \inst_reg[0] -> $abc$21273$inst_reg[0]
Added ysyx_25030085_if.$auto$insbuf.cc:79:execute$24747: \ifu_rdata [0] -> $abc$21273$ifu_rdata[0]
Added ysyx_25030085_if.$auto$insbuf.cc:79:execute$24748: $abc$21273$0\inst_reg[31:0][0] -> $0\inst_reg[31:0][0]
Added ysyx_25030085_if.$auto$insbuf.cc:79:execute$24749: \inst_reg[1] -> $abc$21273$inst_reg[1]
Added ysyx_25030085_if.$auto$insbuf.cc:79:execute$24750: \ifu_rdata [1] -> $abc$21273$ifu_rdata[1]
Added ysyx_25030085_if.$auto$insbuf.cc:79:execute$24751: $abc$21273$0\inst_reg[31:0][1] -> $0\inst_reg[31:0][1]
Added ysyx_25030085_if.$auto$insbuf.cc:79:execute$24752: \inst_reg[2] -> $abc$21273$inst_reg[2]
Added ysyx_25030085_if.$auto$insbuf.cc:79:execute$24753: \ifu_rdata [2] -> $abc$21273$ifu_rdata[2]
Added ysyx_25030085_if.$auto$insbuf.cc:79:execute$24754: $abc$21273$0\inst_reg[31:0][2] -> $0\inst_reg[31:0][2]
Added ysyx_25030085_if.$auto$insbuf.cc:79:execute$24755: \inst_reg[3] -> $abc$21273$inst_reg[3]
Added ysyx_25030085_if.$auto$insbuf.cc:79:execute$24756: \ifu_rdata [3] -> $abc$21273$ifu_rdata[3]
Added ysyx_25030085_if.$auto$insbuf.cc:79:execute$24757: $abc$21273$0\inst_reg[31:0][3] -> $0\inst_reg[31:0][3]
Added ysyx_25030085_if.$auto$insbuf.cc:79:execute$24758: \inst_reg[4] -> $abc$21273$inst_reg[4]
Added ysyx_25030085_if.$auto$insbuf.cc:79:execute$24759: \ifu_rdata [4] -> $abc$21273$ifu_rdata[4]
Added ysyx_25030085_if.$auto$insbuf.cc:79:execute$24760: $abc$21273$0\inst_reg[31:0][4] -> $0\inst_reg[31:0][4]
Added ysyx_25030085_if.$auto$insbuf.cc:79:execute$24761: \inst_reg[5] -> $abc$21273$inst_reg[5]
Added ysyx_25030085_if.$auto$insbuf.cc:79:execute$24762: \ifu_rdata [5] -> $abc$21273$ifu_rdata[5]
Added ysyx_25030085_if.$auto$insbuf.cc:79:execute$24763: $abc$21273$0\inst_reg[31:0][5] -> $0\inst_reg[31:0][5]
Added ysyx_25030085_if.$auto$insbuf.cc:79:execute$24764: \inst_reg[6] -> $abc$21273$inst_reg[6]
Added ysyx_25030085_if.$auto$insbuf.cc:79:execute$24765: \ifu_rdata [6] -> $abc$21273$ifu_rdata[6]
Added ysyx_25030085_if.$auto$insbuf.cc:79:execute$24766: $abc$21273$0\inst_reg[31:0][6] -> $0\inst_reg[31:0][6]
Added ysyx_25030085_if.$auto$insbuf.cc:79:execute$24767: \inst_reg[7] -> $abc$21273$inst_reg[7]
Added ysyx_25030085_if.$auto$insbuf.cc:79:execute$24768: \ifu_rdata [7] -> $abc$21273$ifu_rdata[7]
Added ysyx_25030085_if.$auto$insbuf.cc:79:execute$24769: $abc$21273$0\inst_reg[31:0][7] -> $0\inst_reg[31:0][7]
Added ysyx_25030085_if.$auto$insbuf.cc:79:execute$24770: \inst_reg[8] -> $abc$21273$inst_reg[8]
Added ysyx_25030085_if.$auto$insbuf.cc:79:execute$24771: \ifu_rdata [8] -> $abc$21273$ifu_rdata[8]
Added ysyx_25030085_if.$auto$insbuf.cc:79:execute$24772: $abc$21273$0\inst_reg[31:0][8] -> $0\inst_reg[31:0][8]
Added ysyx_25030085_if.$auto$insbuf.cc:79:execute$24773: \inst_reg[9] -> $abc$21273$inst_reg[9]
Added ysyx_25030085_if.$auto$insbuf.cc:79:execute$24774: \ifu_rdata [9] -> $abc$21273$ifu_rdata[9]
Added ysyx_25030085_if.$auto$insbuf.cc:79:execute$24775: $abc$21273$0\inst_reg[31:0][9] -> $0\inst_reg[31:0][9]
Added ysyx_25030085_if.$auto$insbuf.cc:79:execute$24776: \inst_reg[10] -> $abc$21273$inst_reg[10]
Added ysyx_25030085_if.$auto$insbuf.cc:79:execute$24777: \ifu_rdata [10] -> $abc$21273$ifu_rdata[10]
Added ysyx_25030085_if.$auto$insbuf.cc:79:execute$24778: $abc$21273$0\inst_reg[31:0][10] -> $0\inst_reg[31:0][10]
Added ysyx_25030085_if.$auto$insbuf.cc:79:execute$24779: \inst_reg[11] -> $abc$21273$inst_reg[11]
Added ysyx_25030085_if.$auto$insbuf.cc:79:execute$24780: \ifu_rdata [11] -> $abc$21273$ifu_rdata[11]
Added ysyx_25030085_if.$auto$insbuf.cc:79:execute$24781: $abc$21273$0\inst_reg[31:0][11] -> $0\inst_reg[31:0][11]
Added ysyx_25030085_if.$auto$insbuf.cc:79:execute$24782: \inst_reg[12] -> $abc$21273$inst_reg[12]
Added ysyx_25030085_if.$auto$insbuf.cc:79:execute$24783: \ifu_rdata [12] -> $abc$21273$ifu_rdata[12]
Added ysyx_25030085_if.$auto$insbuf.cc:79:execute$24784: $abc$21273$0\inst_reg[31:0][12] -> $0\inst_reg[31:0][12]
Added ysyx_25030085_if.$auto$insbuf.cc:79:execute$24785: \inst_reg[13] -> $abc$21273$inst_reg[13]
Added ysyx_25030085_if.$auto$insbuf.cc:79:execute$24786: \ifu_rdata [13] -> $abc$21273$ifu_rdata[13]
Added ysyx_25030085_if.$auto$insbuf.cc:79:execute$24787: $abc$21273$0\inst_reg[31:0][13] -> $0\inst_reg[31:0][13]
Added ysyx_25030085_if.$auto$insbuf.cc:79:execute$24788: \inst_reg[14] -> $abc$21273$inst_reg[14]
Added ysyx_25030085_if.$auto$insbuf.cc:79:execute$24789: \ifu_rdata [14] -> $abc$21273$ifu_rdata[14]
Added ysyx_25030085_if.$auto$insbuf.cc:79:execute$24790: $abc$21273$0\inst_reg[31:0][14] -> $0\inst_reg[31:0][14]
Added ysyx_25030085_if.$auto$insbuf.cc:79:execute$24791: \inst_reg[15] -> $abc$21273$inst_reg[15]
Added ysyx_25030085_if.$auto$insbuf.cc:79:execute$24792: \ifu_rdata [15] -> $abc$21273$ifu_rdata[15]
Added ysyx_25030085_if.$auto$insbuf.cc:79:execute$24793: $abc$21273$0\inst_reg[31:0][15] -> $0\inst_reg[31:0][15]
Added ysyx_25030085_if.$auto$insbuf.cc:79:execute$24794: \inst_reg[16] -> $abc$21273$inst_reg[16]
Added ysyx_25030085_if.$auto$insbuf.cc:79:execute$24795: \ifu_rdata [16] -> $abc$21273$ifu_rdata[16]
Added ysyx_25030085_if.$auto$insbuf.cc:79:execute$24796: $abc$21273$0\inst_reg[31:0][16] -> $0\inst_reg[31:0][16]
Added ysyx_25030085_if.$auto$insbuf.cc:79:execute$24797: \inst_reg[17] -> $abc$21273$inst_reg[17]
Added ysyx_25030085_if.$auto$insbuf.cc:79:execute$24798: \ifu_rdata [17] -> $abc$21273$ifu_rdata[17]
Added ysyx_25030085_if.$auto$insbuf.cc:79:execute$24799: $abc$21273$0\inst_reg[31:0][17] -> $0\inst_reg[31:0][17]
Added ysyx_25030085_if.$auto$insbuf.cc:79:execute$24800: \inst_reg[18] -> $abc$21273$inst_reg[18]
Added ysyx_25030085_if.$auto$insbuf.cc:79:execute$24801: \ifu_rdata [18] -> $abc$21273$ifu_rdata[18]
Added ysyx_25030085_if.$auto$insbuf.cc:79:execute$24802: $abc$21273$0\inst_reg[31:0][18] -> $0\inst_reg[31:0][18]
Added ysyx_25030085_if.$auto$insbuf.cc:79:execute$24803: \inst_reg[19] -> $abc$21273$inst_reg[19]
Added ysyx_25030085_if.$auto$insbuf.cc:79:execute$24804: \ifu_rdata [19] -> $abc$21273$ifu_rdata[19]
Added ysyx_25030085_if.$auto$insbuf.cc:79:execute$24805: $abc$21273$0\inst_reg[31:0][19] -> $0\inst_reg[31:0][19]
Added ysyx_25030085_if.$auto$insbuf.cc:79:execute$24806: \inst_reg[20] -> $abc$21273$inst_reg[20]
Added ysyx_25030085_if.$auto$insbuf.cc:79:execute$24807: \ifu_rdata [20] -> $abc$21273$ifu_rdata[20]
Added ysyx_25030085_if.$auto$insbuf.cc:79:execute$24808: $abc$21273$0\inst_reg[31:0][20] -> $0\inst_reg[31:0][20]
Added ysyx_25030085_if.$auto$insbuf.cc:79:execute$24809: \inst_reg[21] -> $abc$21273$inst_reg[21]
Added ysyx_25030085_if.$auto$insbuf.cc:79:execute$24810: \ifu_rdata [21] -> $abc$21273$ifu_rdata[21]
Added ysyx_25030085_if.$auto$insbuf.cc:79:execute$24811: $abc$21273$0\inst_reg[31:0][21] -> $0\inst_reg[31:0][21]
Added ysyx_25030085_if.$auto$insbuf.cc:79:execute$24812: \inst_reg[22] -> $abc$21273$inst_reg[22]
Added ysyx_25030085_if.$auto$insbuf.cc:79:execute$24813: \ifu_rdata [22] -> $abc$21273$ifu_rdata[22]
Added ysyx_25030085_if.$auto$insbuf.cc:79:execute$24814: $abc$21273$0\inst_reg[31:0][22] -> $0\inst_reg[31:0][22]
Added ysyx_25030085_if.$auto$insbuf.cc:79:execute$24815: \inst_reg[23] -> $abc$21273$inst_reg[23]
Added ysyx_25030085_if.$auto$insbuf.cc:79:execute$24816: \ifu_rdata [23] -> $abc$21273$ifu_rdata[23]
Added ysyx_25030085_if.$auto$insbuf.cc:79:execute$24817: $abc$21273$0\inst_reg[31:0][23] -> $0\inst_reg[31:0][23]
Added ysyx_25030085_if.$auto$insbuf.cc:79:execute$24818: \inst_reg[24] -> $abc$21273$inst_reg[24]
Added ysyx_25030085_if.$auto$insbuf.cc:79:execute$24819: \ifu_rdata [24] -> $abc$21273$ifu_rdata[24]
Added ysyx_25030085_if.$auto$insbuf.cc:79:execute$24820: $abc$21273$0\inst_reg[31:0][24] -> $0\inst_reg[31:0][24]
Added ysyx_25030085_if.$auto$insbuf.cc:79:execute$24821: \inst_reg[25] -> $abc$21273$inst_reg[25]
Added ysyx_25030085_if.$auto$insbuf.cc:79:execute$24822: \ifu_rdata [25] -> $abc$21273$ifu_rdata[25]
Added ysyx_25030085_if.$auto$insbuf.cc:79:execute$24823: $abc$21273$0\inst_reg[31:0][25] -> $0\inst_reg[31:0][25]
Added ysyx_25030085_if.$auto$insbuf.cc:79:execute$24824: \inst_reg[26] -> $abc$21273$inst_reg[26]
Added ysyx_25030085_if.$auto$insbuf.cc:79:execute$24825: \ifu_rdata [26] -> $abc$21273$ifu_rdata[26]
Added ysyx_25030085_if.$auto$insbuf.cc:79:execute$24826: $abc$21273$0\inst_reg[31:0][26] -> $0\inst_reg[31:0][26]
Added ysyx_25030085_if.$auto$insbuf.cc:79:execute$24827: \inst_reg[27] -> $abc$21273$inst_reg[27]
Added ysyx_25030085_if.$auto$insbuf.cc:79:execute$24828: \ifu_rdata [27] -> $abc$21273$ifu_rdata[27]
Added ysyx_25030085_if.$auto$insbuf.cc:79:execute$24829: $abc$21273$0\inst_reg[31:0][27] -> $0\inst_reg[31:0][27]
Added ysyx_25030085_if.$auto$insbuf.cc:79:execute$24830: \inst_reg[28] -> $abc$21273$inst_reg[28]
Added ysyx_25030085_if.$auto$insbuf.cc:79:execute$24831: \ifu_rdata [28] -> $abc$21273$ifu_rdata[28]
Added ysyx_25030085_if.$auto$insbuf.cc:79:execute$24832: $abc$21273$0\inst_reg[31:0][28] -> $0\inst_reg[31:0][28]
Added ysyx_25030085_if.$auto$insbuf.cc:79:execute$24833: \inst_reg[29] -> $abc$21273$inst_reg[29]
Added ysyx_25030085_if.$auto$insbuf.cc:79:execute$24834: \ifu_rdata [29] -> $abc$21273$ifu_rdata[29]
Added ysyx_25030085_if.$auto$insbuf.cc:79:execute$24835: $abc$21273$0\inst_reg[31:0][29] -> $0\inst_reg[31:0][29]
Added ysyx_25030085_if.$auto$insbuf.cc:79:execute$24836: \inst_reg[30] -> $abc$21273$inst_reg[30]
Added ysyx_25030085_if.$auto$insbuf.cc:79:execute$24837: \ifu_rdata [30] -> $abc$21273$ifu_rdata[30]
Added ysyx_25030085_if.$auto$insbuf.cc:79:execute$24838: $abc$21273$0\inst_reg[31:0][30] -> $0\inst_reg[31:0][30]
Added ysyx_25030085_if.$auto$insbuf.cc:79:execute$24839: \inst_reg[31] -> $abc$21273$inst_reg[31]
Added ysyx_25030085_if.$auto$insbuf.cc:79:execute$24840: \ifu_rdata [31] -> $abc$21273$ifu_rdata[31]
Added ysyx_25030085_if.$auto$insbuf.cc:79:execute$24841: $abc$21273$0\inst_reg[31:0][31] -> $0\inst_reg[31:0][31]
Added ysyx_25030085_if.$auto$insbuf.cc:79:execute$24842: \ifu_addr [0] -> $abc$21273$ifu_addr[0]
Added ysyx_25030085_if.$auto$insbuf.cc:79:execute$24843: \current_pc[0] -> $abc$21273$current_pc[0]
Added ysyx_25030085_if.$auto$insbuf.cc:79:execute$24844: $abc$21273$0\ifu_addr[31:0][0] -> $0\ifu_addr[31:0][0]
Added ysyx_25030085_if.$auto$insbuf.cc:79:execute$24845: \ifu_addr [1] -> $abc$21273$ifu_addr[1]
Added ysyx_25030085_if.$auto$insbuf.cc:79:execute$24846: \current_pc[1] -> $abc$21273$current_pc[1]
Added ysyx_25030085_if.$auto$insbuf.cc:79:execute$24847: $abc$21273$0\ifu_addr[31:0][1] -> $0\ifu_addr[31:0][1]
Added ysyx_25030085_if.$auto$insbuf.cc:79:execute$24848: \ifu_addr [2] -> $abc$21273$ifu_addr[2]
Added ysyx_25030085_if.$auto$insbuf.cc:79:execute$24849: \current_pc[2] -> $abc$21273$current_pc[2]
Added ysyx_25030085_if.$auto$insbuf.cc:79:execute$24850: $abc$21273$0\ifu_addr[31:0][2] -> $0\ifu_addr[31:0][2]
Added ysyx_25030085_if.$auto$insbuf.cc:79:execute$24851: \ifu_addr [3] -> $abc$21273$ifu_addr[3]
Added ysyx_25030085_if.$auto$insbuf.cc:79:execute$24852: \current_pc[3] -> $abc$21273$current_pc[3]
Added ysyx_25030085_if.$auto$insbuf.cc:79:execute$24853: $abc$21273$0\ifu_addr[31:0][3] -> $0\ifu_addr[31:0][3]
Added ysyx_25030085_if.$auto$insbuf.cc:79:execute$24854: \ifu_addr [4] -> $abc$21273$ifu_addr[4]
Added ysyx_25030085_if.$auto$insbuf.cc:79:execute$24855: \current_pc[4] -> $abc$21273$current_pc[4]
Added ysyx_25030085_if.$auto$insbuf.cc:79:execute$24856: $abc$21273$0\ifu_addr[31:0][4] -> $0\ifu_addr[31:0][4]
Added ysyx_25030085_if.$auto$insbuf.cc:79:execute$24857: \ifu_addr [5] -> $abc$21273$ifu_addr[5]
Added ysyx_25030085_if.$auto$insbuf.cc:79:execute$24858: \current_pc[5] -> $abc$21273$current_pc[5]
Added ysyx_25030085_if.$auto$insbuf.cc:79:execute$24859: $abc$21273$0\ifu_addr[31:0][5] -> $0\ifu_addr[31:0][5]
Added ysyx_25030085_if.$auto$insbuf.cc:79:execute$24860: \ifu_addr [6] -> $abc$21273$ifu_addr[6]
Added ysyx_25030085_if.$auto$insbuf.cc:79:execute$24861: \current_pc[6] -> $abc$21273$current_pc[6]
Added ysyx_25030085_if.$auto$insbuf.cc:79:execute$24862: $abc$21273$0\ifu_addr[31:0][6] -> $0\ifu_addr[31:0][6]
Added ysyx_25030085_if.$auto$insbuf.cc:79:execute$24863: \ifu_addr [7] -> $abc$21273$ifu_addr[7]
Added ysyx_25030085_if.$auto$insbuf.cc:79:execute$24864: \current_pc[7] -> $abc$21273$current_pc[7]
Added ysyx_25030085_if.$auto$insbuf.cc:79:execute$24865: $abc$21273$0\ifu_addr[31:0][7] -> $0\ifu_addr[31:0][7]
Added ysyx_25030085_if.$auto$insbuf.cc:79:execute$24866: \ifu_addr [8] -> $abc$21273$ifu_addr[8]
Added ysyx_25030085_if.$auto$insbuf.cc:79:execute$24867: \current_pc[8] -> $abc$21273$current_pc[8]
Added ysyx_25030085_if.$auto$insbuf.cc:79:execute$24868: $abc$21273$0\ifu_addr[31:0][8] -> $0\ifu_addr[31:0][8]
Added ysyx_25030085_if.$auto$insbuf.cc:79:execute$24869: \ifu_addr [9] -> $abc$21273$ifu_addr[9]
Added ysyx_25030085_if.$auto$insbuf.cc:79:execute$24870: \current_pc[9] -> $abc$21273$current_pc[9]
Added ysyx_25030085_if.$auto$insbuf.cc:79:execute$24871: $abc$21273$0\ifu_addr[31:0][9] -> $0\ifu_addr[31:0][9]
Added ysyx_25030085_if.$auto$insbuf.cc:79:execute$24872: \ifu_addr [10] -> $abc$21273$ifu_addr[10]
Added ysyx_25030085_if.$auto$insbuf.cc:79:execute$24873: \current_pc[10] -> $abc$21273$current_pc[10]
Added ysyx_25030085_if.$auto$insbuf.cc:79:execute$24874: $abc$21273$0\ifu_addr[31:0][10] -> $0\ifu_addr[31:0][10]
Added ysyx_25030085_if.$auto$insbuf.cc:79:execute$24875: \ifu_addr [11] -> $abc$21273$ifu_addr[11]
Added ysyx_25030085_if.$auto$insbuf.cc:79:execute$24876: \current_pc[11] -> $abc$21273$current_pc[11]
Added ysyx_25030085_if.$auto$insbuf.cc:79:execute$24877: $abc$21273$0\ifu_addr[31:0][11] -> $0\ifu_addr[31:0][11]
Added ysyx_25030085_if.$auto$insbuf.cc:79:execute$24878: \ifu_addr [12] -> $abc$21273$ifu_addr[12]
Added ysyx_25030085_if.$auto$insbuf.cc:79:execute$24879: \current_pc[12] -> $abc$21273$current_pc[12]
Added ysyx_25030085_if.$auto$insbuf.cc:79:execute$24880: $abc$21273$0\ifu_addr[31:0][12] -> $0\ifu_addr[31:0][12]
Added ysyx_25030085_if.$auto$insbuf.cc:79:execute$24881: \ifu_addr [13] -> $abc$21273$ifu_addr[13]
Added ysyx_25030085_if.$auto$insbuf.cc:79:execute$24882: \current_pc[13] -> $abc$21273$current_pc[13]
Added ysyx_25030085_if.$auto$insbuf.cc:79:execute$24883: $abc$21273$0\ifu_addr[31:0][13] -> $0\ifu_addr[31:0][13]
Added ysyx_25030085_if.$auto$insbuf.cc:79:execute$24884: \ifu_addr [14] -> $abc$21273$ifu_addr[14]
Added ysyx_25030085_if.$auto$insbuf.cc:79:execute$24885: \current_pc[14] -> $abc$21273$current_pc[14]
Added ysyx_25030085_if.$auto$insbuf.cc:79:execute$24886: $abc$21273$0\ifu_addr[31:0][14] -> $0\ifu_addr[31:0][14]
Added ysyx_25030085_if.$auto$insbuf.cc:79:execute$24887: \ifu_addr [15] -> $abc$21273$ifu_addr[15]
Added ysyx_25030085_if.$auto$insbuf.cc:79:execute$24888: \current_pc[15] -> $abc$21273$current_pc[15]
Added ysyx_25030085_if.$auto$insbuf.cc:79:execute$24889: $abc$21273$0\ifu_addr[31:0][15] -> $0\ifu_addr[31:0][15]
Added ysyx_25030085_if.$auto$insbuf.cc:79:execute$24890: \ifu_addr [16] -> $abc$21273$ifu_addr[16]
Added ysyx_25030085_if.$auto$insbuf.cc:79:execute$24891: \current_pc[16] -> $abc$21273$current_pc[16]
Added ysyx_25030085_if.$auto$insbuf.cc:79:execute$24892: $abc$21273$0\ifu_addr[31:0][16] -> $0\ifu_addr[31:0][16]
Added ysyx_25030085_if.$auto$insbuf.cc:79:execute$24893: \ifu_addr [17] -> $abc$21273$ifu_addr[17]
Added ysyx_25030085_if.$auto$insbuf.cc:79:execute$24894: \current_pc[17] -> $abc$21273$current_pc[17]
Added ysyx_25030085_if.$auto$insbuf.cc:79:execute$24895: $abc$21273$0\ifu_addr[31:0][17] -> $0\ifu_addr[31:0][17]
Added ysyx_25030085_if.$auto$insbuf.cc:79:execute$24896: \ifu_addr [18] -> $abc$21273$ifu_addr[18]
Added ysyx_25030085_if.$auto$insbuf.cc:79:execute$24897: \current_pc[18] -> $abc$21273$current_pc[18]
Added ysyx_25030085_if.$auto$insbuf.cc:79:execute$24898: $abc$21273$0\ifu_addr[31:0][18] -> $0\ifu_addr[31:0][18]
Added ysyx_25030085_if.$auto$insbuf.cc:79:execute$24899: \ifu_addr [19] -> $abc$21273$ifu_addr[19]
Added ysyx_25030085_if.$auto$insbuf.cc:79:execute$24900: \current_pc[19] -> $abc$21273$current_pc[19]
Added ysyx_25030085_if.$auto$insbuf.cc:79:execute$24901: $abc$21273$0\ifu_addr[31:0][19] -> $0\ifu_addr[31:0][19]
Added ysyx_25030085_if.$auto$insbuf.cc:79:execute$24902: \ifu_addr [20] -> $abc$21273$ifu_addr[20]
Added ysyx_25030085_if.$auto$insbuf.cc:79:execute$24903: \current_pc[20] -> $abc$21273$current_pc[20]
Added ysyx_25030085_if.$auto$insbuf.cc:79:execute$24904: $abc$21273$0\ifu_addr[31:0][20] -> $0\ifu_addr[31:0][20]
Added ysyx_25030085_if.$auto$insbuf.cc:79:execute$24905: \ifu_addr [21] -> $abc$21273$ifu_addr[21]
Added ysyx_25030085_if.$auto$insbuf.cc:79:execute$24906: \current_pc[21] -> $abc$21273$current_pc[21]
Added ysyx_25030085_if.$auto$insbuf.cc:79:execute$24907: $abc$21273$0\ifu_addr[31:0][21] -> $0\ifu_addr[31:0][21]
Added ysyx_25030085_if.$auto$insbuf.cc:79:execute$24908: \ifu_addr [22] -> $abc$21273$ifu_addr[22]
Added ysyx_25030085_if.$auto$insbuf.cc:79:execute$24909: \current_pc[22] -> $abc$21273$current_pc[22]
Added ysyx_25030085_if.$auto$insbuf.cc:79:execute$24910: $abc$21273$0\ifu_addr[31:0][22] -> $0\ifu_addr[31:0][22]
Added ysyx_25030085_if.$auto$insbuf.cc:79:execute$24911: \ifu_addr [23] -> $abc$21273$ifu_addr[23]
Added ysyx_25030085_if.$auto$insbuf.cc:79:execute$24912: \current_pc[23] -> $abc$21273$current_pc[23]
Added ysyx_25030085_if.$auto$insbuf.cc:79:execute$24913: $abc$21273$0\ifu_addr[31:0][23] -> $0\ifu_addr[31:0][23]
Added ysyx_25030085_if.$auto$insbuf.cc:79:execute$24914: \ifu_addr [24] -> $abc$21273$ifu_addr[24]
Added ysyx_25030085_if.$auto$insbuf.cc:79:execute$24915: \current_pc[24] -> $abc$21273$current_pc[24]
Added ysyx_25030085_if.$auto$insbuf.cc:79:execute$24916: $abc$21273$0\ifu_addr[31:0][24] -> $0\ifu_addr[31:0][24]
Added ysyx_25030085_if.$auto$insbuf.cc:79:execute$24917: \ifu_addr [25] -> $abc$21273$ifu_addr[25]
Added ysyx_25030085_if.$auto$insbuf.cc:79:execute$24918: \current_pc[25] -> $abc$21273$current_pc[25]
Added ysyx_25030085_if.$auto$insbuf.cc:79:execute$24919: $abc$21273$0\ifu_addr[31:0][25] -> $0\ifu_addr[31:0][25]
Added ysyx_25030085_if.$auto$insbuf.cc:79:execute$24920: \ifu_addr [26] -> $abc$21273$ifu_addr[26]
Added ysyx_25030085_if.$auto$insbuf.cc:79:execute$24921: \current_pc[26] -> $abc$21273$current_pc[26]
Added ysyx_25030085_if.$auto$insbuf.cc:79:execute$24922: $abc$21273$0\ifu_addr[31:0][26] -> $0\ifu_addr[31:0][26]
Added ysyx_25030085_if.$auto$insbuf.cc:79:execute$24923: \ifu_addr [27] -> $abc$21273$ifu_addr[27]
Added ysyx_25030085_if.$auto$insbuf.cc:79:execute$24924: \current_pc[27] -> $abc$21273$current_pc[27]
Added ysyx_25030085_if.$auto$insbuf.cc:79:execute$24925: $abc$21273$0\ifu_addr[31:0][27] -> $0\ifu_addr[31:0][27]
Added ysyx_25030085_if.$auto$insbuf.cc:79:execute$24926: \ifu_addr [28] -> $abc$21273$ifu_addr[28]
Added ysyx_25030085_if.$auto$insbuf.cc:79:execute$24927: \current_pc[28] -> $abc$21273$current_pc[28]
Added ysyx_25030085_if.$auto$insbuf.cc:79:execute$24928: $abc$21273$0\ifu_addr[31:0][28] -> $0\ifu_addr[31:0][28]
Added ysyx_25030085_if.$auto$insbuf.cc:79:execute$24929: \ifu_addr [29] -> $abc$21273$ifu_addr[29]
Added ysyx_25030085_if.$auto$insbuf.cc:79:execute$24930: \current_pc[29] -> $abc$21273$current_pc[29]
Added ysyx_25030085_if.$auto$insbuf.cc:79:execute$24931: $abc$21273$0\ifu_addr[31:0][29] -> $0\ifu_addr[31:0][29]
Added ysyx_25030085_if.$auto$insbuf.cc:79:execute$24932: \ifu_addr [30] -> $abc$21273$ifu_addr[30]
Added ysyx_25030085_if.$auto$insbuf.cc:79:execute$24933: \current_pc[30] -> $abc$21273$current_pc[30]
Added ysyx_25030085_if.$auto$insbuf.cc:79:execute$24934: $abc$21273$0\ifu_addr[31:0][30] -> $0\ifu_addr[31:0][30]
Added ysyx_25030085_if.$auto$insbuf.cc:79:execute$24935: \ifu_addr [31] -> $abc$21273$ifu_addr[31]
Added ysyx_25030085_if.$auto$insbuf.cc:79:execute$24936: \current_pc[31] -> $abc$21273$current_pc[31]
Added ysyx_25030085_if.$auto$insbuf.cc:79:execute$24937: $abc$21273$0\ifu_addr[31:0][31] -> $0\ifu_addr[31:0][31]
Added ysyx_25030085_if.$auto$insbuf.cc:79:execute$24938: \next_pc [0] -> $abc$21273$next_pc[0]
Added ysyx_25030085_if.$auto$insbuf.cc:79:execute$24939: $abc$21273$0\current_pc[31:0][0] -> $0\current_pc[31:0][0]
Added ysyx_25030085_if.$auto$insbuf.cc:79:execute$24940: \next_pc [1] -> $abc$21273$next_pc[1]
Added ysyx_25030085_if.$auto$insbuf.cc:79:execute$24941: $abc$21273$0\current_pc[31:0][1] -> $0\current_pc[31:0][1]
Added ysyx_25030085_if.$auto$insbuf.cc:79:execute$24942: \next_pc [2] -> $abc$21273$next_pc[2]
Added ysyx_25030085_if.$auto$insbuf.cc:79:execute$24943: $abc$21273$0\current_pc[31:0][2] -> $0\current_pc[31:0][2]
Added ysyx_25030085_if.$auto$insbuf.cc:79:execute$24944: \next_pc [3] -> $abc$21273$next_pc[3]
Added ysyx_25030085_if.$auto$insbuf.cc:79:execute$24945: $abc$21273$0\current_pc[31:0][3] -> $0\current_pc[31:0][3]
Added ysyx_25030085_if.$auto$insbuf.cc:79:execute$24946: \next_pc [4] -> $abc$21273$next_pc[4]
Added ysyx_25030085_if.$auto$insbuf.cc:79:execute$24947: $abc$21273$0\current_pc[31:0][4] -> $0\current_pc[31:0][4]
Added ysyx_25030085_if.$auto$insbuf.cc:79:execute$24948: \next_pc [5] -> $abc$21273$next_pc[5]
Added ysyx_25030085_if.$auto$insbuf.cc:79:execute$24949: $abc$21273$0\current_pc[31:0][5] -> $0\current_pc[31:0][5]
Added ysyx_25030085_if.$auto$insbuf.cc:79:execute$24950: \next_pc [6] -> $abc$21273$next_pc[6]
Added ysyx_25030085_if.$auto$insbuf.cc:79:execute$24951: $abc$21273$0\current_pc[31:0][6] -> $0\current_pc[31:0][6]
Added ysyx_25030085_if.$auto$insbuf.cc:79:execute$24952: \next_pc [7] -> $abc$21273$next_pc[7]
Added ysyx_25030085_if.$auto$insbuf.cc:79:execute$24953: $abc$21273$0\current_pc[31:0][7] -> $0\current_pc[31:0][7]
Added ysyx_25030085_if.$auto$insbuf.cc:79:execute$24954: \next_pc [8] -> $abc$21273$next_pc[8]
Added ysyx_25030085_if.$auto$insbuf.cc:79:execute$24955: $abc$21273$0\current_pc[31:0][8] -> $0\current_pc[31:0][8]
Added ysyx_25030085_if.$auto$insbuf.cc:79:execute$24956: \next_pc [9] -> $abc$21273$next_pc[9]
Added ysyx_25030085_if.$auto$insbuf.cc:79:execute$24957: $abc$21273$0\current_pc[31:0][9] -> $0\current_pc[31:0][9]
Added ysyx_25030085_if.$auto$insbuf.cc:79:execute$24958: \next_pc [10] -> $abc$21273$next_pc[10]
Added ysyx_25030085_if.$auto$insbuf.cc:79:execute$24959: $abc$21273$0\current_pc[31:0][10] -> $0\current_pc[31:0][10]
Added ysyx_25030085_if.$auto$insbuf.cc:79:execute$24960: \next_pc [11] -> $abc$21273$next_pc[11]
Added ysyx_25030085_if.$auto$insbuf.cc:79:execute$24961: $abc$21273$0\current_pc[31:0][11] -> $0\current_pc[31:0][11]
Added ysyx_25030085_if.$auto$insbuf.cc:79:execute$24962: \next_pc [12] -> $abc$21273$next_pc[12]
Added ysyx_25030085_if.$auto$insbuf.cc:79:execute$24963: $abc$21273$0\current_pc[31:0][12] -> $0\current_pc[31:0][12]
Added ysyx_25030085_if.$auto$insbuf.cc:79:execute$24964: \next_pc [13] -> $abc$21273$next_pc[13]
Added ysyx_25030085_if.$auto$insbuf.cc:79:execute$24965: $abc$21273$0\current_pc[31:0][13] -> $0\current_pc[31:0][13]
Added ysyx_25030085_if.$auto$insbuf.cc:79:execute$24966: \next_pc [14] -> $abc$21273$next_pc[14]
Added ysyx_25030085_if.$auto$insbuf.cc:79:execute$24967: $abc$21273$0\current_pc[31:0][14] -> $0\current_pc[31:0][14]
Added ysyx_25030085_if.$auto$insbuf.cc:79:execute$24968: \next_pc [15] -> $abc$21273$next_pc[15]
Added ysyx_25030085_if.$auto$insbuf.cc:79:execute$24969: $abc$21273$0\current_pc[31:0][15] -> $0\current_pc[31:0][15]
Added ysyx_25030085_if.$auto$insbuf.cc:79:execute$24970: \next_pc [16] -> $abc$21273$next_pc[16]
Added ysyx_25030085_if.$auto$insbuf.cc:79:execute$24971: $abc$21273$0\current_pc[31:0][16] -> $0\current_pc[31:0][16]
Added ysyx_25030085_if.$auto$insbuf.cc:79:execute$24972: \next_pc [17] -> $abc$21273$next_pc[17]
Added ysyx_25030085_if.$auto$insbuf.cc:79:execute$24973: $abc$21273$0\current_pc[31:0][17] -> $0\current_pc[31:0][17]
Added ysyx_25030085_if.$auto$insbuf.cc:79:execute$24974: \next_pc [18] -> $abc$21273$next_pc[18]
Added ysyx_25030085_if.$auto$insbuf.cc:79:execute$24975: $abc$21273$0\current_pc[31:0][18] -> $0\current_pc[31:0][18]
Added ysyx_25030085_if.$auto$insbuf.cc:79:execute$24976: \next_pc [19] -> $abc$21273$next_pc[19]
Added ysyx_25030085_if.$auto$insbuf.cc:79:execute$24977: $abc$21273$0\current_pc[31:0][19] -> $0\current_pc[31:0][19]
Added ysyx_25030085_if.$auto$insbuf.cc:79:execute$24978: \next_pc [20] -> $abc$21273$next_pc[20]
Added ysyx_25030085_if.$auto$insbuf.cc:79:execute$24979: $abc$21273$0\current_pc[31:0][20] -> $0\current_pc[31:0][20]
Added ysyx_25030085_if.$auto$insbuf.cc:79:execute$24980: \next_pc [21] -> $abc$21273$next_pc[21]
Added ysyx_25030085_if.$auto$insbuf.cc:79:execute$24981: $abc$21273$0\current_pc[31:0][21] -> $0\current_pc[31:0][21]
Added ysyx_25030085_if.$auto$insbuf.cc:79:execute$24982: \next_pc [22] -> $abc$21273$next_pc[22]
Added ysyx_25030085_if.$auto$insbuf.cc:79:execute$24983: $abc$21273$0\current_pc[31:0][22] -> $0\current_pc[31:0][22]
Added ysyx_25030085_if.$auto$insbuf.cc:79:execute$24984: \next_pc [23] -> $abc$21273$next_pc[23]
Added ysyx_25030085_if.$auto$insbuf.cc:79:execute$24985: $abc$21273$0\current_pc[31:0][23] -> $0\current_pc[31:0][23]
Added ysyx_25030085_if.$auto$insbuf.cc:79:execute$24986: \next_pc [24] -> $abc$21273$next_pc[24]
Added ysyx_25030085_if.$auto$insbuf.cc:79:execute$24987: $abc$21273$0\current_pc[31:0][24] -> $0\current_pc[31:0][24]
Added ysyx_25030085_if.$auto$insbuf.cc:79:execute$24988: \next_pc [25] -> $abc$21273$next_pc[25]
Added ysyx_25030085_if.$auto$insbuf.cc:79:execute$24989: $abc$21273$0\current_pc[31:0][25] -> $0\current_pc[31:0][25]
Added ysyx_25030085_if.$auto$insbuf.cc:79:execute$24990: \next_pc [26] -> $abc$21273$next_pc[26]
Added ysyx_25030085_if.$auto$insbuf.cc:79:execute$24991: $abc$21273$0\current_pc[31:0][26] -> $0\current_pc[31:0][26]
Added ysyx_25030085_if.$auto$insbuf.cc:79:execute$24992: \next_pc [27] -> $abc$21273$next_pc[27]
Added ysyx_25030085_if.$auto$insbuf.cc:79:execute$24993: $abc$21273$0\current_pc[31:0][27] -> $0\current_pc[31:0][27]
Added ysyx_25030085_if.$auto$insbuf.cc:79:execute$24994: \next_pc [28] -> $abc$21273$next_pc[28]
Added ysyx_25030085_if.$auto$insbuf.cc:79:execute$24995: $abc$21273$0\current_pc[31:0][28] -> $0\current_pc[31:0][28]
Added ysyx_25030085_if.$auto$insbuf.cc:79:execute$24996: \next_pc [29] -> $abc$21273$next_pc[29]
Added ysyx_25030085_if.$auto$insbuf.cc:79:execute$24997: $abc$21273$0\current_pc[31:0][29] -> $0\current_pc[31:0][29]
Added ysyx_25030085_if.$auto$insbuf.cc:79:execute$24998: \next_pc [30] -> $abc$21273$next_pc[30]
Added ysyx_25030085_if.$auto$insbuf.cc:79:execute$24999: $abc$21273$0\current_pc[31:0][30] -> $0\current_pc[31:0][30]
Added ysyx_25030085_if.$auto$insbuf.cc:79:execute$25000: \next_pc [31] -> $abc$21273$next_pc[31]
Added ysyx_25030085_if.$auto$insbuf.cc:79:execute$25001: $abc$21273$0\current_pc[31:0][31] -> $0\current_pc[31:0][31]
Added ysyx_25030085_if.$auto$insbuf.cc:79:execute$25002: \ifu_reqValid -> $abc$21273$ifu_reqValid
Added ysyx_25030085_if.$auto$insbuf.cc:79:execute$25003: $abc$21273$0\ifu_reqValid[0:0] -> $0\ifu_reqValid[0:0]
Added ysyx_25030085_if.$auto$insbuf.cc:79:execute$25004: $abc$21273$abc$14012$auto$fsm_map.cc:118:implement_pattern_cache$998 -> $abc$14012$auto$fsm_map.cc:118:implement_pattern_cache$998
Added ysyx_25030085_if.$auto$insbuf.cc:79:execute$25005: $abc$21273$abc$14012$auto$fsm_map.cc:118:implement_pattern_cache$1002 -> $abc$14012$auto$fsm_map.cc:118:implement_pattern_cache$1002
Added ysyx_25030085_if.$auto$insbuf.cc:79:execute$25006: \reset -> $abc$21273$reset
Added ysyx_25030085_if.$auto$insbuf.cc:79:execute$25007: $abc$21273$auto$rtlil.cc:1969:NotGate$16980 -> $auto$rtlil.cc:1969:NotGate$16980
Added ysyx_25030085_lsu.$auto$insbuf.cc:79:execute$25008: \MemRead -> \ctrl_out [1]
Added ysyx_25030085_lsu.$auto$insbuf.cc:79:execute$25009: \lsu_wen -> \ctrl_out [2]
Added ysyx_25030085_lsu.$auto$insbuf.cc:79:execute$25010: $auto$hilomap.cc:47:hilomap_worker$22439 -> \lsu_size [0]
Added ysyx_25030085_lsu.$auto$insbuf.cc:79:execute$25011: \in_ready -> \state[0]
Added ysyx_25030085_lsu.$auto$insbuf.cc:79:execute$25012: \out_valid -> \state[1]
Added ysyx_25030085_lsu.$auto$insbuf.cc:79:execute$25013: \MemRead -> $abc$21390$MemRead
Added ysyx_25030085_lsu.$auto$insbuf.cc:79:execute$25014: \lsu_wen -> $abc$21390$lsu_wen
Added ysyx_25030085_lsu.$auto$insbuf.cc:79:execute$25015: \out_valid -> $abc$21390$out_valid
Added ysyx_25030085_lsu.$auto$insbuf.cc:79:execute$25016: \out_ready -> $abc$21390$out_ready
Added ysyx_25030085_lsu.$auto$insbuf.cc:79:execute$25017: \state[2] -> $abc$21390$state[2]
Added ysyx_25030085_lsu.$auto$insbuf.cc:79:execute$25018: \lsu_respValid -> $abc$21390$lsu_respValid
Added ysyx_25030085_lsu.$auto$insbuf.cc:79:execute$25019: $abc$14185$new_n705_ -> $abc$21390$abc$14185$new_n705_
Added ysyx_25030085_lsu.$auto$insbuf.cc:79:execute$25020: $abc$21390$abc$14185$auto$fsm_map.cc:170:map_fsm$1018[1] -> $abc$14185$auto$fsm_map.cc:170:map_fsm$1018[1]
Added ysyx_25030085_lsu.$auto$insbuf.cc:79:execute$25021: \in_valid -> $abc$21390$in_valid
Added ysyx_25030085_lsu.$auto$insbuf.cc:79:execute$25022: $abc$14185$new_n711_ -> $abc$21390$abc$14185$new_n711_
Added ysyx_25030085_lsu.$auto$insbuf.cc:79:execute$25023: $abc$21390$abc$14185$auto$fsm_map.cc:170:map_fsm$1018[2] -> $abc$14185$auto$fsm_map.cc:170:map_fsm$1018[2]
Added ysyx_25030085_lsu.$auto$insbuf.cc:79:execute$25024: $abc$21390$abc$14185$auto$fsm_map.cc:170:map_fsm$1018[0] -> $abc$14185$auto$fsm_map.cc:170:map_fsm$1018[0]
Added ysyx_25030085_lsu.$auto$insbuf.cc:79:execute$25025: \lsu_reqValid -> $abc$21390$lsu_reqValid
Added ysyx_25030085_lsu.$auto$insbuf.cc:79:execute$25026: \wdata[3] -> $abc$21390$wdata[3]
Added ysyx_25030085_lsu.$auto$insbuf.cc:79:execute$25027: \alu_result [0] -> $abc$21390$alu_result[0]
Added ysyx_25030085_lsu.$auto$insbuf.cc:79:execute$25028: \alu_result [1] -> $abc$21390$alu_result[1]
Added ysyx_25030085_lsu.$auto$insbuf.cc:79:execute$25029: \ctrl_out [4] -> $abc$21390$ctrl_out[4]
Added ysyx_25030085_lsu.$auto$insbuf.cc:79:execute$25030: \ctrl_out [3] -> $abc$21390$ctrl_out[3]
Added ysyx_25030085_lsu.$auto$insbuf.cc:79:execute$25031: $abc$14185$new_n722_ -> $abc$21390$abc$14185$new_n722_
Added ysyx_25030085_lsu.$auto$insbuf.cc:79:execute$25032: \wdata[27] -> $abc$21390$wdata[27]
Added ysyx_25030085_lsu.$auto$insbuf.cc:79:execute$25033: $abc$21390$lsu_wdata[27] -> \lsu_wdata [27]
Added ysyx_25030085_lsu.$auto$insbuf.cc:79:execute$25034: \wdata[4] -> $abc$21390$wdata[4]
Added ysyx_25030085_lsu.$auto$insbuf.cc:79:execute$25035: \wdata[28] -> $abc$21390$wdata[28]
Added ysyx_25030085_lsu.$auto$insbuf.cc:79:execute$25036: $abc$21390$lsu_wdata[28] -> \lsu_wdata [28]
Added ysyx_25030085_lsu.$auto$insbuf.cc:79:execute$25037: \wdata[5] -> $abc$21390$wdata[5]
Added ysyx_25030085_lsu.$auto$insbuf.cc:79:execute$25038: \wdata[29] -> $abc$21390$wdata[29]
Added ysyx_25030085_lsu.$auto$insbuf.cc:79:execute$25039: $abc$21390$lsu_wdata[29] -> \lsu_wdata [29]
Added ysyx_25030085_lsu.$auto$insbuf.cc:79:execute$25040: \wdata[6] -> $abc$21390$wdata[6]
Added ysyx_25030085_lsu.$auto$insbuf.cc:79:execute$25041: \wdata[30] -> $abc$21390$wdata[30]
Added ysyx_25030085_lsu.$auto$insbuf.cc:79:execute$25042: $abc$21390$lsu_wdata[30] -> \lsu_wdata [30]
Added ysyx_25030085_lsu.$auto$insbuf.cc:79:execute$25043: \wdata[7] -> $abc$21390$wdata[7]
Added ysyx_25030085_lsu.$auto$insbuf.cc:79:execute$25044: \wdata[31] -> $abc$21390$wdata[31]
Added ysyx_25030085_lsu.$auto$insbuf.cc:79:execute$25045: $abc$21390$lsu_wdata[31] -> \lsu_wdata [31]
Added ysyx_25030085_lsu.$auto$insbuf.cc:79:execute$25046: \alu_result [25] -> $abc$21390$alu_result[25]
Added ysyx_25030085_lsu.$auto$insbuf.cc:79:execute$25047: \alu_result [24] -> $abc$21390$alu_result[24]
Added ysyx_25030085_lsu.$auto$insbuf.cc:79:execute$25048: \alu_result [27] -> $abc$21390$alu_result[27]
Added ysyx_25030085_lsu.$auto$insbuf.cc:79:execute$25049: \alu_result [26] -> $abc$21390$alu_result[26]
Added ysyx_25030085_lsu.$auto$insbuf.cc:79:execute$25050: \alu_result [13] -> $abc$21390$alu_result[13]
Added ysyx_25030085_lsu.$auto$insbuf.cc:79:execute$25051: \alu_result [12] -> $abc$21390$alu_result[12]
Added ysyx_25030085_lsu.$auto$insbuf.cc:79:execute$25052: \alu_result [15] -> $abc$21390$alu_result[15]
Added ysyx_25030085_lsu.$auto$insbuf.cc:79:execute$25053: \alu_result [14] -> $abc$21390$alu_result[14]
Added ysyx_25030085_lsu.$auto$insbuf.cc:79:execute$25054: \alu_result [17] -> $abc$21390$alu_result[17]
Added ysyx_25030085_lsu.$auto$insbuf.cc:79:execute$25055: \alu_result [16] -> $abc$21390$alu_result[16]
Added ysyx_25030085_lsu.$auto$insbuf.cc:79:execute$25056: \alu_result [19] -> $abc$21390$alu_result[19]
Added ysyx_25030085_lsu.$auto$insbuf.cc:79:execute$25057: \alu_result [18] -> $abc$21390$alu_result[18]
Added ysyx_25030085_lsu.$auto$insbuf.cc:79:execute$25058: \alu_result [21] -> $abc$21390$alu_result[21]
Added ysyx_25030085_lsu.$auto$insbuf.cc:79:execute$25059: \alu_result [20] -> $abc$21390$alu_result[20]
Added ysyx_25030085_lsu.$auto$insbuf.cc:79:execute$25060: \alu_result [23] -> $abc$21390$alu_result[23]
Added ysyx_25030085_lsu.$auto$insbuf.cc:79:execute$25061: \alu_result [22] -> $abc$21390$alu_result[22]
Added ysyx_25030085_lsu.$auto$insbuf.cc:79:execute$25062: \alu_result [28] -> $abc$21390$alu_result[28]
Added ysyx_25030085_lsu.$auto$insbuf.cc:79:execute$25063: \alu_result [29] -> $abc$21390$alu_result[29]
Added ysyx_25030085_lsu.$auto$insbuf.cc:79:execute$25064: \alu_result [31] -> $abc$21390$alu_result[31]
Added ysyx_25030085_lsu.$auto$insbuf.cc:79:execute$25065: \alu_result [30] -> $abc$21390$alu_result[30]
Added ysyx_25030085_lsu.$auto$insbuf.cc:79:execute$25066: $abc$21390$lsu_addr[0] -> \lsu_addr [0]
Added ysyx_25030085_lsu.$auto$insbuf.cc:79:execute$25067: $abc$14185$new_n768_ -> $abc$21390$abc$14185$new_n768_
Added ysyx_25030085_lsu.$auto$insbuf.cc:79:execute$25068: $abc$21390$lsu_addr[1] -> \lsu_addr [1]
Added ysyx_25030085_lsu.$auto$insbuf.cc:79:execute$25069: \alu_result [2] -> $abc$21390$alu_result[2]
Added ysyx_25030085_lsu.$auto$insbuf.cc:79:execute$25070: $abc$21390$lsu_addr[2] -> \lsu_addr [2]
Added ysyx_25030085_lsu.$auto$insbuf.cc:79:execute$25071: \alu_result [3] -> $abc$21390$alu_result[3]
Added ysyx_25030085_lsu.$auto$insbuf.cc:79:execute$25072: $abc$21390$lsu_addr[3] -> \lsu_addr [3]
Added ysyx_25030085_lsu.$auto$insbuf.cc:79:execute$25073: \alu_result [4] -> $abc$21390$alu_result[4]
Added ysyx_25030085_lsu.$auto$insbuf.cc:79:execute$25074: $abc$21390$lsu_addr[4] -> \lsu_addr [4]
Added ysyx_25030085_lsu.$auto$insbuf.cc:79:execute$25075: \alu_result [5] -> $abc$21390$alu_result[5]
Added ysyx_25030085_lsu.$auto$insbuf.cc:79:execute$25076: $abc$21390$lsu_addr[5] -> \lsu_addr [5]
Added ysyx_25030085_lsu.$auto$insbuf.cc:79:execute$25077: \alu_result [6] -> $abc$21390$alu_result[6]
Added ysyx_25030085_lsu.$auto$insbuf.cc:79:execute$25078: $abc$21390$lsu_addr[6] -> \lsu_addr [6]
Added ysyx_25030085_lsu.$auto$insbuf.cc:79:execute$25079: \alu_result [7] -> $abc$21390$alu_result[7]
Added ysyx_25030085_lsu.$auto$insbuf.cc:79:execute$25080: $abc$21390$lsu_addr[7] -> \lsu_addr [7]
Added ysyx_25030085_lsu.$auto$insbuf.cc:79:execute$25081: \alu_result [8] -> $abc$21390$alu_result[8]
Added ysyx_25030085_lsu.$auto$insbuf.cc:79:execute$25082: $abc$21390$lsu_addr[8] -> \lsu_addr [8]
Added ysyx_25030085_lsu.$auto$insbuf.cc:79:execute$25083: \alu_result [9] -> $abc$21390$alu_result[9]
Added ysyx_25030085_lsu.$auto$insbuf.cc:79:execute$25084: $abc$21390$lsu_addr[9] -> \lsu_addr [9]
Added ysyx_25030085_lsu.$auto$insbuf.cc:79:execute$25085: \alu_result [10] -> $abc$21390$alu_result[10]
Added ysyx_25030085_lsu.$auto$insbuf.cc:79:execute$25086: $abc$21390$lsu_addr[10] -> \lsu_addr [10]
Added ysyx_25030085_lsu.$auto$insbuf.cc:79:execute$25087: \alu_result [11] -> $abc$21390$alu_result[11]
Added ysyx_25030085_lsu.$auto$insbuf.cc:79:execute$25088: $abc$21390$lsu_addr[11] -> \lsu_addr [11]
Added ysyx_25030085_lsu.$auto$insbuf.cc:79:execute$25089: $abc$21390$lsu_addr[12] -> \lsu_addr [12]
Added ysyx_25030085_lsu.$auto$insbuf.cc:79:execute$25090: $abc$21390$lsu_addr[13] -> \lsu_addr [13]
Added ysyx_25030085_lsu.$auto$insbuf.cc:79:execute$25091: $abc$21390$lsu_addr[14] -> \lsu_addr [14]
Added ysyx_25030085_lsu.$auto$insbuf.cc:79:execute$25092: $abc$21390$lsu_addr[15] -> \lsu_addr [15]
Added ysyx_25030085_lsu.$auto$insbuf.cc:79:execute$25093: $abc$21390$lsu_addr[16] -> \lsu_addr [16]
Added ysyx_25030085_lsu.$auto$insbuf.cc:79:execute$25094: $abc$21390$lsu_addr[17] -> \lsu_addr [17]
Added ysyx_25030085_lsu.$auto$insbuf.cc:79:execute$25095: $abc$21390$lsu_addr[18] -> \lsu_addr [18]
Added ysyx_25030085_lsu.$auto$insbuf.cc:79:execute$25096: $abc$21390$lsu_addr[19] -> \lsu_addr [19]
Added ysyx_25030085_lsu.$auto$insbuf.cc:79:execute$25097: $abc$21390$lsu_addr[20] -> \lsu_addr [20]
Added ysyx_25030085_lsu.$auto$insbuf.cc:79:execute$25098: $abc$21390$lsu_addr[21] -> \lsu_addr [21]
Added ysyx_25030085_lsu.$auto$insbuf.cc:79:execute$25099: $abc$21390$lsu_addr[22] -> \lsu_addr [22]
Added ysyx_25030085_lsu.$auto$insbuf.cc:79:execute$25100: $abc$21390$lsu_addr[23] -> \lsu_addr [23]
Added ysyx_25030085_lsu.$auto$insbuf.cc:79:execute$25101: $abc$21390$lsu_addr[24] -> \lsu_addr [24]
Added ysyx_25030085_lsu.$auto$insbuf.cc:79:execute$25102: $abc$21390$lsu_addr[25] -> \lsu_addr [25]
Added ysyx_25030085_lsu.$auto$insbuf.cc:79:execute$25103: $abc$21390$lsu_addr[26] -> \lsu_addr [26]
Added ysyx_25030085_lsu.$auto$insbuf.cc:79:execute$25104: $abc$21390$lsu_addr[27] -> \lsu_addr [27]
Added ysyx_25030085_lsu.$auto$insbuf.cc:79:execute$25105: $abc$21390$lsu_addr[28] -> \lsu_addr [28]
Added ysyx_25030085_lsu.$auto$insbuf.cc:79:execute$25106: $abc$21390$lsu_addr[29] -> \lsu_addr [29]
Added ysyx_25030085_lsu.$auto$insbuf.cc:79:execute$25107: $abc$21390$lsu_addr[30] -> \lsu_addr [30]
Added ysyx_25030085_lsu.$auto$insbuf.cc:79:execute$25108: $abc$21390$lsu_addr[31] -> \lsu_addr [31]
Added ysyx_25030085_lsu.$auto$insbuf.cc:79:execute$25109: $abc$21390$lsu_size[1] -> \lsu_size [1]
Added ysyx_25030085_lsu.$auto$insbuf.cc:79:execute$25110: \lsu_rdata [0] -> $abc$21390$lsu_rdata[0]
Added ysyx_25030085_lsu.$auto$insbuf.cc:79:execute$25111: \lsu_rdata [16] -> $abc$21390$lsu_rdata[16]
Added ysyx_25030085_lsu.$auto$insbuf.cc:79:execute$25112: \lsu_rdata [24] -> $abc$21390$lsu_rdata[24]
Added ysyx_25030085_lsu.$auto$insbuf.cc:79:execute$25113: \lsu_rdata [8] -> $abc$21390$lsu_rdata[8]
Added ysyx_25030085_lsu.$auto$insbuf.cc:79:execute$25114: \mem_rdata [0] -> $abc$21390$mem_rdata[0]
Added ysyx_25030085_lsu.$auto$insbuf.cc:79:execute$25115: $abc$21390$0\mem_rdata[31:0][0] -> $0\mem_rdata[31:0][0]
Added ysyx_25030085_lsu.$auto$insbuf.cc:79:execute$25116: \lsu_rdata [1] -> $abc$21390$lsu_rdata[1]
Added ysyx_25030085_lsu.$auto$insbuf.cc:79:execute$25117: \lsu_rdata [17] -> $abc$21390$lsu_rdata[17]
Added ysyx_25030085_lsu.$auto$insbuf.cc:79:execute$25118: \lsu_rdata [25] -> $abc$21390$lsu_rdata[25]
Added ysyx_25030085_lsu.$auto$insbuf.cc:79:execute$25119: \lsu_rdata [9] -> $abc$21390$lsu_rdata[9]
Added ysyx_25030085_lsu.$auto$insbuf.cc:79:execute$25120: \mem_rdata [1] -> $abc$21390$mem_rdata[1]
Added ysyx_25030085_lsu.$auto$insbuf.cc:79:execute$25121: $abc$21390$0\mem_rdata[31:0][1] -> $0\mem_rdata[31:0][1]
Added ysyx_25030085_lsu.$auto$insbuf.cc:79:execute$25122: \lsu_rdata [2] -> $abc$21390$lsu_rdata[2]
Added ysyx_25030085_lsu.$auto$insbuf.cc:79:execute$25123: \lsu_rdata [18] -> $abc$21390$lsu_rdata[18]
Added ysyx_25030085_lsu.$auto$insbuf.cc:79:execute$25124: \lsu_rdata [26] -> $abc$21390$lsu_rdata[26]
Added ysyx_25030085_lsu.$auto$insbuf.cc:79:execute$25125: \lsu_rdata [10] -> $abc$21390$lsu_rdata[10]
Added ysyx_25030085_lsu.$auto$insbuf.cc:79:execute$25126: \mem_rdata [2] -> $abc$21390$mem_rdata[2]
Added ysyx_25030085_lsu.$auto$insbuf.cc:79:execute$25127: $abc$21390$0\mem_rdata[31:0][2] -> $0\mem_rdata[31:0][2]
Added ysyx_25030085_lsu.$auto$insbuf.cc:79:execute$25128: \lsu_rdata [3] -> $abc$21390$lsu_rdata[3]
Added ysyx_25030085_lsu.$auto$insbuf.cc:79:execute$25129: \lsu_rdata [19] -> $abc$21390$lsu_rdata[19]
Added ysyx_25030085_lsu.$auto$insbuf.cc:79:execute$25130: \lsu_rdata [27] -> $abc$21390$lsu_rdata[27]
Added ysyx_25030085_lsu.$auto$insbuf.cc:79:execute$25131: \lsu_rdata [11] -> $abc$21390$lsu_rdata[11]
Added ysyx_25030085_lsu.$auto$insbuf.cc:79:execute$25132: \mem_rdata [3] -> $abc$21390$mem_rdata[3]
Added ysyx_25030085_lsu.$auto$insbuf.cc:79:execute$25133: $abc$21390$0\mem_rdata[31:0][3] -> $0\mem_rdata[31:0][3]
Added ysyx_25030085_lsu.$auto$insbuf.cc:79:execute$25134: \lsu_rdata [4] -> $abc$21390$lsu_rdata[4]
Added ysyx_25030085_lsu.$auto$insbuf.cc:79:execute$25135: \lsu_rdata [20] -> $abc$21390$lsu_rdata[20]
Added ysyx_25030085_lsu.$auto$insbuf.cc:79:execute$25136: \lsu_rdata [28] -> $abc$21390$lsu_rdata[28]
Added ysyx_25030085_lsu.$auto$insbuf.cc:79:execute$25137: \lsu_rdata [12] -> $abc$21390$lsu_rdata[12]
Added ysyx_25030085_lsu.$auto$insbuf.cc:79:execute$25138: \mem_rdata [4] -> $abc$21390$mem_rdata[4]
Added ysyx_25030085_lsu.$auto$insbuf.cc:79:execute$25139: $abc$21390$0\mem_rdata[31:0][4] -> $0\mem_rdata[31:0][4]
Added ysyx_25030085_lsu.$auto$insbuf.cc:79:execute$25140: \lsu_rdata [5] -> $abc$21390$lsu_rdata[5]
Added ysyx_25030085_lsu.$auto$insbuf.cc:79:execute$25141: \lsu_rdata [21] -> $abc$21390$lsu_rdata[21]
Added ysyx_25030085_lsu.$auto$insbuf.cc:79:execute$25142: \lsu_rdata [29] -> $abc$21390$lsu_rdata[29]
Added ysyx_25030085_lsu.$auto$insbuf.cc:79:execute$25143: \lsu_rdata [13] -> $abc$21390$lsu_rdata[13]
Added ysyx_25030085_lsu.$auto$insbuf.cc:79:execute$25144: \mem_rdata [5] -> $abc$21390$mem_rdata[5]
Added ysyx_25030085_lsu.$auto$insbuf.cc:79:execute$25145: $abc$21390$0\mem_rdata[31:0][5] -> $0\mem_rdata[31:0][5]
Added ysyx_25030085_lsu.$auto$insbuf.cc:79:execute$25146: \lsu_rdata [6] -> $abc$21390$lsu_rdata[6]
Added ysyx_25030085_lsu.$auto$insbuf.cc:79:execute$25147: \lsu_rdata [22] -> $abc$21390$lsu_rdata[22]
Added ysyx_25030085_lsu.$auto$insbuf.cc:79:execute$25148: \lsu_rdata [30] -> $abc$21390$lsu_rdata[30]
Added ysyx_25030085_lsu.$auto$insbuf.cc:79:execute$25149: \lsu_rdata [14] -> $abc$21390$lsu_rdata[14]
Added ysyx_25030085_lsu.$auto$insbuf.cc:79:execute$25150: \mem_rdata [6] -> $abc$21390$mem_rdata[6]
Added ysyx_25030085_lsu.$auto$insbuf.cc:79:execute$25151: $abc$21390$0\mem_rdata[31:0][6] -> $0\mem_rdata[31:0][6]
Added ysyx_25030085_lsu.$auto$insbuf.cc:79:execute$25152: \lsu_rdata [7] -> $abc$21390$lsu_rdata[7]
Added ysyx_25030085_lsu.$auto$insbuf.cc:79:execute$25153: \lsu_rdata [23] -> $abc$21390$lsu_rdata[23]
Added ysyx_25030085_lsu.$auto$insbuf.cc:79:execute$25154: \lsu_rdata [31] -> $abc$21390$lsu_rdata[31]
Added ysyx_25030085_lsu.$auto$insbuf.cc:79:execute$25155: \lsu_rdata [15] -> $abc$21390$lsu_rdata[15]
Added ysyx_25030085_lsu.$auto$insbuf.cc:79:execute$25156: \mem_rdata [7] -> $abc$21390$mem_rdata[7]
Added ysyx_25030085_lsu.$auto$insbuf.cc:79:execute$25157: $abc$21390$0\mem_rdata[31:0][7] -> $0\mem_rdata[31:0][7]
Added ysyx_25030085_lsu.$auto$insbuf.cc:79:execute$25158: \mem_rdata [8] -> $abc$21390$mem_rdata[8]
Added ysyx_25030085_lsu.$auto$insbuf.cc:79:execute$25159: $abc$21390$0\mem_rdata[31:0][8] -> $0\mem_rdata[31:0][8]
Added ysyx_25030085_lsu.$auto$insbuf.cc:79:execute$25160: \mem_rdata [9] -> $abc$21390$mem_rdata[9]
Added ysyx_25030085_lsu.$auto$insbuf.cc:79:execute$25161: $abc$21390$0\mem_rdata[31:0][9] -> $0\mem_rdata[31:0][9]
Added ysyx_25030085_lsu.$auto$insbuf.cc:79:execute$25162: \mem_rdata [10] -> $abc$21390$mem_rdata[10]
Added ysyx_25030085_lsu.$auto$insbuf.cc:79:execute$25163: $abc$21390$0\mem_rdata[31:0][10] -> $0\mem_rdata[31:0][10]
Added ysyx_25030085_lsu.$auto$insbuf.cc:79:execute$25164: \mem_rdata [11] -> $abc$21390$mem_rdata[11]
Added ysyx_25030085_lsu.$auto$insbuf.cc:79:execute$25165: $abc$21390$0\mem_rdata[31:0][11] -> $0\mem_rdata[31:0][11]
Added ysyx_25030085_lsu.$auto$insbuf.cc:79:execute$25166: \mem_rdata [12] -> $abc$21390$mem_rdata[12]
Added ysyx_25030085_lsu.$auto$insbuf.cc:79:execute$25167: $abc$21390$0\mem_rdata[31:0][12] -> $0\mem_rdata[31:0][12]
Added ysyx_25030085_lsu.$auto$insbuf.cc:79:execute$25168: \mem_rdata [13] -> $abc$21390$mem_rdata[13]
Added ysyx_25030085_lsu.$auto$insbuf.cc:79:execute$25169: $abc$21390$0\mem_rdata[31:0][13] -> $0\mem_rdata[31:0][13]
Added ysyx_25030085_lsu.$auto$insbuf.cc:79:execute$25170: \mem_rdata [14] -> $abc$21390$mem_rdata[14]
Added ysyx_25030085_lsu.$auto$insbuf.cc:79:execute$25171: $abc$21390$0\mem_rdata[31:0][14] -> $0\mem_rdata[31:0][14]
Added ysyx_25030085_lsu.$auto$insbuf.cc:79:execute$25172: \mem_rdata [15] -> $abc$21390$mem_rdata[15]
Added ysyx_25030085_lsu.$auto$insbuf.cc:79:execute$25173: $abc$21390$0\mem_rdata[31:0][15] -> $0\mem_rdata[31:0][15]
Added ysyx_25030085_lsu.$auto$insbuf.cc:79:execute$25174: \mem_rdata [16] -> $abc$21390$mem_rdata[16]
Added ysyx_25030085_lsu.$auto$insbuf.cc:79:execute$25175: $abc$21390$0\mem_rdata[31:0][16] -> $0\mem_rdata[31:0][16]
Added ysyx_25030085_lsu.$auto$insbuf.cc:79:execute$25176: \mem_rdata [17] -> $abc$21390$mem_rdata[17]
Added ysyx_25030085_lsu.$auto$insbuf.cc:79:execute$25177: $abc$21390$0\mem_rdata[31:0][17] -> $0\mem_rdata[31:0][17]
Added ysyx_25030085_lsu.$auto$insbuf.cc:79:execute$25178: \mem_rdata [18] -> $abc$21390$mem_rdata[18]
Added ysyx_25030085_lsu.$auto$insbuf.cc:79:execute$25179: $abc$21390$0\mem_rdata[31:0][18] -> $0\mem_rdata[31:0][18]
Added ysyx_25030085_lsu.$auto$insbuf.cc:79:execute$25180: \mem_rdata [19] -> $abc$21390$mem_rdata[19]
Added ysyx_25030085_lsu.$auto$insbuf.cc:79:execute$25181: $abc$21390$0\mem_rdata[31:0][19] -> $0\mem_rdata[31:0][19]
Added ysyx_25030085_lsu.$auto$insbuf.cc:79:execute$25182: \mem_rdata [20] -> $abc$21390$mem_rdata[20]
Added ysyx_25030085_lsu.$auto$insbuf.cc:79:execute$25183: $abc$21390$0\mem_rdata[31:0][20] -> $0\mem_rdata[31:0][20]
Added ysyx_25030085_lsu.$auto$insbuf.cc:79:execute$25184: \mem_rdata [21] -> $abc$21390$mem_rdata[21]
Added ysyx_25030085_lsu.$auto$insbuf.cc:79:execute$25185: $abc$21390$0\mem_rdata[31:0][21] -> $0\mem_rdata[31:0][21]
Added ysyx_25030085_lsu.$auto$insbuf.cc:79:execute$25186: \mem_rdata [22] -> $abc$21390$mem_rdata[22]
Added ysyx_25030085_lsu.$auto$insbuf.cc:79:execute$25187: $abc$21390$0\mem_rdata[31:0][22] -> $0\mem_rdata[31:0][22]
Added ysyx_25030085_lsu.$auto$insbuf.cc:79:execute$25188: \mem_rdata [23] -> $abc$21390$mem_rdata[23]
Added ysyx_25030085_lsu.$auto$insbuf.cc:79:execute$25189: $abc$21390$0\mem_rdata[31:0][23] -> $0\mem_rdata[31:0][23]
Added ysyx_25030085_lsu.$auto$insbuf.cc:79:execute$25190: \mem_rdata [24] -> $abc$21390$mem_rdata[24]
Added ysyx_25030085_lsu.$auto$insbuf.cc:79:execute$25191: $abc$21390$0\mem_rdata[31:0][24] -> $0\mem_rdata[31:0][24]
Added ysyx_25030085_lsu.$auto$insbuf.cc:79:execute$25192: \mem_rdata [25] -> $abc$21390$mem_rdata[25]
Added ysyx_25030085_lsu.$auto$insbuf.cc:79:execute$25193: $abc$21390$0\mem_rdata[31:0][25] -> $0\mem_rdata[31:0][25]
Added ysyx_25030085_lsu.$auto$insbuf.cc:79:execute$25194: \mem_rdata [26] -> $abc$21390$mem_rdata[26]
Added ysyx_25030085_lsu.$auto$insbuf.cc:79:execute$25195: $abc$21390$0\mem_rdata[31:0][26] -> $0\mem_rdata[31:0][26]
Added ysyx_25030085_lsu.$auto$insbuf.cc:79:execute$25196: \mem_rdata [27] -> $abc$21390$mem_rdata[27]
Added ysyx_25030085_lsu.$auto$insbuf.cc:79:execute$25197: $abc$21390$0\mem_rdata[31:0][27] -> $0\mem_rdata[31:0][27]
Added ysyx_25030085_lsu.$auto$insbuf.cc:79:execute$25198: \mem_rdata [28] -> $abc$21390$mem_rdata[28]
Added ysyx_25030085_lsu.$auto$insbuf.cc:79:execute$25199: $abc$21390$0\mem_rdata[31:0][28] -> $0\mem_rdata[31:0][28]
Added ysyx_25030085_lsu.$auto$insbuf.cc:79:execute$25200: \mem_rdata [29] -> $abc$21390$mem_rdata[29]
Added ysyx_25030085_lsu.$auto$insbuf.cc:79:execute$25201: $abc$21390$0\mem_rdata[31:0][29] -> $0\mem_rdata[31:0][29]
Added ysyx_25030085_lsu.$auto$insbuf.cc:79:execute$25202: \mem_rdata [30] -> $abc$21390$mem_rdata[30]
Added ysyx_25030085_lsu.$auto$insbuf.cc:79:execute$25203: $abc$21390$0\mem_rdata[31:0][30] -> $0\mem_rdata[31:0][30]
Added ysyx_25030085_lsu.$auto$insbuf.cc:79:execute$25204: \mem_rdata [31] -> $abc$21390$mem_rdata[31]
Added ysyx_25030085_lsu.$auto$insbuf.cc:79:execute$25205: $abc$21390$0\mem_rdata[31:0][31] -> $0\mem_rdata[31:0][31]
Added ysyx_25030085_lsu.$auto$insbuf.cc:79:execute$25206: \in_ready -> $abc$21390$in_ready
Added ysyx_25030085_lsu.$auto$insbuf.cc:79:execute$25207: \in_lsu_addr [0] -> $abc$21390$in_lsu_addr[0]
Added ysyx_25030085_lsu.$auto$insbuf.cc:79:execute$25208: $abc$21390$0\addr[31:0][0] -> $0\addr[31:0][0]
Added ysyx_25030085_lsu.$auto$insbuf.cc:79:execute$25209: \in_lsu_addr [1] -> $abc$21390$in_lsu_addr[1]
Added ysyx_25030085_lsu.$auto$insbuf.cc:79:execute$25210: $abc$21390$0\addr[31:0][1] -> $0\addr[31:0][1]
Added ysyx_25030085_lsu.$auto$insbuf.cc:79:execute$25211: \in_lsu_addr [2] -> $abc$21390$in_lsu_addr[2]
Added ysyx_25030085_lsu.$auto$insbuf.cc:79:execute$25212: $abc$21390$0\addr[31:0][2] -> $0\addr[31:0][2]
Added ysyx_25030085_lsu.$auto$insbuf.cc:79:execute$25213: \in_lsu_addr [3] -> $abc$21390$in_lsu_addr[3]
Added ysyx_25030085_lsu.$auto$insbuf.cc:79:execute$25214: $abc$21390$0\addr[31:0][3] -> $0\addr[31:0][3]
Added ysyx_25030085_lsu.$auto$insbuf.cc:79:execute$25215: \in_lsu_addr [4] -> $abc$21390$in_lsu_addr[4]
Added ysyx_25030085_lsu.$auto$insbuf.cc:79:execute$25216: $abc$21390$0\addr[31:0][4] -> $0\addr[31:0][4]
Added ysyx_25030085_lsu.$auto$insbuf.cc:79:execute$25217: \in_lsu_addr [5] -> $abc$21390$in_lsu_addr[5]
Added ysyx_25030085_lsu.$auto$insbuf.cc:79:execute$25218: $abc$21390$0\addr[31:0][5] -> $0\addr[31:0][5]
Added ysyx_25030085_lsu.$auto$insbuf.cc:79:execute$25219: \in_lsu_addr [6] -> $abc$21390$in_lsu_addr[6]
Added ysyx_25030085_lsu.$auto$insbuf.cc:79:execute$25220: $abc$21390$0\addr[31:0][6] -> $0\addr[31:0][6]
Added ysyx_25030085_lsu.$auto$insbuf.cc:79:execute$25221: \in_lsu_addr [7] -> $abc$21390$in_lsu_addr[7]
Added ysyx_25030085_lsu.$auto$insbuf.cc:79:execute$25222: $abc$21390$0\addr[31:0][7] -> $0\addr[31:0][7]
Added ysyx_25030085_lsu.$auto$insbuf.cc:79:execute$25223: \in_lsu_addr [8] -> $abc$21390$in_lsu_addr[8]
Added ysyx_25030085_lsu.$auto$insbuf.cc:79:execute$25224: $abc$21390$0\addr[31:0][8] -> $0\addr[31:0][8]
Added ysyx_25030085_lsu.$auto$insbuf.cc:79:execute$25225: \in_lsu_addr [9] -> $abc$21390$in_lsu_addr[9]
Added ysyx_25030085_lsu.$auto$insbuf.cc:79:execute$25226: $abc$21390$0\addr[31:0][9] -> $0\addr[31:0][9]
Added ysyx_25030085_lsu.$auto$insbuf.cc:79:execute$25227: \in_lsu_addr [10] -> $abc$21390$in_lsu_addr[10]
Added ysyx_25030085_lsu.$auto$insbuf.cc:79:execute$25228: $abc$21390$0\addr[31:0][10] -> $0\addr[31:0][10]
Added ysyx_25030085_lsu.$auto$insbuf.cc:79:execute$25229: \in_lsu_addr [11] -> $abc$21390$in_lsu_addr[11]
Added ysyx_25030085_lsu.$auto$insbuf.cc:79:execute$25230: $abc$21390$0\addr[31:0][11] -> $0\addr[31:0][11]
Added ysyx_25030085_lsu.$auto$insbuf.cc:79:execute$25231: \in_lsu_addr [12] -> $abc$21390$in_lsu_addr[12]
Added ysyx_25030085_lsu.$auto$insbuf.cc:79:execute$25232: $abc$21390$0\addr[31:0][12] -> $0\addr[31:0][12]
Added ysyx_25030085_lsu.$auto$insbuf.cc:79:execute$25233: \in_lsu_addr [13] -> $abc$21390$in_lsu_addr[13]
Added ysyx_25030085_lsu.$auto$insbuf.cc:79:execute$25234: $abc$21390$0\addr[31:0][13] -> $0\addr[31:0][13]
Added ysyx_25030085_lsu.$auto$insbuf.cc:79:execute$25235: \in_lsu_addr [14] -> $abc$21390$in_lsu_addr[14]
Added ysyx_25030085_lsu.$auto$insbuf.cc:79:execute$25236: $abc$21390$0\addr[31:0][14] -> $0\addr[31:0][14]
Added ysyx_25030085_lsu.$auto$insbuf.cc:79:execute$25237: \in_lsu_addr [15] -> $abc$21390$in_lsu_addr[15]
Added ysyx_25030085_lsu.$auto$insbuf.cc:79:execute$25238: $abc$21390$0\addr[31:0][15] -> $0\addr[31:0][15]
Added ysyx_25030085_lsu.$auto$insbuf.cc:79:execute$25239: \in_lsu_addr [16] -> $abc$21390$in_lsu_addr[16]
Added ysyx_25030085_lsu.$auto$insbuf.cc:79:execute$25240: $abc$21390$0\addr[31:0][16] -> $0\addr[31:0][16]
Added ysyx_25030085_lsu.$auto$insbuf.cc:79:execute$25241: \in_lsu_addr [17] -> $abc$21390$in_lsu_addr[17]
Added ysyx_25030085_lsu.$auto$insbuf.cc:79:execute$25242: $abc$21390$0\addr[31:0][17] -> $0\addr[31:0][17]
Added ysyx_25030085_lsu.$auto$insbuf.cc:79:execute$25243: \in_lsu_addr [18] -> $abc$21390$in_lsu_addr[18]
Added ysyx_25030085_lsu.$auto$insbuf.cc:79:execute$25244: $abc$21390$0\addr[31:0][18] -> $0\addr[31:0][18]
Added ysyx_25030085_lsu.$auto$insbuf.cc:79:execute$25245: \in_lsu_addr [19] -> $abc$21390$in_lsu_addr[19]
Added ysyx_25030085_lsu.$auto$insbuf.cc:79:execute$25246: $abc$21390$0\addr[31:0][19] -> $0\addr[31:0][19]
Added ysyx_25030085_lsu.$auto$insbuf.cc:79:execute$25247: \in_lsu_addr [20] -> $abc$21390$in_lsu_addr[20]
Added ysyx_25030085_lsu.$auto$insbuf.cc:79:execute$25248: $abc$21390$0\addr[31:0][20] -> $0\addr[31:0][20]
Added ysyx_25030085_lsu.$auto$insbuf.cc:79:execute$25249: \in_lsu_addr [21] -> $abc$21390$in_lsu_addr[21]
Added ysyx_25030085_lsu.$auto$insbuf.cc:79:execute$25250: $abc$21390$0\addr[31:0][21] -> $0\addr[31:0][21]
Added ysyx_25030085_lsu.$auto$insbuf.cc:79:execute$25251: \in_lsu_addr [22] -> $abc$21390$in_lsu_addr[22]
Added ysyx_25030085_lsu.$auto$insbuf.cc:79:execute$25252: $abc$21390$0\addr[31:0][22] -> $0\addr[31:0][22]
Added ysyx_25030085_lsu.$auto$insbuf.cc:79:execute$25253: \in_lsu_addr [23] -> $abc$21390$in_lsu_addr[23]
Added ysyx_25030085_lsu.$auto$insbuf.cc:79:execute$25254: $abc$21390$0\addr[31:0][23] -> $0\addr[31:0][23]
Added ysyx_25030085_lsu.$auto$insbuf.cc:79:execute$25255: \in_lsu_addr [24] -> $abc$21390$in_lsu_addr[24]
Added ysyx_25030085_lsu.$auto$insbuf.cc:79:execute$25256: $abc$21390$0\addr[31:0][24] -> $0\addr[31:0][24]
Added ysyx_25030085_lsu.$auto$insbuf.cc:79:execute$25257: \in_lsu_addr [25] -> $abc$21390$in_lsu_addr[25]
Added ysyx_25030085_lsu.$auto$insbuf.cc:79:execute$25258: $abc$21390$0\addr[31:0][25] -> $0\addr[31:0][25]
Added ysyx_25030085_lsu.$auto$insbuf.cc:79:execute$25259: \in_lsu_addr [26] -> $abc$21390$in_lsu_addr[26]
Added ysyx_25030085_lsu.$auto$insbuf.cc:79:execute$25260: $abc$21390$0\addr[31:0][26] -> $0\addr[31:0][26]
Added ysyx_25030085_lsu.$auto$insbuf.cc:79:execute$25261: \in_lsu_addr [27] -> $abc$21390$in_lsu_addr[27]
Added ysyx_25030085_lsu.$auto$insbuf.cc:79:execute$25262: $abc$21390$0\addr[31:0][27] -> $0\addr[31:0][27]
Added ysyx_25030085_lsu.$auto$insbuf.cc:79:execute$25263: \in_lsu_addr [28] -> $abc$21390$in_lsu_addr[28]
Added ysyx_25030085_lsu.$auto$insbuf.cc:79:execute$25264: $abc$21390$0\addr[31:0][28] -> $0\addr[31:0][28]
Added ysyx_25030085_lsu.$auto$insbuf.cc:79:execute$25265: \in_lsu_addr [29] -> $abc$21390$in_lsu_addr[29]
Added ysyx_25030085_lsu.$auto$insbuf.cc:79:execute$25266: $abc$21390$0\addr[31:0][29] -> $0\addr[31:0][29]
Added ysyx_25030085_lsu.$auto$insbuf.cc:79:execute$25267: \in_lsu_addr [30] -> $abc$21390$in_lsu_addr[30]
Added ysyx_25030085_lsu.$auto$insbuf.cc:79:execute$25268: $abc$21390$0\addr[31:0][30] -> $0\addr[31:0][30]
Added ysyx_25030085_lsu.$auto$insbuf.cc:79:execute$25269: \in_lsu_addr [31] -> $abc$21390$in_lsu_addr[31]
Added ysyx_25030085_lsu.$auto$insbuf.cc:79:execute$25270: $abc$21390$0\addr[31:0][31] -> $0\addr[31:0][31]
Added ysyx_25030085_lsu.$auto$insbuf.cc:79:execute$25271: \in_imm [0] -> $abc$21390$in_imm[0]
Added ysyx_25030085_lsu.$auto$insbuf.cc:79:execute$25272: \imm_out [0] -> $abc$21390$imm_out[0]
Added ysyx_25030085_lsu.$auto$insbuf.cc:79:execute$25273: $abc$21390$0\imm[31:0][0] -> $0\imm[31:0][0]
Added ysyx_25030085_lsu.$auto$insbuf.cc:79:execute$25274: \in_imm [1] -> $abc$21390$in_imm[1]
Added ysyx_25030085_lsu.$auto$insbuf.cc:79:execute$25275: \imm_out [1] -> $abc$21390$imm_out[1]
Added ysyx_25030085_lsu.$auto$insbuf.cc:79:execute$25276: $abc$21390$0\imm[31:0][1] -> $0\imm[31:0][1]
Added ysyx_25030085_lsu.$auto$insbuf.cc:79:execute$25277: \in_imm [2] -> $abc$21390$in_imm[2]
Added ysyx_25030085_lsu.$auto$insbuf.cc:79:execute$25278: \imm_out [2] -> $abc$21390$imm_out[2]
Added ysyx_25030085_lsu.$auto$insbuf.cc:79:execute$25279: $abc$21390$0\imm[31:0][2] -> $0\imm[31:0][2]
Added ysyx_25030085_lsu.$auto$insbuf.cc:79:execute$25280: \in_imm [3] -> $abc$21390$in_imm[3]
Added ysyx_25030085_lsu.$auto$insbuf.cc:79:execute$25281: \imm_out [3] -> $abc$21390$imm_out[3]
Added ysyx_25030085_lsu.$auto$insbuf.cc:79:execute$25282: $abc$21390$0\imm[31:0][3] -> $0\imm[31:0][3]
Added ysyx_25030085_lsu.$auto$insbuf.cc:79:execute$25283: \in_imm [4] -> $abc$21390$in_imm[4]
Added ysyx_25030085_lsu.$auto$insbuf.cc:79:execute$25284: \imm_out [4] -> $abc$21390$imm_out[4]
Added ysyx_25030085_lsu.$auto$insbuf.cc:79:execute$25285: $abc$21390$0\imm[31:0][4] -> $0\imm[31:0][4]
Added ysyx_25030085_lsu.$auto$insbuf.cc:79:execute$25286: \in_imm [5] -> $abc$21390$in_imm[5]
Added ysyx_25030085_lsu.$auto$insbuf.cc:79:execute$25287: \imm_out [5] -> $abc$21390$imm_out[5]
Added ysyx_25030085_lsu.$auto$insbuf.cc:79:execute$25288: $abc$21390$0\imm[31:0][5] -> $0\imm[31:0][5]
Added ysyx_25030085_lsu.$auto$insbuf.cc:79:execute$25289: \in_imm [6] -> $abc$21390$in_imm[6]
Added ysyx_25030085_lsu.$auto$insbuf.cc:79:execute$25290: \imm_out [6] -> $abc$21390$imm_out[6]
Added ysyx_25030085_lsu.$auto$insbuf.cc:79:execute$25291: $abc$21390$0\imm[31:0][6] -> $0\imm[31:0][6]
Added ysyx_25030085_lsu.$auto$insbuf.cc:79:execute$25292: \in_imm [7] -> $abc$21390$in_imm[7]
Added ysyx_25030085_lsu.$auto$insbuf.cc:79:execute$25293: \imm_out [7] -> $abc$21390$imm_out[7]
Added ysyx_25030085_lsu.$auto$insbuf.cc:79:execute$25294: $abc$21390$0\imm[31:0][7] -> $0\imm[31:0][7]
Added ysyx_25030085_lsu.$auto$insbuf.cc:79:execute$25295: \in_imm [8] -> $abc$21390$in_imm[8]
Added ysyx_25030085_lsu.$auto$insbuf.cc:79:execute$25296: \imm_out [8] -> $abc$21390$imm_out[8]
Added ysyx_25030085_lsu.$auto$insbuf.cc:79:execute$25297: $abc$21390$0\imm[31:0][8] -> $0\imm[31:0][8]
Added ysyx_25030085_lsu.$auto$insbuf.cc:79:execute$25298: \in_imm [9] -> $abc$21390$in_imm[9]
Added ysyx_25030085_lsu.$auto$insbuf.cc:79:execute$25299: \imm_out [9] -> $abc$21390$imm_out[9]
Added ysyx_25030085_lsu.$auto$insbuf.cc:79:execute$25300: $abc$21390$0\imm[31:0][9] -> $0\imm[31:0][9]
Added ysyx_25030085_lsu.$auto$insbuf.cc:79:execute$25301: \in_imm [10] -> $abc$21390$in_imm[10]
Added ysyx_25030085_lsu.$auto$insbuf.cc:79:execute$25302: \imm_out [10] -> $abc$21390$imm_out[10]
Added ysyx_25030085_lsu.$auto$insbuf.cc:79:execute$25303: $abc$21390$0\imm[31:0][10] -> $0\imm[31:0][10]
Added ysyx_25030085_lsu.$auto$insbuf.cc:79:execute$25304: \in_imm [11] -> $abc$21390$in_imm[11]
Added ysyx_25030085_lsu.$auto$insbuf.cc:79:execute$25305: \imm_out [11] -> $abc$21390$imm_out[11]
Added ysyx_25030085_lsu.$auto$insbuf.cc:79:execute$25306: $abc$21390$0\imm[31:0][11] -> $0\imm[31:0][11]
Added ysyx_25030085_lsu.$auto$insbuf.cc:79:execute$25307: \in_imm [12] -> $abc$21390$in_imm[12]
Added ysyx_25030085_lsu.$auto$insbuf.cc:79:execute$25308: \imm_out [12] -> $abc$21390$imm_out[12]
Added ysyx_25030085_lsu.$auto$insbuf.cc:79:execute$25309: $abc$21390$0\imm[31:0][12] -> $0\imm[31:0][12]
Added ysyx_25030085_lsu.$auto$insbuf.cc:79:execute$25310: \in_imm [13] -> $abc$21390$in_imm[13]
Added ysyx_25030085_lsu.$auto$insbuf.cc:79:execute$25311: \imm_out [13] -> $abc$21390$imm_out[13]
Added ysyx_25030085_lsu.$auto$insbuf.cc:79:execute$25312: $abc$21390$0\imm[31:0][13] -> $0\imm[31:0][13]
Added ysyx_25030085_lsu.$auto$insbuf.cc:79:execute$25313: \in_imm [14] -> $abc$21390$in_imm[14]
Added ysyx_25030085_lsu.$auto$insbuf.cc:79:execute$25314: \imm_out [14] -> $abc$21390$imm_out[14]
Added ysyx_25030085_lsu.$auto$insbuf.cc:79:execute$25315: $abc$21390$0\imm[31:0][14] -> $0\imm[31:0][14]
Added ysyx_25030085_lsu.$auto$insbuf.cc:79:execute$25316: \in_imm [15] -> $abc$21390$in_imm[15]
Added ysyx_25030085_lsu.$auto$insbuf.cc:79:execute$25317: \imm_out [15] -> $abc$21390$imm_out[15]
Added ysyx_25030085_lsu.$auto$insbuf.cc:79:execute$25318: $abc$21390$0\imm[31:0][15] -> $0\imm[31:0][15]
Added ysyx_25030085_lsu.$auto$insbuf.cc:79:execute$25319: \in_imm [16] -> $abc$21390$in_imm[16]
Added ysyx_25030085_lsu.$auto$insbuf.cc:79:execute$25320: \imm_out [16] -> $abc$21390$imm_out[16]
Added ysyx_25030085_lsu.$auto$insbuf.cc:79:execute$25321: $abc$21390$0\imm[31:0][16] -> $0\imm[31:0][16]
Added ysyx_25030085_lsu.$auto$insbuf.cc:79:execute$25322: \in_imm [17] -> $abc$21390$in_imm[17]
Added ysyx_25030085_lsu.$auto$insbuf.cc:79:execute$25323: \imm_out [17] -> $abc$21390$imm_out[17]
Added ysyx_25030085_lsu.$auto$insbuf.cc:79:execute$25324: $abc$21390$0\imm[31:0][17] -> $0\imm[31:0][17]
Added ysyx_25030085_lsu.$auto$insbuf.cc:79:execute$25325: \in_imm [18] -> $abc$21390$in_imm[18]
Added ysyx_25030085_lsu.$auto$insbuf.cc:79:execute$25326: \imm_out [18] -> $abc$21390$imm_out[18]
Added ysyx_25030085_lsu.$auto$insbuf.cc:79:execute$25327: $abc$21390$0\imm[31:0][18] -> $0\imm[31:0][18]
Added ysyx_25030085_lsu.$auto$insbuf.cc:79:execute$25328: \in_imm [19] -> $abc$21390$in_imm[19]
Added ysyx_25030085_lsu.$auto$insbuf.cc:79:execute$25329: \imm_out [19] -> $abc$21390$imm_out[19]
Added ysyx_25030085_lsu.$auto$insbuf.cc:79:execute$25330: $abc$21390$0\imm[31:0][19] -> $0\imm[31:0][19]
Added ysyx_25030085_lsu.$auto$insbuf.cc:79:execute$25331: \in_imm [20] -> $abc$21390$in_imm[20]
Added ysyx_25030085_lsu.$auto$insbuf.cc:79:execute$25332: \imm_out [20] -> $abc$21390$imm_out[20]
Added ysyx_25030085_lsu.$auto$insbuf.cc:79:execute$25333: $abc$21390$0\imm[31:0][20] -> $0\imm[31:0][20]
Added ysyx_25030085_lsu.$auto$insbuf.cc:79:execute$25334: \in_imm [21] -> $abc$21390$in_imm[21]
Added ysyx_25030085_lsu.$auto$insbuf.cc:79:execute$25335: \imm_out [21] -> $abc$21390$imm_out[21]
Added ysyx_25030085_lsu.$auto$insbuf.cc:79:execute$25336: $abc$21390$0\imm[31:0][21] -> $0\imm[31:0][21]
Added ysyx_25030085_lsu.$auto$insbuf.cc:79:execute$25337: \in_imm [22] -> $abc$21390$in_imm[22]
Added ysyx_25030085_lsu.$auto$insbuf.cc:79:execute$25338: \imm_out [22] -> $abc$21390$imm_out[22]
Added ysyx_25030085_lsu.$auto$insbuf.cc:79:execute$25339: $abc$21390$0\imm[31:0][22] -> $0\imm[31:0][22]
Added ysyx_25030085_lsu.$auto$insbuf.cc:79:execute$25340: \in_imm [23] -> $abc$21390$in_imm[23]
Added ysyx_25030085_lsu.$auto$insbuf.cc:79:execute$25341: \imm_out [23] -> $abc$21390$imm_out[23]
Added ysyx_25030085_lsu.$auto$insbuf.cc:79:execute$25342: $abc$21390$0\imm[31:0][23] -> $0\imm[31:0][23]
Added ysyx_25030085_lsu.$auto$insbuf.cc:79:execute$25343: \in_imm [24] -> $abc$21390$in_imm[24]
Added ysyx_25030085_lsu.$auto$insbuf.cc:79:execute$25344: \imm_out [24] -> $abc$21390$imm_out[24]
Added ysyx_25030085_lsu.$auto$insbuf.cc:79:execute$25345: $abc$21390$0\imm[31:0][24] -> $0\imm[31:0][24]
Added ysyx_25030085_lsu.$auto$insbuf.cc:79:execute$25346: \in_imm [25] -> $abc$21390$in_imm[25]
Added ysyx_25030085_lsu.$auto$insbuf.cc:79:execute$25347: \imm_out [25] -> $abc$21390$imm_out[25]
Added ysyx_25030085_lsu.$auto$insbuf.cc:79:execute$25348: $abc$21390$0\imm[31:0][25] -> $0\imm[31:0][25]
Added ysyx_25030085_lsu.$auto$insbuf.cc:79:execute$25349: \in_imm [26] -> $abc$21390$in_imm[26]
Added ysyx_25030085_lsu.$auto$insbuf.cc:79:execute$25350: \imm_out [26] -> $abc$21390$imm_out[26]
Added ysyx_25030085_lsu.$auto$insbuf.cc:79:execute$25351: $abc$21390$0\imm[31:0][26] -> $0\imm[31:0][26]
Added ysyx_25030085_lsu.$auto$insbuf.cc:79:execute$25352: \in_imm [27] -> $abc$21390$in_imm[27]
Added ysyx_25030085_lsu.$auto$insbuf.cc:79:execute$25353: \imm_out [27] -> $abc$21390$imm_out[27]
Added ysyx_25030085_lsu.$auto$insbuf.cc:79:execute$25354: $abc$21390$0\imm[31:0][27] -> $0\imm[31:0][27]
Added ysyx_25030085_lsu.$auto$insbuf.cc:79:execute$25355: \in_imm [28] -> $abc$21390$in_imm[28]
Added ysyx_25030085_lsu.$auto$insbuf.cc:79:execute$25356: \imm_out [28] -> $abc$21390$imm_out[28]
Added ysyx_25030085_lsu.$auto$insbuf.cc:79:execute$25357: $abc$21390$0\imm[31:0][28] -> $0\imm[31:0][28]
Added ysyx_25030085_lsu.$auto$insbuf.cc:79:execute$25358: \in_imm [29] -> $abc$21390$in_imm[29]
Added ysyx_25030085_lsu.$auto$insbuf.cc:79:execute$25359: \imm_out [29] -> $abc$21390$imm_out[29]
Added ysyx_25030085_lsu.$auto$insbuf.cc:79:execute$25360: $abc$21390$0\imm[31:0][29] -> $0\imm[31:0][29]
Added ysyx_25030085_lsu.$auto$insbuf.cc:79:execute$25361: \in_imm [30] -> $abc$21390$in_imm[30]
Added ysyx_25030085_lsu.$auto$insbuf.cc:79:execute$25362: \imm_out [30] -> $abc$21390$imm_out[30]
Added ysyx_25030085_lsu.$auto$insbuf.cc:79:execute$25363: $abc$21390$0\imm[31:0][30] -> $0\imm[31:0][30]
Added ysyx_25030085_lsu.$auto$insbuf.cc:79:execute$25364: \in_imm [31] -> $abc$21390$in_imm[31]
Added ysyx_25030085_lsu.$auto$insbuf.cc:79:execute$25365: \imm_out [31] -> $abc$21390$imm_out[31]
Added ysyx_25030085_lsu.$auto$insbuf.cc:79:execute$25366: $abc$21390$0\imm[31:0][31] -> $0\imm[31:0][31]
Added ysyx_25030085_lsu.$auto$insbuf.cc:79:execute$25367: \in_pc [0] -> $abc$21390$in_pc[0]
Added ysyx_25030085_lsu.$auto$insbuf.cc:79:execute$25368: \pc_out [0] -> $abc$21390$pc_out[0]
Added ysyx_25030085_lsu.$auto$insbuf.cc:79:execute$25369: $abc$21390$0\pc[31:0][0] -> $0\pc[31:0][0]
Added ysyx_25030085_lsu.$auto$insbuf.cc:79:execute$25370: \in_pc [1] -> $abc$21390$in_pc[1]
Added ysyx_25030085_lsu.$auto$insbuf.cc:79:execute$25371: \pc_out [1] -> $abc$21390$pc_out[1]
Added ysyx_25030085_lsu.$auto$insbuf.cc:79:execute$25372: $abc$21390$0\pc[31:0][1] -> $0\pc[31:0][1]
Added ysyx_25030085_lsu.$auto$insbuf.cc:79:execute$25373: \in_pc [2] -> $abc$21390$in_pc[2]
Added ysyx_25030085_lsu.$auto$insbuf.cc:79:execute$25374: \pc_out [2] -> $abc$21390$pc_out[2]
Added ysyx_25030085_lsu.$auto$insbuf.cc:79:execute$25375: $abc$21390$0\pc[31:0][2] -> $0\pc[31:0][2]
Added ysyx_25030085_lsu.$auto$insbuf.cc:79:execute$25376: \in_pc [3] -> $abc$21390$in_pc[3]
Added ysyx_25030085_lsu.$auto$insbuf.cc:79:execute$25377: \pc_out [3] -> $abc$21390$pc_out[3]
Added ysyx_25030085_lsu.$auto$insbuf.cc:79:execute$25378: $abc$21390$0\pc[31:0][3] -> $0\pc[31:0][3]
Added ysyx_25030085_lsu.$auto$insbuf.cc:79:execute$25379: \in_pc [4] -> $abc$21390$in_pc[4]
Added ysyx_25030085_lsu.$auto$insbuf.cc:79:execute$25380: \pc_out [4] -> $abc$21390$pc_out[4]
Added ysyx_25030085_lsu.$auto$insbuf.cc:79:execute$25381: $abc$21390$0\pc[31:0][4] -> $0\pc[31:0][4]
Added ysyx_25030085_lsu.$auto$insbuf.cc:79:execute$25382: \in_pc [5] -> $abc$21390$in_pc[5]
Added ysyx_25030085_lsu.$auto$insbuf.cc:79:execute$25383: \pc_out [5] -> $abc$21390$pc_out[5]
Added ysyx_25030085_lsu.$auto$insbuf.cc:79:execute$25384: $abc$21390$0\pc[31:0][5] -> $0\pc[31:0][5]
Added ysyx_25030085_lsu.$auto$insbuf.cc:79:execute$25385: \in_pc [6] -> $abc$21390$in_pc[6]
Added ysyx_25030085_lsu.$auto$insbuf.cc:79:execute$25386: \pc_out [6] -> $abc$21390$pc_out[6]
Added ysyx_25030085_lsu.$auto$insbuf.cc:79:execute$25387: $abc$21390$0\pc[31:0][6] -> $0\pc[31:0][6]
Added ysyx_25030085_lsu.$auto$insbuf.cc:79:execute$25388: \in_pc [7] -> $abc$21390$in_pc[7]
Added ysyx_25030085_lsu.$auto$insbuf.cc:79:execute$25389: \pc_out [7] -> $abc$21390$pc_out[7]
Added ysyx_25030085_lsu.$auto$insbuf.cc:79:execute$25390: $abc$21390$0\pc[31:0][7] -> $0\pc[31:0][7]
Added ysyx_25030085_lsu.$auto$insbuf.cc:79:execute$25391: \in_pc [8] -> $abc$21390$in_pc[8]
Added ysyx_25030085_lsu.$auto$insbuf.cc:79:execute$25392: \pc_out [8] -> $abc$21390$pc_out[8]
Added ysyx_25030085_lsu.$auto$insbuf.cc:79:execute$25393: $abc$21390$0\pc[31:0][8] -> $0\pc[31:0][8]
Added ysyx_25030085_lsu.$auto$insbuf.cc:79:execute$25394: \in_pc [9] -> $abc$21390$in_pc[9]
Added ysyx_25030085_lsu.$auto$insbuf.cc:79:execute$25395: \pc_out [9] -> $abc$21390$pc_out[9]
Added ysyx_25030085_lsu.$auto$insbuf.cc:79:execute$25396: $abc$21390$0\pc[31:0][9] -> $0\pc[31:0][9]
Added ysyx_25030085_lsu.$auto$insbuf.cc:79:execute$25397: \in_pc [10] -> $abc$21390$in_pc[10]
Added ysyx_25030085_lsu.$auto$insbuf.cc:79:execute$25398: \pc_out [10] -> $abc$21390$pc_out[10]
Added ysyx_25030085_lsu.$auto$insbuf.cc:79:execute$25399: $abc$21390$0\pc[31:0][10] -> $0\pc[31:0][10]
Added ysyx_25030085_lsu.$auto$insbuf.cc:79:execute$25400: \in_pc [11] -> $abc$21390$in_pc[11]
Added ysyx_25030085_lsu.$auto$insbuf.cc:79:execute$25401: \pc_out [11] -> $abc$21390$pc_out[11]
Added ysyx_25030085_lsu.$auto$insbuf.cc:79:execute$25402: $abc$21390$0\pc[31:0][11] -> $0\pc[31:0][11]
Added ysyx_25030085_lsu.$auto$insbuf.cc:79:execute$25403: \in_pc [12] -> $abc$21390$in_pc[12]
Added ysyx_25030085_lsu.$auto$insbuf.cc:79:execute$25404: \pc_out [12] -> $abc$21390$pc_out[12]
Added ysyx_25030085_lsu.$auto$insbuf.cc:79:execute$25405: $abc$21390$0\pc[31:0][12] -> $0\pc[31:0][12]
Added ysyx_25030085_lsu.$auto$insbuf.cc:79:execute$25406: \in_pc [13] -> $abc$21390$in_pc[13]
Added ysyx_25030085_lsu.$auto$insbuf.cc:79:execute$25407: \pc_out [13] -> $abc$21390$pc_out[13]
Added ysyx_25030085_lsu.$auto$insbuf.cc:79:execute$25408: $abc$21390$0\pc[31:0][13] -> $0\pc[31:0][13]
Added ysyx_25030085_lsu.$auto$insbuf.cc:79:execute$25409: \in_pc [14] -> $abc$21390$in_pc[14]
Added ysyx_25030085_lsu.$auto$insbuf.cc:79:execute$25410: \pc_out [14] -> $abc$21390$pc_out[14]
Added ysyx_25030085_lsu.$auto$insbuf.cc:79:execute$25411: $abc$21390$0\pc[31:0][14] -> $0\pc[31:0][14]
Added ysyx_25030085_lsu.$auto$insbuf.cc:79:execute$25412: \in_pc [15] -> $abc$21390$in_pc[15]
Added ysyx_25030085_lsu.$auto$insbuf.cc:79:execute$25413: \pc_out [15] -> $abc$21390$pc_out[15]
Added ysyx_25030085_lsu.$auto$insbuf.cc:79:execute$25414: $abc$21390$0\pc[31:0][15] -> $0\pc[31:0][15]
Added ysyx_25030085_lsu.$auto$insbuf.cc:79:execute$25415: \in_pc [16] -> $abc$21390$in_pc[16]
Added ysyx_25030085_lsu.$auto$insbuf.cc:79:execute$25416: \pc_out [16] -> $abc$21390$pc_out[16]
Added ysyx_25030085_lsu.$auto$insbuf.cc:79:execute$25417: $abc$21390$0\pc[31:0][16] -> $0\pc[31:0][16]
Added ysyx_25030085_lsu.$auto$insbuf.cc:79:execute$25418: \in_pc [17] -> $abc$21390$in_pc[17]
Added ysyx_25030085_lsu.$auto$insbuf.cc:79:execute$25419: \pc_out [17] -> $abc$21390$pc_out[17]
Added ysyx_25030085_lsu.$auto$insbuf.cc:79:execute$25420: $abc$21390$0\pc[31:0][17] -> $0\pc[31:0][17]
Added ysyx_25030085_lsu.$auto$insbuf.cc:79:execute$25421: \in_pc [18] -> $abc$21390$in_pc[18]
Added ysyx_25030085_lsu.$auto$insbuf.cc:79:execute$25422: \pc_out [18] -> $abc$21390$pc_out[18]
Added ysyx_25030085_lsu.$auto$insbuf.cc:79:execute$25423: $abc$21390$0\pc[31:0][18] -> $0\pc[31:0][18]
Added ysyx_25030085_lsu.$auto$insbuf.cc:79:execute$25424: \in_pc [19] -> $abc$21390$in_pc[19]
Added ysyx_25030085_lsu.$auto$insbuf.cc:79:execute$25425: \pc_out [19] -> $abc$21390$pc_out[19]
Added ysyx_25030085_lsu.$auto$insbuf.cc:79:execute$25426: $abc$21390$0\pc[31:0][19] -> $0\pc[31:0][19]
Added ysyx_25030085_lsu.$auto$insbuf.cc:79:execute$25427: \in_pc [20] -> $abc$21390$in_pc[20]
Added ysyx_25030085_lsu.$auto$insbuf.cc:79:execute$25428: \pc_out [20] -> $abc$21390$pc_out[20]
Added ysyx_25030085_lsu.$auto$insbuf.cc:79:execute$25429: $abc$21390$0\pc[31:0][20] -> $0\pc[31:0][20]
Added ysyx_25030085_lsu.$auto$insbuf.cc:79:execute$25430: \in_pc [21] -> $abc$21390$in_pc[21]
Added ysyx_25030085_lsu.$auto$insbuf.cc:79:execute$25431: \pc_out [21] -> $abc$21390$pc_out[21]
Added ysyx_25030085_lsu.$auto$insbuf.cc:79:execute$25432: $abc$21390$0\pc[31:0][21] -> $0\pc[31:0][21]
Added ysyx_25030085_lsu.$auto$insbuf.cc:79:execute$25433: \in_pc [22] -> $abc$21390$in_pc[22]
Added ysyx_25030085_lsu.$auto$insbuf.cc:79:execute$25434: \pc_out [22] -> $abc$21390$pc_out[22]
Added ysyx_25030085_lsu.$auto$insbuf.cc:79:execute$25435: $abc$21390$0\pc[31:0][22] -> $0\pc[31:0][22]
Added ysyx_25030085_lsu.$auto$insbuf.cc:79:execute$25436: \in_pc [23] -> $abc$21390$in_pc[23]
Added ysyx_25030085_lsu.$auto$insbuf.cc:79:execute$25437: \pc_out [23] -> $abc$21390$pc_out[23]
Added ysyx_25030085_lsu.$auto$insbuf.cc:79:execute$25438: $abc$21390$0\pc[31:0][23] -> $0\pc[31:0][23]
Added ysyx_25030085_lsu.$auto$insbuf.cc:79:execute$25439: \in_pc [24] -> $abc$21390$in_pc[24]
Added ysyx_25030085_lsu.$auto$insbuf.cc:79:execute$25440: \pc_out [24] -> $abc$21390$pc_out[24]
Added ysyx_25030085_lsu.$auto$insbuf.cc:79:execute$25441: $abc$21390$0\pc[31:0][24] -> $0\pc[31:0][24]
Added ysyx_25030085_lsu.$auto$insbuf.cc:79:execute$25442: \in_pc [25] -> $abc$21390$in_pc[25]
Added ysyx_25030085_lsu.$auto$insbuf.cc:79:execute$25443: \pc_out [25] -> $abc$21390$pc_out[25]
Added ysyx_25030085_lsu.$auto$insbuf.cc:79:execute$25444: $abc$21390$0\pc[31:0][25] -> $0\pc[31:0][25]
Added ysyx_25030085_lsu.$auto$insbuf.cc:79:execute$25445: \in_pc [26] -> $abc$21390$in_pc[26]
Added ysyx_25030085_lsu.$auto$insbuf.cc:79:execute$25446: \pc_out [26] -> $abc$21390$pc_out[26]
Added ysyx_25030085_lsu.$auto$insbuf.cc:79:execute$25447: $abc$21390$0\pc[31:0][26] -> $0\pc[31:0][26]
Added ysyx_25030085_lsu.$auto$insbuf.cc:79:execute$25448: \in_pc [27] -> $abc$21390$in_pc[27]
Added ysyx_25030085_lsu.$auto$insbuf.cc:79:execute$25449: \pc_out [27] -> $abc$21390$pc_out[27]
Added ysyx_25030085_lsu.$auto$insbuf.cc:79:execute$25450: $abc$21390$0\pc[31:0][27] -> $0\pc[31:0][27]
Added ysyx_25030085_lsu.$auto$insbuf.cc:79:execute$25451: \in_pc [28] -> $abc$21390$in_pc[28]
Added ysyx_25030085_lsu.$auto$insbuf.cc:79:execute$25452: \pc_out [28] -> $abc$21390$pc_out[28]
Added ysyx_25030085_lsu.$auto$insbuf.cc:79:execute$25453: $abc$21390$0\pc[31:0][28] -> $0\pc[31:0][28]
Added ysyx_25030085_lsu.$auto$insbuf.cc:79:execute$25454: \in_pc [29] -> $abc$21390$in_pc[29]
Added ysyx_25030085_lsu.$auto$insbuf.cc:79:execute$25455: \pc_out [29] -> $abc$21390$pc_out[29]
Added ysyx_25030085_lsu.$auto$insbuf.cc:79:execute$25456: $abc$21390$0\pc[31:0][29] -> $0\pc[31:0][29]
Added ysyx_25030085_lsu.$auto$insbuf.cc:79:execute$25457: \in_pc [30] -> $abc$21390$in_pc[30]
Added ysyx_25030085_lsu.$auto$insbuf.cc:79:execute$25458: \pc_out [30] -> $abc$21390$pc_out[30]
Added ysyx_25030085_lsu.$auto$insbuf.cc:79:execute$25459: $abc$21390$0\pc[31:0][30] -> $0\pc[31:0][30]
Added ysyx_25030085_lsu.$auto$insbuf.cc:79:execute$25460: \in_pc [31] -> $abc$21390$in_pc[31]
Added ysyx_25030085_lsu.$auto$insbuf.cc:79:execute$25461: \pc_out [31] -> $abc$21390$pc_out[31]
Added ysyx_25030085_lsu.$auto$insbuf.cc:79:execute$25462: $abc$21390$0\pc[31:0][31] -> $0\pc[31:0][31]
Added ysyx_25030085_lsu.$auto$insbuf.cc:79:execute$25463: \in_npc [0] -> $abc$21390$in_npc[0]
Added ysyx_25030085_lsu.$auto$insbuf.cc:79:execute$25464: \npc_out [0] -> $abc$21390$npc_out[0]
Added ysyx_25030085_lsu.$auto$insbuf.cc:79:execute$25465: $abc$21390$0\npc[31:0][0] -> $0\npc[31:0][0]
Added ysyx_25030085_lsu.$auto$insbuf.cc:79:execute$25466: \in_npc [1] -> $abc$21390$in_npc[1]
Added ysyx_25030085_lsu.$auto$insbuf.cc:79:execute$25467: \npc_out [1] -> $abc$21390$npc_out[1]
Added ysyx_25030085_lsu.$auto$insbuf.cc:79:execute$25468: $abc$21390$0\npc[31:0][1] -> $0\npc[31:0][1]
Added ysyx_25030085_lsu.$auto$insbuf.cc:79:execute$25469: \in_npc [2] -> $abc$21390$in_npc[2]
Added ysyx_25030085_lsu.$auto$insbuf.cc:79:execute$25470: \npc_out [2] -> $abc$21390$npc_out[2]
Added ysyx_25030085_lsu.$auto$insbuf.cc:79:execute$25471: $abc$21390$0\npc[31:0][2] -> $0\npc[31:0][2]
Added ysyx_25030085_lsu.$auto$insbuf.cc:79:execute$25472: \in_npc [3] -> $abc$21390$in_npc[3]
Added ysyx_25030085_lsu.$auto$insbuf.cc:79:execute$25473: \npc_out [3] -> $abc$21390$npc_out[3]
Added ysyx_25030085_lsu.$auto$insbuf.cc:79:execute$25474: $abc$21390$0\npc[31:0][3] -> $0\npc[31:0][3]
Added ysyx_25030085_lsu.$auto$insbuf.cc:79:execute$25475: \in_npc [4] -> $abc$21390$in_npc[4]
Added ysyx_25030085_lsu.$auto$insbuf.cc:79:execute$25476: \npc_out [4] -> $abc$21390$npc_out[4]
Added ysyx_25030085_lsu.$auto$insbuf.cc:79:execute$25477: $abc$21390$0\npc[31:0][4] -> $0\npc[31:0][4]
Added ysyx_25030085_lsu.$auto$insbuf.cc:79:execute$25478: \in_npc [5] -> $abc$21390$in_npc[5]
Added ysyx_25030085_lsu.$auto$insbuf.cc:79:execute$25479: \npc_out [5] -> $abc$21390$npc_out[5]
Added ysyx_25030085_lsu.$auto$insbuf.cc:79:execute$25480: $abc$21390$0\npc[31:0][5] -> $0\npc[31:0][5]
Added ysyx_25030085_lsu.$auto$insbuf.cc:79:execute$25481: \in_npc [6] -> $abc$21390$in_npc[6]
Added ysyx_25030085_lsu.$auto$insbuf.cc:79:execute$25482: \npc_out [6] -> $abc$21390$npc_out[6]
Added ysyx_25030085_lsu.$auto$insbuf.cc:79:execute$25483: $abc$21390$0\npc[31:0][6] -> $0\npc[31:0][6]
Added ysyx_25030085_lsu.$auto$insbuf.cc:79:execute$25484: \in_npc [7] -> $abc$21390$in_npc[7]
Added ysyx_25030085_lsu.$auto$insbuf.cc:79:execute$25485: \npc_out [7] -> $abc$21390$npc_out[7]
Added ysyx_25030085_lsu.$auto$insbuf.cc:79:execute$25486: $abc$21390$0\npc[31:0][7] -> $0\npc[31:0][7]
Added ysyx_25030085_lsu.$auto$insbuf.cc:79:execute$25487: \in_npc [8] -> $abc$21390$in_npc[8]
Added ysyx_25030085_lsu.$auto$insbuf.cc:79:execute$25488: \npc_out [8] -> $abc$21390$npc_out[8]
Added ysyx_25030085_lsu.$auto$insbuf.cc:79:execute$25489: $abc$21390$0\npc[31:0][8] -> $0\npc[31:0][8]
Added ysyx_25030085_lsu.$auto$insbuf.cc:79:execute$25490: \in_npc [9] -> $abc$21390$in_npc[9]
Added ysyx_25030085_lsu.$auto$insbuf.cc:79:execute$25491: \npc_out [9] -> $abc$21390$npc_out[9]
Added ysyx_25030085_lsu.$auto$insbuf.cc:79:execute$25492: $abc$21390$0\npc[31:0][9] -> $0\npc[31:0][9]
Added ysyx_25030085_lsu.$auto$insbuf.cc:79:execute$25493: \in_npc [10] -> $abc$21390$in_npc[10]
Added ysyx_25030085_lsu.$auto$insbuf.cc:79:execute$25494: \npc_out [10] -> $abc$21390$npc_out[10]
Added ysyx_25030085_lsu.$auto$insbuf.cc:79:execute$25495: $abc$21390$0\npc[31:0][10] -> $0\npc[31:0][10]
Added ysyx_25030085_lsu.$auto$insbuf.cc:79:execute$25496: \in_npc [11] -> $abc$21390$in_npc[11]
Added ysyx_25030085_lsu.$auto$insbuf.cc:79:execute$25497: \npc_out [11] -> $abc$21390$npc_out[11]
Added ysyx_25030085_lsu.$auto$insbuf.cc:79:execute$25498: $abc$21390$0\npc[31:0][11] -> $0\npc[31:0][11]
Added ysyx_25030085_lsu.$auto$insbuf.cc:79:execute$25499: \in_npc [12] -> $abc$21390$in_npc[12]
Added ysyx_25030085_lsu.$auto$insbuf.cc:79:execute$25500: \npc_out [12] -> $abc$21390$npc_out[12]
Added ysyx_25030085_lsu.$auto$insbuf.cc:79:execute$25501: $abc$21390$0\npc[31:0][12] -> $0\npc[31:0][12]
Added ysyx_25030085_lsu.$auto$insbuf.cc:79:execute$25502: \in_npc [13] -> $abc$21390$in_npc[13]
Added ysyx_25030085_lsu.$auto$insbuf.cc:79:execute$25503: \npc_out [13] -> $abc$21390$npc_out[13]
Added ysyx_25030085_lsu.$auto$insbuf.cc:79:execute$25504: $abc$21390$0\npc[31:0][13] -> $0\npc[31:0][13]
Added ysyx_25030085_lsu.$auto$insbuf.cc:79:execute$25505: \in_npc [14] -> $abc$21390$in_npc[14]
Added ysyx_25030085_lsu.$auto$insbuf.cc:79:execute$25506: \npc_out [14] -> $abc$21390$npc_out[14]
Added ysyx_25030085_lsu.$auto$insbuf.cc:79:execute$25507: $abc$21390$0\npc[31:0][14] -> $0\npc[31:0][14]
Added ysyx_25030085_lsu.$auto$insbuf.cc:79:execute$25508: \in_npc [15] -> $abc$21390$in_npc[15]
Added ysyx_25030085_lsu.$auto$insbuf.cc:79:execute$25509: \npc_out [15] -> $abc$21390$npc_out[15]
Added ysyx_25030085_lsu.$auto$insbuf.cc:79:execute$25510: $abc$21390$0\npc[31:0][15] -> $0\npc[31:0][15]
Added ysyx_25030085_lsu.$auto$insbuf.cc:79:execute$25511: \in_npc [16] -> $abc$21390$in_npc[16]
Added ysyx_25030085_lsu.$auto$insbuf.cc:79:execute$25512: \npc_out [16] -> $abc$21390$npc_out[16]
Added ysyx_25030085_lsu.$auto$insbuf.cc:79:execute$25513: $abc$21390$0\npc[31:0][16] -> $0\npc[31:0][16]
Added ysyx_25030085_lsu.$auto$insbuf.cc:79:execute$25514: \in_npc [17] -> $abc$21390$in_npc[17]
Added ysyx_25030085_lsu.$auto$insbuf.cc:79:execute$25515: \npc_out [17] -> $abc$21390$npc_out[17]
Added ysyx_25030085_lsu.$auto$insbuf.cc:79:execute$25516: $abc$21390$0\npc[31:0][17] -> $0\npc[31:0][17]
Added ysyx_25030085_lsu.$auto$insbuf.cc:79:execute$25517: \in_npc [18] -> $abc$21390$in_npc[18]
Added ysyx_25030085_lsu.$auto$insbuf.cc:79:execute$25518: \npc_out [18] -> $abc$21390$npc_out[18]
Added ysyx_25030085_lsu.$auto$insbuf.cc:79:execute$25519: $abc$21390$0\npc[31:0][18] -> $0\npc[31:0][18]
Added ysyx_25030085_lsu.$auto$insbuf.cc:79:execute$25520: \in_npc [19] -> $abc$21390$in_npc[19]
Added ysyx_25030085_lsu.$auto$insbuf.cc:79:execute$25521: \npc_out [19] -> $abc$21390$npc_out[19]
Added ysyx_25030085_lsu.$auto$insbuf.cc:79:execute$25522: $abc$21390$0\npc[31:0][19] -> $0\npc[31:0][19]
Added ysyx_25030085_lsu.$auto$insbuf.cc:79:execute$25523: \in_npc [20] -> $abc$21390$in_npc[20]
Added ysyx_25030085_lsu.$auto$insbuf.cc:79:execute$25524: \npc_out [20] -> $abc$21390$npc_out[20]
Added ysyx_25030085_lsu.$auto$insbuf.cc:79:execute$25525: $abc$21390$0\npc[31:0][20] -> $0\npc[31:0][20]
Added ysyx_25030085_lsu.$auto$insbuf.cc:79:execute$25526: \in_npc [21] -> $abc$21390$in_npc[21]
Added ysyx_25030085_lsu.$auto$insbuf.cc:79:execute$25527: \npc_out [21] -> $abc$21390$npc_out[21]
Added ysyx_25030085_lsu.$auto$insbuf.cc:79:execute$25528: $abc$21390$0\npc[31:0][21] -> $0\npc[31:0][21]
Added ysyx_25030085_lsu.$auto$insbuf.cc:79:execute$25529: \in_npc [22] -> $abc$21390$in_npc[22]
Added ysyx_25030085_lsu.$auto$insbuf.cc:79:execute$25530: \npc_out [22] -> $abc$21390$npc_out[22]
Added ysyx_25030085_lsu.$auto$insbuf.cc:79:execute$25531: $abc$21390$0\npc[31:0][22] -> $0\npc[31:0][22]
Added ysyx_25030085_lsu.$auto$insbuf.cc:79:execute$25532: \in_npc [23] -> $abc$21390$in_npc[23]
Added ysyx_25030085_lsu.$auto$insbuf.cc:79:execute$25533: \npc_out [23] -> $abc$21390$npc_out[23]
Added ysyx_25030085_lsu.$auto$insbuf.cc:79:execute$25534: $abc$21390$0\npc[31:0][23] -> $0\npc[31:0][23]
Added ysyx_25030085_lsu.$auto$insbuf.cc:79:execute$25535: \in_npc [24] -> $abc$21390$in_npc[24]
Added ysyx_25030085_lsu.$auto$insbuf.cc:79:execute$25536: \npc_out [24] -> $abc$21390$npc_out[24]
Added ysyx_25030085_lsu.$auto$insbuf.cc:79:execute$25537: $abc$21390$0\npc[31:0][24] -> $0\npc[31:0][24]
Added ysyx_25030085_lsu.$auto$insbuf.cc:79:execute$25538: \in_npc [25] -> $abc$21390$in_npc[25]
Added ysyx_25030085_lsu.$auto$insbuf.cc:79:execute$25539: \npc_out [25] -> $abc$21390$npc_out[25]
Added ysyx_25030085_lsu.$auto$insbuf.cc:79:execute$25540: $abc$21390$0\npc[31:0][25] -> $0\npc[31:0][25]
Added ysyx_25030085_lsu.$auto$insbuf.cc:79:execute$25541: \in_npc [26] -> $abc$21390$in_npc[26]
Added ysyx_25030085_lsu.$auto$insbuf.cc:79:execute$25542: \npc_out [26] -> $abc$21390$npc_out[26]
Added ysyx_25030085_lsu.$auto$insbuf.cc:79:execute$25543: $abc$21390$0\npc[31:0][26] -> $0\npc[31:0][26]
Added ysyx_25030085_lsu.$auto$insbuf.cc:79:execute$25544: \in_npc [27] -> $abc$21390$in_npc[27]
Added ysyx_25030085_lsu.$auto$insbuf.cc:79:execute$25545: \npc_out [27] -> $abc$21390$npc_out[27]
Added ysyx_25030085_lsu.$auto$insbuf.cc:79:execute$25546: $abc$21390$0\npc[31:0][27] -> $0\npc[31:0][27]
Added ysyx_25030085_lsu.$auto$insbuf.cc:79:execute$25547: \in_npc [28] -> $abc$21390$in_npc[28]
Added ysyx_25030085_lsu.$auto$insbuf.cc:79:execute$25548: \npc_out [28] -> $abc$21390$npc_out[28]
Added ysyx_25030085_lsu.$auto$insbuf.cc:79:execute$25549: $abc$21390$0\npc[31:0][28] -> $0\npc[31:0][28]
Added ysyx_25030085_lsu.$auto$insbuf.cc:79:execute$25550: \in_npc [29] -> $abc$21390$in_npc[29]
Added ysyx_25030085_lsu.$auto$insbuf.cc:79:execute$25551: \npc_out [29] -> $abc$21390$npc_out[29]
Added ysyx_25030085_lsu.$auto$insbuf.cc:79:execute$25552: $abc$21390$0\npc[31:0][29] -> $0\npc[31:0][29]
Added ysyx_25030085_lsu.$auto$insbuf.cc:79:execute$25553: \in_npc [30] -> $abc$21390$in_npc[30]
Added ysyx_25030085_lsu.$auto$insbuf.cc:79:execute$25554: \npc_out [30] -> $abc$21390$npc_out[30]
Added ysyx_25030085_lsu.$auto$insbuf.cc:79:execute$25555: $abc$21390$0\npc[31:0][30] -> $0\npc[31:0][30]
Added ysyx_25030085_lsu.$auto$insbuf.cc:79:execute$25556: \in_npc [31] -> $abc$21390$in_npc[31]
Added ysyx_25030085_lsu.$auto$insbuf.cc:79:execute$25557: \npc_out [31] -> $abc$21390$npc_out[31]
Added ysyx_25030085_lsu.$auto$insbuf.cc:79:execute$25558: $abc$21390$0\npc[31:0][31] -> $0\npc[31:0][31]
Added ysyx_25030085_lsu.$auto$insbuf.cc:79:execute$25559: \in_rd [0] -> $abc$21390$in_rd[0]
Added ysyx_25030085_lsu.$auto$insbuf.cc:79:execute$25560: \rd_out [0] -> $abc$21390$rd_out[0]
Added ysyx_25030085_lsu.$auto$insbuf.cc:79:execute$25561: $abc$21390$0\rd[3:0][0] -> $0\rd[3:0][0]
Added ysyx_25030085_lsu.$auto$insbuf.cc:79:execute$25562: \in_rd [1] -> $abc$21390$in_rd[1]
Added ysyx_25030085_lsu.$auto$insbuf.cc:79:execute$25563: \rd_out [1] -> $abc$21390$rd_out[1]
Added ysyx_25030085_lsu.$auto$insbuf.cc:79:execute$25564: $abc$21390$0\rd[3:0][1] -> $0\rd[3:0][1]
Added ysyx_25030085_lsu.$auto$insbuf.cc:79:execute$25565: \in_rd [2] -> $abc$21390$in_rd[2]
Added ysyx_25030085_lsu.$auto$insbuf.cc:79:execute$25566: \rd_out [2] -> $abc$21390$rd_out[2]
Added ysyx_25030085_lsu.$auto$insbuf.cc:79:execute$25567: $abc$21390$0\rd[3:0][2] -> $0\rd[3:0][2]
Added ysyx_25030085_lsu.$auto$insbuf.cc:79:execute$25568: \in_rd [3] -> $abc$21390$in_rd[3]
Added ysyx_25030085_lsu.$auto$insbuf.cc:79:execute$25569: \rd_out [3] -> $abc$21390$rd_out[3]
Added ysyx_25030085_lsu.$auto$insbuf.cc:79:execute$25570: $abc$21390$0\rd[3:0][3] -> $0\rd[3:0][3]
Added ysyx_25030085_lsu.$auto$insbuf.cc:79:execute$25571: \in_ctrl [0] -> $abc$21390$in_ctrl[0]
Added ysyx_25030085_lsu.$auto$insbuf.cc:79:execute$25572: \ctrl_out [0] -> $abc$21390$ctrl_out[0]
Added ysyx_25030085_lsu.$auto$insbuf.cc:79:execute$25573: $abc$21390$0\ctrl[11:0][0] -> $0\ctrl[11:0][0]
Added ysyx_25030085_lsu.$auto$insbuf.cc:79:execute$25574: \in_ctrl [1] -> $abc$21390$in_ctrl[1]
Added ysyx_25030085_lsu.$auto$insbuf.cc:79:execute$25575: $abc$21390$0\ctrl[11:0][1] -> $0\ctrl[11:0][1]
Added ysyx_25030085_lsu.$auto$insbuf.cc:79:execute$25576: \in_ctrl [2] -> $abc$21390$in_ctrl[2]
Added ysyx_25030085_lsu.$auto$insbuf.cc:79:execute$25577: $abc$21390$0\ctrl[11:0][2] -> $0\ctrl[11:0][2]
Added ysyx_25030085_lsu.$auto$insbuf.cc:79:execute$25578: \in_ctrl [3] -> $abc$21390$in_ctrl[3]
Added ysyx_25030085_lsu.$auto$insbuf.cc:79:execute$25579: $abc$21390$0\ctrl[11:0][3] -> $0\ctrl[11:0][3]
Added ysyx_25030085_lsu.$auto$insbuf.cc:79:execute$25580: \in_ctrl [4] -> $abc$21390$in_ctrl[4]
Added ysyx_25030085_lsu.$auto$insbuf.cc:79:execute$25581: $abc$21390$0\ctrl[11:0][4] -> $0\ctrl[11:0][4]
Added ysyx_25030085_lsu.$auto$insbuf.cc:79:execute$25582: \in_ctrl [5] -> $abc$21390$in_ctrl[5]
Added ysyx_25030085_lsu.$auto$insbuf.cc:79:execute$25583: \ctrl_out [5] -> $abc$21390$ctrl_out[5]
Added ysyx_25030085_lsu.$auto$insbuf.cc:79:execute$25584: $abc$21390$0\ctrl[11:0][5] -> $0\ctrl[11:0][5]
Added ysyx_25030085_lsu.$auto$insbuf.cc:79:execute$25585: \in_ctrl [6] -> $abc$21390$in_ctrl[6]
Added ysyx_25030085_lsu.$auto$insbuf.cc:79:execute$25586: \ctrl_out [6] -> $abc$21390$ctrl_out[6]
Added ysyx_25030085_lsu.$auto$insbuf.cc:79:execute$25587: $abc$21390$0\ctrl[11:0][6] -> $0\ctrl[11:0][6]
Added ysyx_25030085_lsu.$auto$insbuf.cc:79:execute$25588: \in_ctrl [7] -> $abc$21390$in_ctrl[7]
Added ysyx_25030085_lsu.$auto$insbuf.cc:79:execute$25589: \ctrl_out [7] -> $abc$21390$ctrl_out[7]
Added ysyx_25030085_lsu.$auto$insbuf.cc:79:execute$25590: $abc$21390$0\ctrl[11:0][7] -> $0\ctrl[11:0][7]
Added ysyx_25030085_lsu.$auto$insbuf.cc:79:execute$25591: \in_ctrl [8] -> $abc$21390$in_ctrl[8]
Added ysyx_25030085_lsu.$auto$insbuf.cc:79:execute$25592: \ctrl_out [8] -> $abc$21390$ctrl_out[8]
Added ysyx_25030085_lsu.$auto$insbuf.cc:79:execute$25593: $abc$21390$0\ctrl[11:0][8] -> $0\ctrl[11:0][8]
Added ysyx_25030085_lsu.$auto$insbuf.cc:79:execute$25594: \in_ctrl [9] -> $abc$21390$in_ctrl[9]
Added ysyx_25030085_lsu.$auto$insbuf.cc:79:execute$25595: \ctrl_out [9] -> $abc$21390$ctrl_out[9]
Added ysyx_25030085_lsu.$auto$insbuf.cc:79:execute$25596: $abc$21390$0\ctrl[11:0][9] -> $0\ctrl[11:0][9]
Added ysyx_25030085_lsu.$auto$insbuf.cc:79:execute$25597: \in_ctrl [10] -> $abc$21390$in_ctrl[10]
Added ysyx_25030085_lsu.$auto$insbuf.cc:79:execute$25598: \ctrl_out [10] -> $abc$21390$ctrl_out[10]
Added ysyx_25030085_lsu.$auto$insbuf.cc:79:execute$25599: $abc$21390$0\ctrl[11:0][10] -> $0\ctrl[11:0][10]
Added ysyx_25030085_lsu.$auto$insbuf.cc:79:execute$25600: \in_ctrl [11] -> $abc$21390$in_ctrl[11]
Added ysyx_25030085_lsu.$auto$insbuf.cc:79:execute$25601: \ctrl_out [11] -> $abc$21390$ctrl_out[11]
Added ysyx_25030085_lsu.$auto$insbuf.cc:79:execute$25602: $abc$21390$0\ctrl[11:0][11] -> $0\ctrl[11:0][11]
Added ysyx_25030085_lsu.$auto$insbuf.cc:79:execute$25603: \in_lsu_wdata [0] -> $abc$21390$in_lsu_wdata[0]
Added ysyx_25030085_lsu.$auto$insbuf.cc:79:execute$25604: \wdata[0] -> $abc$21390$wdata[0]
Added ysyx_25030085_lsu.$auto$insbuf.cc:79:execute$25605: $abc$21390$0\wdata[31:0][0] -> $0\wdata[31:0][0]
Added ysyx_25030085_lsu.$auto$insbuf.cc:79:execute$25606: \in_lsu_wdata [1] -> $abc$21390$in_lsu_wdata[1]
Added ysyx_25030085_lsu.$auto$insbuf.cc:79:execute$25607: \wdata[1] -> $abc$21390$wdata[1]
Added ysyx_25030085_lsu.$auto$insbuf.cc:79:execute$25608: $abc$21390$0\wdata[31:0][1] -> $0\wdata[31:0][1]
Added ysyx_25030085_lsu.$auto$insbuf.cc:79:execute$25609: \in_lsu_wdata [2] -> $abc$21390$in_lsu_wdata[2]
Added ysyx_25030085_lsu.$auto$insbuf.cc:79:execute$25610: \wdata[2] -> $abc$21390$wdata[2]
Added ysyx_25030085_lsu.$auto$insbuf.cc:79:execute$25611: $abc$21390$0\wdata[31:0][2] -> $0\wdata[31:0][2]
Added ysyx_25030085_lsu.$auto$insbuf.cc:79:execute$25612: \in_lsu_wdata [3] -> $abc$21390$in_lsu_wdata[3]
Added ysyx_25030085_lsu.$auto$insbuf.cc:79:execute$25613: $abc$21390$0\wdata[31:0][3] -> $0\wdata[31:0][3]
Added ysyx_25030085_lsu.$auto$insbuf.cc:79:execute$25614: \in_lsu_wdata [4] -> $abc$21390$in_lsu_wdata[4]
Added ysyx_25030085_lsu.$auto$insbuf.cc:79:execute$25615: $abc$21390$0\wdata[31:0][4] -> $0\wdata[31:0][4]
Added ysyx_25030085_lsu.$auto$insbuf.cc:79:execute$25616: \in_lsu_wdata [5] -> $abc$21390$in_lsu_wdata[5]
Added ysyx_25030085_lsu.$auto$insbuf.cc:79:execute$25617: $abc$21390$0\wdata[31:0][5] -> $0\wdata[31:0][5]
Added ysyx_25030085_lsu.$auto$insbuf.cc:79:execute$25618: \in_lsu_wdata [6] -> $abc$21390$in_lsu_wdata[6]
Added ysyx_25030085_lsu.$auto$insbuf.cc:79:execute$25619: $abc$21390$0\wdata[31:0][6] -> $0\wdata[31:0][6]
Added ysyx_25030085_lsu.$auto$insbuf.cc:79:execute$25620: \in_lsu_wdata [7] -> $abc$21390$in_lsu_wdata[7]
Added ysyx_25030085_lsu.$auto$insbuf.cc:79:execute$25621: $abc$21390$0\wdata[31:0][7] -> $0\wdata[31:0][7]
Added ysyx_25030085_lsu.$auto$insbuf.cc:79:execute$25622: \in_lsu_wdata [8] -> $abc$21390$in_lsu_wdata[8]
Added ysyx_25030085_lsu.$auto$insbuf.cc:79:execute$25623: \wdata[8] -> $abc$21390$wdata[8]
Added ysyx_25030085_lsu.$auto$insbuf.cc:79:execute$25624: $abc$21390$0\wdata[31:0][8] -> $0\wdata[31:0][8]
Added ysyx_25030085_lsu.$auto$insbuf.cc:79:execute$25625: \in_lsu_wdata [9] -> $abc$21390$in_lsu_wdata[9]
Added ysyx_25030085_lsu.$auto$insbuf.cc:79:execute$25626: \wdata[9] -> $abc$21390$wdata[9]
Added ysyx_25030085_lsu.$auto$insbuf.cc:79:execute$25627: $abc$21390$0\wdata[31:0][9] -> $0\wdata[31:0][9]
Added ysyx_25030085_lsu.$auto$insbuf.cc:79:execute$25628: \in_lsu_wdata [10] -> $abc$21390$in_lsu_wdata[10]
Added ysyx_25030085_lsu.$auto$insbuf.cc:79:execute$25629: \wdata[10] -> $abc$21390$wdata[10]
Added ysyx_25030085_lsu.$auto$insbuf.cc:79:execute$25630: $abc$21390$0\wdata[31:0][10] -> $0\wdata[31:0][10]
Added ysyx_25030085_lsu.$auto$insbuf.cc:79:execute$25631: \in_lsu_wdata [11] -> $abc$21390$in_lsu_wdata[11]
Added ysyx_25030085_lsu.$auto$insbuf.cc:79:execute$25632: \wdata[11] -> $abc$21390$wdata[11]
Added ysyx_25030085_lsu.$auto$insbuf.cc:79:execute$25633: $abc$21390$0\wdata[31:0][11] -> $0\wdata[31:0][11]
Added ysyx_25030085_lsu.$auto$insbuf.cc:79:execute$25634: \in_lsu_wdata [12] -> $abc$21390$in_lsu_wdata[12]
Added ysyx_25030085_lsu.$auto$insbuf.cc:79:execute$25635: \wdata[12] -> $abc$21390$wdata[12]
Added ysyx_25030085_lsu.$auto$insbuf.cc:79:execute$25636: $abc$21390$0\wdata[31:0][12] -> $0\wdata[31:0][12]
Added ysyx_25030085_lsu.$auto$insbuf.cc:79:execute$25637: \in_lsu_wdata [13] -> $abc$21390$in_lsu_wdata[13]
Added ysyx_25030085_lsu.$auto$insbuf.cc:79:execute$25638: \wdata[13] -> $abc$21390$wdata[13]
Added ysyx_25030085_lsu.$auto$insbuf.cc:79:execute$25639: $abc$21390$0\wdata[31:0][13] -> $0\wdata[31:0][13]
Added ysyx_25030085_lsu.$auto$insbuf.cc:79:execute$25640: \in_lsu_wdata [14] -> $abc$21390$in_lsu_wdata[14]
Added ysyx_25030085_lsu.$auto$insbuf.cc:79:execute$25641: \wdata[14] -> $abc$21390$wdata[14]
Added ysyx_25030085_lsu.$auto$insbuf.cc:79:execute$25642: $abc$21390$0\wdata[31:0][14] -> $0\wdata[31:0][14]
Added ysyx_25030085_lsu.$auto$insbuf.cc:79:execute$25643: \in_lsu_wdata [15] -> $abc$21390$in_lsu_wdata[15]
Added ysyx_25030085_lsu.$auto$insbuf.cc:79:execute$25644: \wdata[15] -> $abc$21390$wdata[15]
Added ysyx_25030085_lsu.$auto$insbuf.cc:79:execute$25645: $abc$21390$0\wdata[31:0][15] -> $0\wdata[31:0][15]
Added ysyx_25030085_lsu.$auto$insbuf.cc:79:execute$25646: \in_lsu_wdata [16] -> $abc$21390$in_lsu_wdata[16]
Added ysyx_25030085_lsu.$auto$insbuf.cc:79:execute$25647: \wdata[16] -> $abc$21390$wdata[16]
Added ysyx_25030085_lsu.$auto$insbuf.cc:79:execute$25648: $abc$21390$0\wdata[31:0][16] -> $0\wdata[31:0][16]
Added ysyx_25030085_lsu.$auto$insbuf.cc:79:execute$25649: \in_lsu_wdata [17] -> $abc$21390$in_lsu_wdata[17]
Added ysyx_25030085_lsu.$auto$insbuf.cc:79:execute$25650: \wdata[17] -> $abc$21390$wdata[17]
Added ysyx_25030085_lsu.$auto$insbuf.cc:79:execute$25651: $abc$21390$0\wdata[31:0][17] -> $0\wdata[31:0][17]
Added ysyx_25030085_lsu.$auto$insbuf.cc:79:execute$25652: \in_lsu_wdata [18] -> $abc$21390$in_lsu_wdata[18]
Added ysyx_25030085_lsu.$auto$insbuf.cc:79:execute$25653: \wdata[18] -> $abc$21390$wdata[18]
Added ysyx_25030085_lsu.$auto$insbuf.cc:79:execute$25654: $abc$21390$0\wdata[31:0][18] -> $0\wdata[31:0][18]
Added ysyx_25030085_lsu.$auto$insbuf.cc:79:execute$25655: \in_lsu_wdata [19] -> $abc$21390$in_lsu_wdata[19]
Added ysyx_25030085_lsu.$auto$insbuf.cc:79:execute$25656: \wdata[19] -> $abc$21390$wdata[19]
Added ysyx_25030085_lsu.$auto$insbuf.cc:79:execute$25657: $abc$21390$0\wdata[31:0][19] -> $0\wdata[31:0][19]
Added ysyx_25030085_lsu.$auto$insbuf.cc:79:execute$25658: \in_lsu_wdata [20] -> $abc$21390$in_lsu_wdata[20]
Added ysyx_25030085_lsu.$auto$insbuf.cc:79:execute$25659: \wdata[20] -> $abc$21390$wdata[20]
Added ysyx_25030085_lsu.$auto$insbuf.cc:79:execute$25660: $abc$21390$0\wdata[31:0][20] -> $0\wdata[31:0][20]
Added ysyx_25030085_lsu.$auto$insbuf.cc:79:execute$25661: \in_lsu_wdata [21] -> $abc$21390$in_lsu_wdata[21]
Added ysyx_25030085_lsu.$auto$insbuf.cc:79:execute$25662: \wdata[21] -> $abc$21390$wdata[21]
Added ysyx_25030085_lsu.$auto$insbuf.cc:79:execute$25663: $abc$21390$0\wdata[31:0][21] -> $0\wdata[31:0][21]
Added ysyx_25030085_lsu.$auto$insbuf.cc:79:execute$25664: \in_lsu_wdata [22] -> $abc$21390$in_lsu_wdata[22]
Added ysyx_25030085_lsu.$auto$insbuf.cc:79:execute$25665: \wdata[22] -> $abc$21390$wdata[22]
Added ysyx_25030085_lsu.$auto$insbuf.cc:79:execute$25666: $abc$21390$0\wdata[31:0][22] -> $0\wdata[31:0][22]
Added ysyx_25030085_lsu.$auto$insbuf.cc:79:execute$25667: \in_lsu_wdata [23] -> $abc$21390$in_lsu_wdata[23]
Added ysyx_25030085_lsu.$auto$insbuf.cc:79:execute$25668: \wdata[23] -> $abc$21390$wdata[23]
Added ysyx_25030085_lsu.$auto$insbuf.cc:79:execute$25669: $abc$21390$0\wdata[31:0][23] -> $0\wdata[31:0][23]
Added ysyx_25030085_lsu.$auto$insbuf.cc:79:execute$25670: \in_lsu_wdata [24] -> $abc$21390$in_lsu_wdata[24]
Added ysyx_25030085_lsu.$auto$insbuf.cc:79:execute$25671: \wdata[24] -> $abc$21390$wdata[24]
Added ysyx_25030085_lsu.$auto$insbuf.cc:79:execute$25672: $abc$21390$0\wdata[31:0][24] -> $0\wdata[31:0][24]
Added ysyx_25030085_lsu.$auto$insbuf.cc:79:execute$25673: \in_lsu_wdata [25] -> $abc$21390$in_lsu_wdata[25]
Added ysyx_25030085_lsu.$auto$insbuf.cc:79:execute$25674: \wdata[25] -> $abc$21390$wdata[25]
Added ysyx_25030085_lsu.$auto$insbuf.cc:79:execute$25675: $abc$21390$0\wdata[31:0][25] -> $0\wdata[31:0][25]
Added ysyx_25030085_lsu.$auto$insbuf.cc:79:execute$25676: \in_lsu_wdata [26] -> $abc$21390$in_lsu_wdata[26]
Added ysyx_25030085_lsu.$auto$insbuf.cc:79:execute$25677: \wdata[26] -> $abc$21390$wdata[26]
Added ysyx_25030085_lsu.$auto$insbuf.cc:79:execute$25678: $abc$21390$0\wdata[31:0][26] -> $0\wdata[31:0][26]
Added ysyx_25030085_lsu.$auto$insbuf.cc:79:execute$25679: \in_lsu_wdata [27] -> $abc$21390$in_lsu_wdata[27]
Added ysyx_25030085_lsu.$auto$insbuf.cc:79:execute$25680: $abc$21390$0\wdata[31:0][27] -> $0\wdata[31:0][27]
Added ysyx_25030085_lsu.$auto$insbuf.cc:79:execute$25681: \in_lsu_wdata [28] -> $abc$21390$in_lsu_wdata[28]
Added ysyx_25030085_lsu.$auto$insbuf.cc:79:execute$25682: $abc$21390$0\wdata[31:0][28] -> $0\wdata[31:0][28]
Added ysyx_25030085_lsu.$auto$insbuf.cc:79:execute$25683: \in_lsu_wdata [29] -> $abc$21390$in_lsu_wdata[29]
Added ysyx_25030085_lsu.$auto$insbuf.cc:79:execute$25684: $abc$21390$0\wdata[31:0][29] -> $0\wdata[31:0][29]
Added ysyx_25030085_lsu.$auto$insbuf.cc:79:execute$25685: \in_lsu_wdata [30] -> $abc$21390$in_lsu_wdata[30]
Added ysyx_25030085_lsu.$auto$insbuf.cc:79:execute$25686: $abc$21390$0\wdata[31:0][30] -> $0\wdata[31:0][30]
Added ysyx_25030085_lsu.$auto$insbuf.cc:79:execute$25687: \in_lsu_wdata [31] -> $abc$21390$in_lsu_wdata[31]
Added ysyx_25030085_lsu.$auto$insbuf.cc:79:execute$25688: $abc$21390$0\wdata[31:0][31] -> $0\wdata[31:0][31]
Added ysyx_25030085_lsu.$auto$insbuf.cc:79:execute$25689: $abc$14185$new_n1304_ -> $abc$21390$abc$14185$new_n1304_
Added ysyx_25030085_lsu.$auto$insbuf.cc:79:execute$25690: $abc$21390$0\lsu_reqValid[0:0] -> $0\lsu_reqValid[0:0]
Added ysyx_25030085_lsu.$auto$insbuf.cc:79:execute$25691: $abc$21390$lsu_wmask[0] -> \lsu_wmask [0]
Added ysyx_25030085_lsu.$auto$insbuf.cc:79:execute$25692: $abc$21390$lsu_wmask[1] -> \lsu_wmask [1]
Added ysyx_25030085_lsu.$auto$insbuf.cc:79:execute$25693: $abc$21390$lsu_wmask[2] -> \lsu_wmask [2]
Added ysyx_25030085_lsu.$auto$insbuf.cc:79:execute$25694: $abc$21390$lsu_wmask[3] -> \lsu_wmask [3]
Added ysyx_25030085_lsu.$auto$insbuf.cc:79:execute$25695: $abc$21390$lsu_wdata[0] -> \lsu_wdata [0]
Added ysyx_25030085_lsu.$auto$insbuf.cc:79:execute$25696: $abc$21390$lsu_wdata[1] -> \lsu_wdata [1]
Added ysyx_25030085_lsu.$auto$insbuf.cc:79:execute$25697: $abc$21390$lsu_wdata[2] -> \lsu_wdata [2]
Added ysyx_25030085_lsu.$auto$insbuf.cc:79:execute$25698: $abc$21390$lsu_wdata[3] -> \lsu_wdata [3]
Added ysyx_25030085_lsu.$auto$insbuf.cc:79:execute$25699: $abc$21390$lsu_wdata[4] -> \lsu_wdata [4]
Added ysyx_25030085_lsu.$auto$insbuf.cc:79:execute$25700: $abc$21390$lsu_wdata[5] -> \lsu_wdata [5]
Added ysyx_25030085_lsu.$auto$insbuf.cc:79:execute$25701: $abc$21390$lsu_wdata[6] -> \lsu_wdata [6]
Added ysyx_25030085_lsu.$auto$insbuf.cc:79:execute$25702: $abc$21390$lsu_wdata[7] -> \lsu_wdata [7]
Added ysyx_25030085_lsu.$auto$insbuf.cc:79:execute$25703: $abc$21390$lsu_wdata[8] -> \lsu_wdata [8]
Added ysyx_25030085_lsu.$auto$insbuf.cc:79:execute$25704: $abc$21390$lsu_wdata[9] -> \lsu_wdata [9]
Added ysyx_25030085_lsu.$auto$insbuf.cc:79:execute$25705: $abc$21390$lsu_wdata[10] -> \lsu_wdata [10]
Added ysyx_25030085_lsu.$auto$insbuf.cc:79:execute$25706: $abc$21390$lsu_wdata[11] -> \lsu_wdata [11]
Added ysyx_25030085_lsu.$auto$insbuf.cc:79:execute$25707: $abc$21390$lsu_wdata[12] -> \lsu_wdata [12]
Added ysyx_25030085_lsu.$auto$insbuf.cc:79:execute$25708: $abc$21390$lsu_wdata[13] -> \lsu_wdata [13]
Added ysyx_25030085_lsu.$auto$insbuf.cc:79:execute$25709: $abc$21390$lsu_wdata[14] -> \lsu_wdata [14]
Added ysyx_25030085_lsu.$auto$insbuf.cc:79:execute$25710: $abc$21390$lsu_wdata[15] -> \lsu_wdata [15]
Added ysyx_25030085_lsu.$auto$insbuf.cc:79:execute$25711: $abc$21390$lsu_wdata[16] -> \lsu_wdata [16]
Added ysyx_25030085_lsu.$auto$insbuf.cc:79:execute$25712: $abc$21390$lsu_wdata[17] -> \lsu_wdata [17]
Added ysyx_25030085_lsu.$auto$insbuf.cc:79:execute$25713: $abc$21390$lsu_wdata[18] -> \lsu_wdata [18]
Added ysyx_25030085_lsu.$auto$insbuf.cc:79:execute$25714: $abc$21390$lsu_wdata[19] -> \lsu_wdata [19]
Added ysyx_25030085_lsu.$auto$insbuf.cc:79:execute$25715: $abc$21390$lsu_wdata[20] -> \lsu_wdata [20]
Added ysyx_25030085_lsu.$auto$insbuf.cc:79:execute$25716: $abc$21390$lsu_wdata[21] -> \lsu_wdata [21]
Added ysyx_25030085_lsu.$auto$insbuf.cc:79:execute$25717: $abc$21390$lsu_wdata[22] -> \lsu_wdata [22]
Added ysyx_25030085_lsu.$auto$insbuf.cc:79:execute$25718: $abc$21390$lsu_wdata[23] -> \lsu_wdata [23]
Added ysyx_25030085_lsu.$auto$insbuf.cc:79:execute$25719: $abc$21390$lsu_wdata[24] -> \lsu_wdata [24]
Added ysyx_25030085_lsu.$auto$insbuf.cc:79:execute$25720: $abc$21390$lsu_wdata[25] -> \lsu_wdata [25]
Added ysyx_25030085_lsu.$auto$insbuf.cc:79:execute$25721: $abc$21390$lsu_wdata[26] -> \lsu_wdata [26]
Added ysyx_25030085_lsu.$auto$insbuf.cc:79:execute$25722: \reset -> $abc$21390$reset
Added ysyx_25030085_lsu.$auto$insbuf.cc:79:execute$25723: $abc$21390$auto$rtlil.cc:1969:NotGate$17226 -> $auto$rtlil.cc:1969:NotGate$17226
Added ysyx_25030085_wb.$auto$insbuf.cc:79:execute$25724: \in_ready -> \state[0]
Added ysyx_25030085_wb.$auto$insbuf.cc:79:execute$25725: \in_ready -> $abc$21897$in_ready
Added ysyx_25030085_wb.$auto$insbuf.cc:79:execute$25726: \in_valid -> $abc$21897$in_valid
Added ysyx_25030085_wb.$auto$insbuf.cc:79:execute$25727: \state[2] -> $abc$21897$state[2]
Added ysyx_25030085_wb.$auto$insbuf.cc:79:execute$25728: $abc$21897$abc$14889$auto$fsm_map.cc:170:map_fsm$1053[0] -> $abc$14889$auto$fsm_map.cc:170:map_fsm$1053[0]
Added ysyx_25030085_wb.$auto$insbuf.cc:79:execute$25729: \MemtoReg[1] -> $abc$21897$MemtoReg[1]
Added ysyx_25030085_wb.$auto$insbuf.cc:79:execute$25730: \MemtoReg[0] -> $abc$21897$MemtoReg[0]
Added ysyx_25030085_wb.$auto$insbuf.cc:79:execute$25731: \MemtoReg[2] -> $abc$21897$MemtoReg[2]
Added ysyx_25030085_wb.$auto$insbuf.cc:79:execute$25732: $abc$14889$new_n676_ -> $abc$21897$abc$14889$new_n676_
Added ysyx_25030085_wb.$auto$insbuf.cc:79:execute$25733: \imm[0] -> $abc$21897$imm[0]
Added ysyx_25030085_wb.$auto$insbuf.cc:79:execute$25734: \csr_rdata[0] -> $abc$21897$csr_rdata[0]
Added ysyx_25030085_wb.$auto$insbuf.cc:79:execute$25735: $abc$14889$new_n680_ -> $abc$21897$abc$14889$new_n680_
Added ysyx_25030085_wb.$auto$insbuf.cc:79:execute$25736: $abc$14889$new_n681_ -> $abc$21897$abc$14889$new_n681_
Added ysyx_25030085_wb.$auto$insbuf.cc:79:execute$25737: \alu_result[0] -> $abc$21897$alu_result[0]
Added ysyx_25030085_wb.$auto$insbuf.cc:79:execute$25738: $abc$14889$new_n691_ -> $abc$21897$abc$14889$new_n691_
Added ysyx_25030085_wb.$auto$insbuf.cc:79:execute$25739: $abc$14889$new_n690_ -> $abc$21897$abc$14889$new_n690_
Added ysyx_25030085_wb.$auto$insbuf.cc:79:execute$25740: \reg_wdata [0] -> $abc$21897$reg_wdata[0]
Added ysyx_25030085_wb.$auto$insbuf.cc:79:execute$25741: \state[1] -> $abc$21897$state[1]
Added ysyx_25030085_wb.$auto$insbuf.cc:79:execute$25742: $abc$21897$0\wb_data[31:0][0] -> $0\wb_data[31:0][0]
Added ysyx_25030085_wb.$auto$insbuf.cc:79:execute$25743: \imm[1] -> $abc$21897$imm[1]
Added ysyx_25030085_wb.$auto$insbuf.cc:79:execute$25744: \csr_rdata[1] -> $abc$21897$csr_rdata[1]
Added ysyx_25030085_wb.$auto$insbuf.cc:79:execute$25745: $abc$14889$new_n696_ -> $abc$21897$abc$14889$new_n696_
Added ysyx_25030085_wb.$auto$insbuf.cc:79:execute$25746: $abc$14889$new_n697_ -> $abc$21897$abc$14889$new_n697_
Added ysyx_25030085_wb.$auto$insbuf.cc:79:execute$25747: \alu_result[1] -> $abc$21897$alu_result[1]
Added ysyx_25030085_wb.$auto$insbuf.cc:79:execute$25748: \reg_wdata [1] -> $abc$21897$reg_wdata[1]
Added ysyx_25030085_wb.$auto$insbuf.cc:79:execute$25749: $abc$21897$0\wb_data[31:0][1] -> $0\wb_data[31:0][1]
Added ysyx_25030085_wb.$auto$insbuf.cc:79:execute$25750: \imm[2] -> $abc$21897$imm[2]
Added ysyx_25030085_wb.$auto$insbuf.cc:79:execute$25751: \csr_rdata[2] -> $abc$21897$csr_rdata[2]
Added ysyx_25030085_wb.$auto$insbuf.cc:79:execute$25752: $abc$14889$new_n704_ -> $abc$21897$abc$14889$new_n704_
Added ysyx_25030085_wb.$auto$insbuf.cc:79:execute$25753: \pc[2] -> $abc$21897$pc[2]
Added ysyx_25030085_wb.$auto$insbuf.cc:79:execute$25754: \alu_result[2] -> $abc$21897$alu_result[2]
Added ysyx_25030085_wb.$auto$insbuf.cc:79:execute$25755: \reg_wdata [2] -> $abc$21897$reg_wdata[2]
Added ysyx_25030085_wb.$auto$insbuf.cc:79:execute$25756: $abc$21897$0\wb_data[31:0][2] -> $0\wb_data[31:0][2]
Added ysyx_25030085_wb.$auto$insbuf.cc:79:execute$25757: \imm[3] -> $abc$21897$imm[3]
Added ysyx_25030085_wb.$auto$insbuf.cc:79:execute$25758: \csr_rdata[3] -> $abc$21897$csr_rdata[3]
Added ysyx_25030085_wb.$auto$insbuf.cc:79:execute$25759: \pc[3] -> $abc$21897$pc[3]
Added ysyx_25030085_wb.$auto$insbuf.cc:79:execute$25760: $abc$14889$new_n711_ -> $abc$21897$abc$14889$new_n711_
Added ysyx_25030085_wb.$auto$insbuf.cc:79:execute$25761: \alu_result[3] -> $abc$21897$alu_result[3]
Added ysyx_25030085_wb.$auto$insbuf.cc:79:execute$25762: \reg_wdata [3] -> $abc$21897$reg_wdata[3]
Added ysyx_25030085_wb.$auto$insbuf.cc:79:execute$25763: $abc$21897$0\wb_data[31:0][3] -> $0\wb_data[31:0][3]
Added ysyx_25030085_wb.$auto$insbuf.cc:79:execute$25764: \imm[4] -> $abc$21897$imm[4]
Added ysyx_25030085_wb.$auto$insbuf.cc:79:execute$25765: \csr_rdata[4] -> $abc$21897$csr_rdata[4]
Added ysyx_25030085_wb.$auto$insbuf.cc:79:execute$25766: \pc[4] -> $abc$21897$pc[4]
Added ysyx_25030085_wb.$auto$insbuf.cc:79:execute$25767: $abc$14889$new_n719_ -> $abc$21897$abc$14889$new_n719_
Added ysyx_25030085_wb.$auto$insbuf.cc:79:execute$25768: \alu_result[4] -> $abc$21897$alu_result[4]
Added ysyx_25030085_wb.$auto$insbuf.cc:79:execute$25769: \reg_wdata [4] -> $abc$21897$reg_wdata[4]
Added ysyx_25030085_wb.$auto$insbuf.cc:79:execute$25770: $abc$21897$0\wb_data[31:0][4] -> $0\wb_data[31:0][4]
Added ysyx_25030085_wb.$auto$insbuf.cc:79:execute$25771: \imm[5] -> $abc$21897$imm[5]
Added ysyx_25030085_wb.$auto$insbuf.cc:79:execute$25772: \csr_rdata[5] -> $abc$21897$csr_rdata[5]
Added ysyx_25030085_wb.$auto$insbuf.cc:79:execute$25773: \pc[5] -> $abc$21897$pc[5]
Added ysyx_25030085_wb.$auto$insbuf.cc:79:execute$25774: $abc$14889$new_n728_ -> $abc$21897$abc$14889$new_n728_
Added ysyx_25030085_wb.$auto$insbuf.cc:79:execute$25775: \alu_result[5] -> $abc$21897$alu_result[5]
Added ysyx_25030085_wb.$auto$insbuf.cc:79:execute$25776: \reg_wdata [5] -> $abc$21897$reg_wdata[5]
Added ysyx_25030085_wb.$auto$insbuf.cc:79:execute$25777: $abc$21897$0\wb_data[31:0][5] -> $0\wb_data[31:0][5]
Added ysyx_25030085_wb.$auto$insbuf.cc:79:execute$25778: \imm[6] -> $abc$21897$imm[6]
Added ysyx_25030085_wb.$auto$insbuf.cc:79:execute$25779: \csr_rdata[6] -> $abc$21897$csr_rdata[6]
Added ysyx_25030085_wb.$auto$insbuf.cc:79:execute$25780: \pc[6] -> $abc$21897$pc[6]
Added ysyx_25030085_wb.$auto$insbuf.cc:79:execute$25781: $abc$14889$new_n737_ -> $abc$21897$abc$14889$new_n737_
Added ysyx_25030085_wb.$auto$insbuf.cc:79:execute$25782: \alu_result[6] -> $abc$21897$alu_result[6]
Added ysyx_25030085_wb.$auto$insbuf.cc:79:execute$25783: \reg_wdata [6] -> $abc$21897$reg_wdata[6]
Added ysyx_25030085_wb.$auto$insbuf.cc:79:execute$25784: $abc$21897$0\wb_data[31:0][6] -> $0\wb_data[31:0][6]
Added ysyx_25030085_wb.$auto$insbuf.cc:79:execute$25785: \imm[7] -> $abc$21897$imm[7]
Added ysyx_25030085_wb.$auto$insbuf.cc:79:execute$25786: \csr_rdata[7] -> $abc$21897$csr_rdata[7]
Added ysyx_25030085_wb.$auto$insbuf.cc:79:execute$25787: \pc[7] -> $abc$21897$pc[7]
Added ysyx_25030085_wb.$auto$insbuf.cc:79:execute$25788: $abc$14889$new_n747_ -> $abc$21897$abc$14889$new_n747_
Added ysyx_25030085_wb.$auto$insbuf.cc:79:execute$25789: \alu_result[7] -> $abc$21897$alu_result[7]
Added ysyx_25030085_wb.$auto$insbuf.cc:79:execute$25790: \reg_wdata [7] -> $abc$21897$reg_wdata[7]
Added ysyx_25030085_wb.$auto$insbuf.cc:79:execute$25791: $abc$21897$0\wb_data[31:0][7] -> $0\wb_data[31:0][7]
Added ysyx_25030085_wb.$auto$insbuf.cc:79:execute$25792: \imm[8] -> $abc$21897$imm[8]
Added ysyx_25030085_wb.$auto$insbuf.cc:79:execute$25793: \csr_rdata[8] -> $abc$21897$csr_rdata[8]
Added ysyx_25030085_wb.$auto$insbuf.cc:79:execute$25794: \pc[8] -> $abc$21897$pc[8]
Added ysyx_25030085_wb.$auto$insbuf.cc:79:execute$25795: $abc$14889$new_n756_ -> $abc$21897$abc$14889$new_n756_
Added ysyx_25030085_wb.$auto$insbuf.cc:79:execute$25796: \alu_result[8] -> $abc$21897$alu_result[8]
Added ysyx_25030085_wb.$auto$insbuf.cc:79:execute$25797: \reg_wdata [8] -> $abc$21897$reg_wdata[8]
Added ysyx_25030085_wb.$auto$insbuf.cc:79:execute$25798: $abc$21897$0\wb_data[31:0][8] -> $0\wb_data[31:0][8]
Added ysyx_25030085_wb.$auto$insbuf.cc:79:execute$25799: \imm[9] -> $abc$21897$imm[9]
Added ysyx_25030085_wb.$auto$insbuf.cc:79:execute$25800: \csr_rdata[9] -> $abc$21897$csr_rdata[9]
Added ysyx_25030085_wb.$auto$insbuf.cc:79:execute$25801: \pc[9] -> $abc$21897$pc[9]
Added ysyx_25030085_wb.$auto$insbuf.cc:79:execute$25802: $abc$14889$new_n767_ -> $abc$21897$abc$14889$new_n767_
Added ysyx_25030085_wb.$auto$insbuf.cc:79:execute$25803: \alu_result[9] -> $abc$21897$alu_result[9]
Added ysyx_25030085_wb.$auto$insbuf.cc:79:execute$25804: \reg_wdata [9] -> $abc$21897$reg_wdata[9]
Added ysyx_25030085_wb.$auto$insbuf.cc:79:execute$25805: $abc$21897$0\wb_data[31:0][9] -> $0\wb_data[31:0][9]
Added ysyx_25030085_wb.$auto$insbuf.cc:79:execute$25806: \imm[10] -> $abc$21897$imm[10]
Added ysyx_25030085_wb.$auto$insbuf.cc:79:execute$25807: \csr_rdata[10] -> $abc$21897$csr_rdata[10]
Added ysyx_25030085_wb.$auto$insbuf.cc:79:execute$25808: \pc[10] -> $abc$21897$pc[10]
Added ysyx_25030085_wb.$auto$insbuf.cc:79:execute$25809: $abc$14889$new_n777_ -> $abc$21897$abc$14889$new_n777_
Added ysyx_25030085_wb.$auto$insbuf.cc:79:execute$25810: \alu_result[10] -> $abc$21897$alu_result[10]
Added ysyx_25030085_wb.$auto$insbuf.cc:79:execute$25811: \reg_wdata [10] -> $abc$21897$reg_wdata[10]
Added ysyx_25030085_wb.$auto$insbuf.cc:79:execute$25812: $abc$21897$0\wb_data[31:0][10] -> $0\wb_data[31:0][10]
Added ysyx_25030085_wb.$auto$insbuf.cc:79:execute$25813: \imm[11] -> $abc$21897$imm[11]
Added ysyx_25030085_wb.$auto$insbuf.cc:79:execute$25814: \csr_rdata[11] -> $abc$21897$csr_rdata[11]
Added ysyx_25030085_wb.$auto$insbuf.cc:79:execute$25815: \pc[11] -> $abc$21897$pc[11]
Added ysyx_25030085_wb.$auto$insbuf.cc:79:execute$25816: $abc$14889$new_n787_ -> $abc$21897$abc$14889$new_n787_
Added ysyx_25030085_wb.$auto$insbuf.cc:79:execute$25817: \alu_result[11] -> $abc$21897$alu_result[11]
Added ysyx_25030085_wb.$auto$insbuf.cc:79:execute$25818: \reg_wdata [11] -> $abc$21897$reg_wdata[11]
Added ysyx_25030085_wb.$auto$insbuf.cc:79:execute$25819: $abc$21897$0\wb_data[31:0][11] -> $0\wb_data[31:0][11]
Added ysyx_25030085_wb.$auto$insbuf.cc:79:execute$25820: \imm[12] -> $abc$21897$imm[12]
Added ysyx_25030085_wb.$auto$insbuf.cc:79:execute$25821: \csr_rdata[12] -> $abc$21897$csr_rdata[12]
Added ysyx_25030085_wb.$auto$insbuf.cc:79:execute$25822: \pc[12] -> $abc$21897$pc[12]
Added ysyx_25030085_wb.$auto$insbuf.cc:79:execute$25823: $abc$14889$new_n796_ -> $abc$21897$abc$14889$new_n796_
Added ysyx_25030085_wb.$auto$insbuf.cc:79:execute$25824: \alu_result[12] -> $abc$21897$alu_result[12]
Added ysyx_25030085_wb.$auto$insbuf.cc:79:execute$25825: \reg_wdata [12] -> $abc$21897$reg_wdata[12]
Added ysyx_25030085_wb.$auto$insbuf.cc:79:execute$25826: $abc$21897$0\wb_data[31:0][12] -> $0\wb_data[31:0][12]
Added ysyx_25030085_wb.$auto$insbuf.cc:79:execute$25827: \imm[13] -> $abc$21897$imm[13]
Added ysyx_25030085_wb.$auto$insbuf.cc:79:execute$25828: \csr_rdata[13] -> $abc$21897$csr_rdata[13]
Added ysyx_25030085_wb.$auto$insbuf.cc:79:execute$25829: \pc[13] -> $abc$21897$pc[13]
Added ysyx_25030085_wb.$auto$insbuf.cc:79:execute$25830: $abc$14889$new_n807_ -> $abc$21897$abc$14889$new_n807_
Added ysyx_25030085_wb.$auto$insbuf.cc:79:execute$25831: \alu_result[13] -> $abc$21897$alu_result[13]
Added ysyx_25030085_wb.$auto$insbuf.cc:79:execute$25832: \reg_wdata [13] -> $abc$21897$reg_wdata[13]
Added ysyx_25030085_wb.$auto$insbuf.cc:79:execute$25833: $abc$21897$0\wb_data[31:0][13] -> $0\wb_data[31:0][13]
Added ysyx_25030085_wb.$auto$insbuf.cc:79:execute$25834: \imm[14] -> $abc$21897$imm[14]
Added ysyx_25030085_wb.$auto$insbuf.cc:79:execute$25835: \csr_rdata[14] -> $abc$21897$csr_rdata[14]
Added ysyx_25030085_wb.$auto$insbuf.cc:79:execute$25836: \pc[14] -> $abc$21897$pc[14]
Added ysyx_25030085_wb.$auto$insbuf.cc:79:execute$25837: $abc$14889$new_n816_ -> $abc$21897$abc$14889$new_n816_
Added ysyx_25030085_wb.$auto$insbuf.cc:79:execute$25838: \alu_result[14] -> $abc$21897$alu_result[14]
Added ysyx_25030085_wb.$auto$insbuf.cc:79:execute$25839: \reg_wdata [14] -> $abc$21897$reg_wdata[14]
Added ysyx_25030085_wb.$auto$insbuf.cc:79:execute$25840: $abc$21897$0\wb_data[31:0][14] -> $0\wb_data[31:0][14]
Added ysyx_25030085_wb.$auto$insbuf.cc:79:execute$25841: \imm[15] -> $abc$21897$imm[15]
Added ysyx_25030085_wb.$auto$insbuf.cc:79:execute$25842: \csr_rdata[15] -> $abc$21897$csr_rdata[15]
Added ysyx_25030085_wb.$auto$insbuf.cc:79:execute$25843: \pc[15] -> $abc$21897$pc[15]
Added ysyx_25030085_wb.$auto$insbuf.cc:79:execute$25844: $abc$14889$new_n826_ -> $abc$21897$abc$14889$new_n826_
Added ysyx_25030085_wb.$auto$insbuf.cc:79:execute$25845: \alu_result[15] -> $abc$21897$alu_result[15]
Added ysyx_25030085_wb.$auto$insbuf.cc:79:execute$25846: \reg_wdata [15] -> $abc$21897$reg_wdata[15]
Added ysyx_25030085_wb.$auto$insbuf.cc:79:execute$25847: $abc$21897$0\wb_data[31:0][15] -> $0\wb_data[31:0][15]
Added ysyx_25030085_wb.$auto$insbuf.cc:79:execute$25848: \imm[16] -> $abc$21897$imm[16]
Added ysyx_25030085_wb.$auto$insbuf.cc:79:execute$25849: \csr_rdata[16] -> $abc$21897$csr_rdata[16]
Added ysyx_25030085_wb.$auto$insbuf.cc:79:execute$25850: \pc[16] -> $abc$21897$pc[16]
Added ysyx_25030085_wb.$auto$insbuf.cc:79:execute$25851: $abc$14889$new_n835_ -> $abc$21897$abc$14889$new_n835_
Added ysyx_25030085_wb.$auto$insbuf.cc:79:execute$25852: \alu_result[16] -> $abc$21897$alu_result[16]
Added ysyx_25030085_wb.$auto$insbuf.cc:79:execute$25853: \reg_wdata [16] -> $abc$21897$reg_wdata[16]
Added ysyx_25030085_wb.$auto$insbuf.cc:79:execute$25854: $abc$21897$0\wb_data[31:0][16] -> $0\wb_data[31:0][16]
Added ysyx_25030085_wb.$auto$insbuf.cc:79:execute$25855: \imm[17] -> $abc$21897$imm[17]
Added ysyx_25030085_wb.$auto$insbuf.cc:79:execute$25856: \csr_rdata[17] -> $abc$21897$csr_rdata[17]
Added ysyx_25030085_wb.$auto$insbuf.cc:79:execute$25857: \pc[17] -> $abc$21897$pc[17]
Added ysyx_25030085_wb.$auto$insbuf.cc:79:execute$25858: $abc$14889$new_n847_ -> $abc$21897$abc$14889$new_n847_
Added ysyx_25030085_wb.$auto$insbuf.cc:79:execute$25859: \alu_result[17] -> $abc$21897$alu_result[17]
Added ysyx_25030085_wb.$auto$insbuf.cc:79:execute$25860: \reg_wdata [17] -> $abc$21897$reg_wdata[17]
Added ysyx_25030085_wb.$auto$insbuf.cc:79:execute$25861: $abc$21897$0\wb_data[31:0][17] -> $0\wb_data[31:0][17]
Added ysyx_25030085_wb.$auto$insbuf.cc:79:execute$25862: \imm[18] -> $abc$21897$imm[18]
Added ysyx_25030085_wb.$auto$insbuf.cc:79:execute$25863: \csr_rdata[18] -> $abc$21897$csr_rdata[18]
Added ysyx_25030085_wb.$auto$insbuf.cc:79:execute$25864: \pc[18] -> $abc$21897$pc[18]
Added ysyx_25030085_wb.$auto$insbuf.cc:79:execute$25865: $abc$14889$new_n857_ -> $abc$21897$abc$14889$new_n857_
Added ysyx_25030085_wb.$auto$insbuf.cc:79:execute$25866: \alu_result[18] -> $abc$21897$alu_result[18]
Added ysyx_25030085_wb.$auto$insbuf.cc:79:execute$25867: \reg_wdata [18] -> $abc$21897$reg_wdata[18]
Added ysyx_25030085_wb.$auto$insbuf.cc:79:execute$25868: $abc$21897$0\wb_data[31:0][18] -> $0\wb_data[31:0][18]
Added ysyx_25030085_wb.$auto$insbuf.cc:79:execute$25869: \imm[19] -> $abc$21897$imm[19]
Added ysyx_25030085_wb.$auto$insbuf.cc:79:execute$25870: \csr_rdata[19] -> $abc$21897$csr_rdata[19]
Added ysyx_25030085_wb.$auto$insbuf.cc:79:execute$25871: \pc[19] -> $abc$21897$pc[19]
Added ysyx_25030085_wb.$auto$insbuf.cc:79:execute$25872: $abc$14889$new_n867_ -> $abc$21897$abc$14889$new_n867_
Added ysyx_25030085_wb.$auto$insbuf.cc:79:execute$25873: \alu_result[19] -> $abc$21897$alu_result[19]
Added ysyx_25030085_wb.$auto$insbuf.cc:79:execute$25874: \reg_wdata [19] -> $abc$21897$reg_wdata[19]
Added ysyx_25030085_wb.$auto$insbuf.cc:79:execute$25875: $abc$21897$0\wb_data[31:0][19] -> $0\wb_data[31:0][19]
Added ysyx_25030085_wb.$auto$insbuf.cc:79:execute$25876: \imm[20] -> $abc$21897$imm[20]
Added ysyx_25030085_wb.$auto$insbuf.cc:79:execute$25877: \csr_rdata[20] -> $abc$21897$csr_rdata[20]
Added ysyx_25030085_wb.$auto$insbuf.cc:79:execute$25878: \pc[20] -> $abc$21897$pc[20]
Added ysyx_25030085_wb.$auto$insbuf.cc:79:execute$25879: $abc$14889$new_n876_ -> $abc$21897$abc$14889$new_n876_
Added ysyx_25030085_wb.$auto$insbuf.cc:79:execute$25880: \alu_result[20] -> $abc$21897$alu_result[20]
Added ysyx_25030085_wb.$auto$insbuf.cc:79:execute$25881: \reg_wdata [20] -> $abc$21897$reg_wdata[20]
Added ysyx_25030085_wb.$auto$insbuf.cc:79:execute$25882: $abc$21897$0\wb_data[31:0][20] -> $0\wb_data[31:0][20]
Added ysyx_25030085_wb.$auto$insbuf.cc:79:execute$25883: \imm[21] -> $abc$21897$imm[21]
Added ysyx_25030085_wb.$auto$insbuf.cc:79:execute$25884: \csr_rdata[21] -> $abc$21897$csr_rdata[21]
Added ysyx_25030085_wb.$auto$insbuf.cc:79:execute$25885: \pc[21] -> $abc$21897$pc[21]
Added ysyx_25030085_wb.$auto$insbuf.cc:79:execute$25886: $abc$14889$new_n887_ -> $abc$21897$abc$14889$new_n887_
Added ysyx_25030085_wb.$auto$insbuf.cc:79:execute$25887: \alu_result[21] -> $abc$21897$alu_result[21]
Added ysyx_25030085_wb.$auto$insbuf.cc:79:execute$25888: \reg_wdata [21] -> $abc$21897$reg_wdata[21]
Added ysyx_25030085_wb.$auto$insbuf.cc:79:execute$25889: $abc$21897$0\wb_data[31:0][21] -> $0\wb_data[31:0][21]
Added ysyx_25030085_wb.$auto$insbuf.cc:79:execute$25890: \imm[22] -> $abc$21897$imm[22]
Added ysyx_25030085_wb.$auto$insbuf.cc:79:execute$25891: \csr_rdata[22] -> $abc$21897$csr_rdata[22]
Added ysyx_25030085_wb.$auto$insbuf.cc:79:execute$25892: \pc[22] -> $abc$21897$pc[22]
Added ysyx_25030085_wb.$auto$insbuf.cc:79:execute$25893: $abc$14889$new_n896_ -> $abc$21897$abc$14889$new_n896_
Added ysyx_25030085_wb.$auto$insbuf.cc:79:execute$25894: \alu_result[22] -> $abc$21897$alu_result[22]
Added ysyx_25030085_wb.$auto$insbuf.cc:79:execute$25895: \reg_wdata [22] -> $abc$21897$reg_wdata[22]
Added ysyx_25030085_wb.$auto$insbuf.cc:79:execute$25896: $abc$21897$0\wb_data[31:0][22] -> $0\wb_data[31:0][22]
Added ysyx_25030085_wb.$auto$insbuf.cc:79:execute$25897: \imm[23] -> $abc$21897$imm[23]
Added ysyx_25030085_wb.$auto$insbuf.cc:79:execute$25898: \csr_rdata[23] -> $abc$21897$csr_rdata[23]
Added ysyx_25030085_wb.$auto$insbuf.cc:79:execute$25899: \pc[23] -> $abc$21897$pc[23]
Added ysyx_25030085_wb.$auto$insbuf.cc:79:execute$25900: $abc$14889$new_n906_ -> $abc$21897$abc$14889$new_n906_
Added ysyx_25030085_wb.$auto$insbuf.cc:79:execute$25901: \alu_result[23] -> $abc$21897$alu_result[23]
Added ysyx_25030085_wb.$auto$insbuf.cc:79:execute$25902: \reg_wdata [23] -> $abc$21897$reg_wdata[23]
Added ysyx_25030085_wb.$auto$insbuf.cc:79:execute$25903: $abc$21897$0\wb_data[31:0][23] -> $0\wb_data[31:0][23]
Added ysyx_25030085_wb.$auto$insbuf.cc:79:execute$25904: \imm[24] -> $abc$21897$imm[24]
Added ysyx_25030085_wb.$auto$insbuf.cc:79:execute$25905: \csr_rdata[24] -> $abc$21897$csr_rdata[24]
Added ysyx_25030085_wb.$auto$insbuf.cc:79:execute$25906: \pc[24] -> $abc$21897$pc[24]
Added ysyx_25030085_wb.$auto$insbuf.cc:79:execute$25907: $abc$14889$new_n915_ -> $abc$21897$abc$14889$new_n915_
Added ysyx_25030085_wb.$auto$insbuf.cc:79:execute$25908: \alu_result[24] -> $abc$21897$alu_result[24]
Added ysyx_25030085_wb.$auto$insbuf.cc:79:execute$25909: \reg_wdata [24] -> $abc$21897$reg_wdata[24]
Added ysyx_25030085_wb.$auto$insbuf.cc:79:execute$25910: $abc$21897$0\wb_data[31:0][24] -> $0\wb_data[31:0][24]
Added ysyx_25030085_wb.$auto$insbuf.cc:79:execute$25911: \imm[25] -> $abc$21897$imm[25]
Added ysyx_25030085_wb.$auto$insbuf.cc:79:execute$25912: \csr_rdata[25] -> $abc$21897$csr_rdata[25]
Added ysyx_25030085_wb.$auto$insbuf.cc:79:execute$25913: \pc[25] -> $abc$21897$pc[25]
Added ysyx_25030085_wb.$auto$insbuf.cc:79:execute$25914: $abc$14889$new_n927_ -> $abc$21897$abc$14889$new_n927_
Added ysyx_25030085_wb.$auto$insbuf.cc:79:execute$25915: \alu_result[25] -> $abc$21897$alu_result[25]
Added ysyx_25030085_wb.$auto$insbuf.cc:79:execute$25916: \reg_wdata [25] -> $abc$21897$reg_wdata[25]
Added ysyx_25030085_wb.$auto$insbuf.cc:79:execute$25917: $abc$21897$0\wb_data[31:0][25] -> $0\wb_data[31:0][25]
Added ysyx_25030085_wb.$auto$insbuf.cc:79:execute$25918: \imm[26] -> $abc$21897$imm[26]
Added ysyx_25030085_wb.$auto$insbuf.cc:79:execute$25919: \csr_rdata[26] -> $abc$21897$csr_rdata[26]
Added ysyx_25030085_wb.$auto$insbuf.cc:79:execute$25920: \pc[26] -> $abc$21897$pc[26]
Added ysyx_25030085_wb.$auto$insbuf.cc:79:execute$25921: $abc$14889$new_n937_ -> $abc$21897$abc$14889$new_n937_
Added ysyx_25030085_wb.$auto$insbuf.cc:79:execute$25922: \alu_result[26] -> $abc$21897$alu_result[26]
Added ysyx_25030085_wb.$auto$insbuf.cc:79:execute$25923: \reg_wdata [26] -> $abc$21897$reg_wdata[26]
Added ysyx_25030085_wb.$auto$insbuf.cc:79:execute$25924: $abc$21897$0\wb_data[31:0][26] -> $0\wb_data[31:0][26]
Added ysyx_25030085_wb.$auto$insbuf.cc:79:execute$25925: \imm[27] -> $abc$21897$imm[27]
Added ysyx_25030085_wb.$auto$insbuf.cc:79:execute$25926: \csr_rdata[27] -> $abc$21897$csr_rdata[27]
Added ysyx_25030085_wb.$auto$insbuf.cc:79:execute$25927: \pc[27] -> $abc$21897$pc[27]
Added ysyx_25030085_wb.$auto$insbuf.cc:79:execute$25928: $abc$14889$new_n947_ -> $abc$21897$abc$14889$new_n947_
Added ysyx_25030085_wb.$auto$insbuf.cc:79:execute$25929: \alu_result[27] -> $abc$21897$alu_result[27]
Added ysyx_25030085_wb.$auto$insbuf.cc:79:execute$25930: \reg_wdata [27] -> $abc$21897$reg_wdata[27]
Added ysyx_25030085_wb.$auto$insbuf.cc:79:execute$25931: $abc$21897$0\wb_data[31:0][27] -> $0\wb_data[31:0][27]
Added ysyx_25030085_wb.$auto$insbuf.cc:79:execute$25932: \imm[28] -> $abc$21897$imm[28]
Added ysyx_25030085_wb.$auto$insbuf.cc:79:execute$25933: \csr_rdata[28] -> $abc$21897$csr_rdata[28]
Added ysyx_25030085_wb.$auto$insbuf.cc:79:execute$25934: \pc[28] -> $abc$21897$pc[28]
Added ysyx_25030085_wb.$auto$insbuf.cc:79:execute$25935: $abc$14889$new_n956_ -> $abc$21897$abc$14889$new_n956_
Added ysyx_25030085_wb.$auto$insbuf.cc:79:execute$25936: \alu_result[28] -> $abc$21897$alu_result[28]
Added ysyx_25030085_wb.$auto$insbuf.cc:79:execute$25937: \reg_wdata [28] -> $abc$21897$reg_wdata[28]
Added ysyx_25030085_wb.$auto$insbuf.cc:79:execute$25938: $abc$21897$0\wb_data[31:0][28] -> $0\wb_data[31:0][28]
Added ysyx_25030085_wb.$auto$insbuf.cc:79:execute$25939: \imm[29] -> $abc$21897$imm[29]
Added ysyx_25030085_wb.$auto$insbuf.cc:79:execute$25940: \csr_rdata[29] -> $abc$21897$csr_rdata[29]
Added ysyx_25030085_wb.$auto$insbuf.cc:79:execute$25941: \pc[29] -> $abc$21897$pc[29]
Added ysyx_25030085_wb.$auto$insbuf.cc:79:execute$25942: $abc$14889$new_n967_ -> $abc$21897$abc$14889$new_n967_
Added ysyx_25030085_wb.$auto$insbuf.cc:79:execute$25943: \alu_result[29] -> $abc$21897$alu_result[29]
Added ysyx_25030085_wb.$auto$insbuf.cc:79:execute$25944: \reg_wdata [29] -> $abc$21897$reg_wdata[29]
Added ysyx_25030085_wb.$auto$insbuf.cc:79:execute$25945: $abc$21897$0\wb_data[31:0][29] -> $0\wb_data[31:0][29]
Added ysyx_25030085_wb.$auto$insbuf.cc:79:execute$25946: \imm[30] -> $abc$21897$imm[30]
Added ysyx_25030085_wb.$auto$insbuf.cc:79:execute$25947: \csr_rdata[30] -> $abc$21897$csr_rdata[30]
Added ysyx_25030085_wb.$auto$insbuf.cc:79:execute$25948: \pc[30] -> $abc$21897$pc[30]
Added ysyx_25030085_wb.$auto$insbuf.cc:79:execute$25949: $abc$14889$new_n976_ -> $abc$21897$abc$14889$new_n976_
Added ysyx_25030085_wb.$auto$insbuf.cc:79:execute$25950: \alu_result[30] -> $abc$21897$alu_result[30]
Added ysyx_25030085_wb.$auto$insbuf.cc:79:execute$25951: \reg_wdata [30] -> $abc$21897$reg_wdata[30]
Added ysyx_25030085_wb.$auto$insbuf.cc:79:execute$25952: $abc$21897$0\wb_data[31:0][30] -> $0\wb_data[31:0][30]
Added ysyx_25030085_wb.$auto$insbuf.cc:79:execute$25953: \imm[31] -> $abc$21897$imm[31]
Added ysyx_25030085_wb.$auto$insbuf.cc:79:execute$25954: \csr_rdata[31] -> $abc$21897$csr_rdata[31]
Added ysyx_25030085_wb.$auto$insbuf.cc:79:execute$25955: \pc[31] -> $abc$21897$pc[31]
Added ysyx_25030085_wb.$auto$insbuf.cc:79:execute$25956: $abc$14889$new_n986_ -> $abc$21897$abc$14889$new_n986_
Added ysyx_25030085_wb.$auto$insbuf.cc:79:execute$25957: \alu_result[31] -> $abc$21897$alu_result[31]
Added ysyx_25030085_wb.$auto$insbuf.cc:79:execute$25958: \reg_wdata [31] -> $abc$21897$reg_wdata[31]
Added ysyx_25030085_wb.$auto$insbuf.cc:79:execute$25959: $abc$21897$0\wb_data[31:0][31] -> $0\wb_data[31:0][31]
Added ysyx_25030085_wb.$auto$insbuf.cc:79:execute$25960: \in_alu_result [0] -> $abc$21897$in_alu_result[0]
Added ysyx_25030085_wb.$auto$insbuf.cc:79:execute$25961: $abc$21897$0\alu_result[31:0][0] -> $0\alu_result[31:0][0]
Added ysyx_25030085_wb.$auto$insbuf.cc:79:execute$25962: \in_alu_result [1] -> $abc$21897$in_alu_result[1]
Added ysyx_25030085_wb.$auto$insbuf.cc:79:execute$25963: $abc$21897$0\alu_result[31:0][1] -> $0\alu_result[31:0][1]
Added ysyx_25030085_wb.$auto$insbuf.cc:79:execute$25964: \in_alu_result [2] -> $abc$21897$in_alu_result[2]
Added ysyx_25030085_wb.$auto$insbuf.cc:79:execute$25965: $abc$21897$0\alu_result[31:0][2] -> $0\alu_result[31:0][2]
Added ysyx_25030085_wb.$auto$insbuf.cc:79:execute$25966: \in_alu_result [3] -> $abc$21897$in_alu_result[3]
Added ysyx_25030085_wb.$auto$insbuf.cc:79:execute$25967: $abc$21897$0\alu_result[31:0][3] -> $0\alu_result[31:0][3]
Added ysyx_25030085_wb.$auto$insbuf.cc:79:execute$25968: \in_alu_result [4] -> $abc$21897$in_alu_result[4]
Added ysyx_25030085_wb.$auto$insbuf.cc:79:execute$25969: $abc$21897$0\alu_result[31:0][4] -> $0\alu_result[31:0][4]
Added ysyx_25030085_wb.$auto$insbuf.cc:79:execute$25970: \in_alu_result [5] -> $abc$21897$in_alu_result[5]
Added ysyx_25030085_wb.$auto$insbuf.cc:79:execute$25971: $abc$21897$0\alu_result[31:0][5] -> $0\alu_result[31:0][5]
Added ysyx_25030085_wb.$auto$insbuf.cc:79:execute$25972: \in_alu_result [6] -> $abc$21897$in_alu_result[6]
Added ysyx_25030085_wb.$auto$insbuf.cc:79:execute$25973: $abc$21897$0\alu_result[31:0][6] -> $0\alu_result[31:0][6]
Added ysyx_25030085_wb.$auto$insbuf.cc:79:execute$25974: \in_alu_result [7] -> $abc$21897$in_alu_result[7]
Added ysyx_25030085_wb.$auto$insbuf.cc:79:execute$25975: $abc$21897$0\alu_result[31:0][7] -> $0\alu_result[31:0][7]
Added ysyx_25030085_wb.$auto$insbuf.cc:79:execute$25976: \in_alu_result [8] -> $abc$21897$in_alu_result[8]
Added ysyx_25030085_wb.$auto$insbuf.cc:79:execute$25977: $abc$21897$0\alu_result[31:0][8] -> $0\alu_result[31:0][8]
Added ysyx_25030085_wb.$auto$insbuf.cc:79:execute$25978: \in_alu_result [9] -> $abc$21897$in_alu_result[9]
Added ysyx_25030085_wb.$auto$insbuf.cc:79:execute$25979: $abc$21897$0\alu_result[31:0][9] -> $0\alu_result[31:0][9]
Added ysyx_25030085_wb.$auto$insbuf.cc:79:execute$25980: \in_alu_result [10] -> $abc$21897$in_alu_result[10]
Added ysyx_25030085_wb.$auto$insbuf.cc:79:execute$25981: $abc$21897$0\alu_result[31:0][10] -> $0\alu_result[31:0][10]
Added ysyx_25030085_wb.$auto$insbuf.cc:79:execute$25982: \in_alu_result [11] -> $abc$21897$in_alu_result[11]
Added ysyx_25030085_wb.$auto$insbuf.cc:79:execute$25983: $abc$21897$0\alu_result[31:0][11] -> $0\alu_result[31:0][11]
Added ysyx_25030085_wb.$auto$insbuf.cc:79:execute$25984: \in_alu_result [12] -> $abc$21897$in_alu_result[12]
Added ysyx_25030085_wb.$auto$insbuf.cc:79:execute$25985: $abc$21897$0\alu_result[31:0][12] -> $0\alu_result[31:0][12]
Added ysyx_25030085_wb.$auto$insbuf.cc:79:execute$25986: \in_alu_result [13] -> $abc$21897$in_alu_result[13]
Added ysyx_25030085_wb.$auto$insbuf.cc:79:execute$25987: $abc$21897$0\alu_result[31:0][13] -> $0\alu_result[31:0][13]
Added ysyx_25030085_wb.$auto$insbuf.cc:79:execute$25988: \in_alu_result [14] -> $abc$21897$in_alu_result[14]
Added ysyx_25030085_wb.$auto$insbuf.cc:79:execute$25989: $abc$21897$0\alu_result[31:0][14] -> $0\alu_result[31:0][14]
Added ysyx_25030085_wb.$auto$insbuf.cc:79:execute$25990: \in_alu_result [15] -> $abc$21897$in_alu_result[15]
Added ysyx_25030085_wb.$auto$insbuf.cc:79:execute$25991: $abc$21897$0\alu_result[31:0][15] -> $0\alu_result[31:0][15]
Added ysyx_25030085_wb.$auto$insbuf.cc:79:execute$25992: \in_alu_result [16] -> $abc$21897$in_alu_result[16]
Added ysyx_25030085_wb.$auto$insbuf.cc:79:execute$25993: $abc$21897$0\alu_result[31:0][16] -> $0\alu_result[31:0][16]
Added ysyx_25030085_wb.$auto$insbuf.cc:79:execute$25994: \in_alu_result [17] -> $abc$21897$in_alu_result[17]
Added ysyx_25030085_wb.$auto$insbuf.cc:79:execute$25995: $abc$21897$0\alu_result[31:0][17] -> $0\alu_result[31:0][17]
Added ysyx_25030085_wb.$auto$insbuf.cc:79:execute$25996: \in_alu_result [18] -> $abc$21897$in_alu_result[18]
Added ysyx_25030085_wb.$auto$insbuf.cc:79:execute$25997: $abc$21897$0\alu_result[31:0][18] -> $0\alu_result[31:0][18]
Added ysyx_25030085_wb.$auto$insbuf.cc:79:execute$25998: \in_alu_result [19] -> $abc$21897$in_alu_result[19]
Added ysyx_25030085_wb.$auto$insbuf.cc:79:execute$25999: $abc$21897$0\alu_result[31:0][19] -> $0\alu_result[31:0][19]
Added ysyx_25030085_wb.$auto$insbuf.cc:79:execute$26000: \in_alu_result [20] -> $abc$21897$in_alu_result[20]
Added ysyx_25030085_wb.$auto$insbuf.cc:79:execute$26001: $abc$21897$0\alu_result[31:0][20] -> $0\alu_result[31:0][20]
Added ysyx_25030085_wb.$auto$insbuf.cc:79:execute$26002: \in_alu_result [21] -> $abc$21897$in_alu_result[21]
Added ysyx_25030085_wb.$auto$insbuf.cc:79:execute$26003: $abc$21897$0\alu_result[31:0][21] -> $0\alu_result[31:0][21]
Added ysyx_25030085_wb.$auto$insbuf.cc:79:execute$26004: \in_alu_result [22] -> $abc$21897$in_alu_result[22]
Added ysyx_25030085_wb.$auto$insbuf.cc:79:execute$26005: $abc$21897$0\alu_result[31:0][22] -> $0\alu_result[31:0][22]
Added ysyx_25030085_wb.$auto$insbuf.cc:79:execute$26006: \in_alu_result [23] -> $abc$21897$in_alu_result[23]
Added ysyx_25030085_wb.$auto$insbuf.cc:79:execute$26007: $abc$21897$0\alu_result[31:0][23] -> $0\alu_result[31:0][23]
Added ysyx_25030085_wb.$auto$insbuf.cc:79:execute$26008: \in_alu_result [24] -> $abc$21897$in_alu_result[24]
Added ysyx_25030085_wb.$auto$insbuf.cc:79:execute$26009: $abc$21897$0\alu_result[31:0][24] -> $0\alu_result[31:0][24]
Added ysyx_25030085_wb.$auto$insbuf.cc:79:execute$26010: \in_alu_result [25] -> $abc$21897$in_alu_result[25]
Added ysyx_25030085_wb.$auto$insbuf.cc:79:execute$26011: $abc$21897$0\alu_result[31:0][25] -> $0\alu_result[31:0][25]
Added ysyx_25030085_wb.$auto$insbuf.cc:79:execute$26012: \in_alu_result [26] -> $abc$21897$in_alu_result[26]
Added ysyx_25030085_wb.$auto$insbuf.cc:79:execute$26013: $abc$21897$0\alu_result[31:0][26] -> $0\alu_result[31:0][26]
Added ysyx_25030085_wb.$auto$insbuf.cc:79:execute$26014: \in_alu_result [27] -> $abc$21897$in_alu_result[27]
Added ysyx_25030085_wb.$auto$insbuf.cc:79:execute$26015: $abc$21897$0\alu_result[31:0][27] -> $0\alu_result[31:0][27]
Added ysyx_25030085_wb.$auto$insbuf.cc:79:execute$26016: \in_alu_result [28] -> $abc$21897$in_alu_result[28]
Added ysyx_25030085_wb.$auto$insbuf.cc:79:execute$26017: $abc$21897$0\alu_result[31:0][28] -> $0\alu_result[31:0][28]
Added ysyx_25030085_wb.$auto$insbuf.cc:79:execute$26018: \in_alu_result [29] -> $abc$21897$in_alu_result[29]
Added ysyx_25030085_wb.$auto$insbuf.cc:79:execute$26019: $abc$21897$0\alu_result[31:0][29] -> $0\alu_result[31:0][29]
Added ysyx_25030085_wb.$auto$insbuf.cc:79:execute$26020: \in_alu_result [30] -> $abc$21897$in_alu_result[30]
Added ysyx_25030085_wb.$auto$insbuf.cc:79:execute$26021: $abc$21897$0\alu_result[31:0][30] -> $0\alu_result[31:0][30]
Added ysyx_25030085_wb.$auto$insbuf.cc:79:execute$26022: \in_alu_result [31] -> $abc$21897$in_alu_result[31]
Added ysyx_25030085_wb.$auto$insbuf.cc:79:execute$26023: $abc$21897$0\alu_result[31:0][31] -> $0\alu_result[31:0][31]
Added ysyx_25030085_wb.$auto$insbuf.cc:79:execute$26024: \in_mem_rdata [0] -> $abc$21897$in_mem_rdata[0]
Added ysyx_25030085_wb.$auto$insbuf.cc:79:execute$26025: \mem_rdata[0] -> $abc$21897$mem_rdata[0]
Added ysyx_25030085_wb.$auto$insbuf.cc:79:execute$26026: $abc$21897$0\mem_rdata[31:0][0] -> $0\mem_rdata[31:0][0]
Added ysyx_25030085_wb.$auto$insbuf.cc:79:execute$26027: \in_mem_rdata [1] -> $abc$21897$in_mem_rdata[1]
Added ysyx_25030085_wb.$auto$insbuf.cc:79:execute$26028: \mem_rdata[1] -> $abc$21897$mem_rdata[1]
Added ysyx_25030085_wb.$auto$insbuf.cc:79:execute$26029: $abc$21897$0\mem_rdata[31:0][1] -> $0\mem_rdata[31:0][1]
Added ysyx_25030085_wb.$auto$insbuf.cc:79:execute$26030: \in_mem_rdata [2] -> $abc$21897$in_mem_rdata[2]
Added ysyx_25030085_wb.$auto$insbuf.cc:79:execute$26031: \mem_rdata[2] -> $abc$21897$mem_rdata[2]
Added ysyx_25030085_wb.$auto$insbuf.cc:79:execute$26032: $abc$21897$0\mem_rdata[31:0][2] -> $0\mem_rdata[31:0][2]
Added ysyx_25030085_wb.$auto$insbuf.cc:79:execute$26033: \in_mem_rdata [3] -> $abc$21897$in_mem_rdata[3]
Added ysyx_25030085_wb.$auto$insbuf.cc:79:execute$26034: \mem_rdata[3] -> $abc$21897$mem_rdata[3]
Added ysyx_25030085_wb.$auto$insbuf.cc:79:execute$26035: $abc$21897$0\mem_rdata[31:0][3] -> $0\mem_rdata[31:0][3]
Added ysyx_25030085_wb.$auto$insbuf.cc:79:execute$26036: \in_mem_rdata [4] -> $abc$21897$in_mem_rdata[4]
Added ysyx_25030085_wb.$auto$insbuf.cc:79:execute$26037: \mem_rdata[4] -> $abc$21897$mem_rdata[4]
Added ysyx_25030085_wb.$auto$insbuf.cc:79:execute$26038: $abc$21897$0\mem_rdata[31:0][4] -> $0\mem_rdata[31:0][4]
Added ysyx_25030085_wb.$auto$insbuf.cc:79:execute$26039: \in_mem_rdata [5] -> $abc$21897$in_mem_rdata[5]
Added ysyx_25030085_wb.$auto$insbuf.cc:79:execute$26040: \mem_rdata[5] -> $abc$21897$mem_rdata[5]
Added ysyx_25030085_wb.$auto$insbuf.cc:79:execute$26041: $abc$21897$0\mem_rdata[31:0][5] -> $0\mem_rdata[31:0][5]
Added ysyx_25030085_wb.$auto$insbuf.cc:79:execute$26042: \in_mem_rdata [6] -> $abc$21897$in_mem_rdata[6]
Added ysyx_25030085_wb.$auto$insbuf.cc:79:execute$26043: \mem_rdata[6] -> $abc$21897$mem_rdata[6]
Added ysyx_25030085_wb.$auto$insbuf.cc:79:execute$26044: $abc$21897$0\mem_rdata[31:0][6] -> $0\mem_rdata[31:0][6]
Added ysyx_25030085_wb.$auto$insbuf.cc:79:execute$26045: \in_mem_rdata [7] -> $abc$21897$in_mem_rdata[7]
Added ysyx_25030085_wb.$auto$insbuf.cc:79:execute$26046: \mem_rdata[7] -> $abc$21897$mem_rdata[7]
Added ysyx_25030085_wb.$auto$insbuf.cc:79:execute$26047: $abc$21897$0\mem_rdata[31:0][7] -> $0\mem_rdata[31:0][7]
Added ysyx_25030085_wb.$auto$insbuf.cc:79:execute$26048: \in_mem_rdata [8] -> $abc$21897$in_mem_rdata[8]
Added ysyx_25030085_wb.$auto$insbuf.cc:79:execute$26049: \mem_rdata[8] -> $abc$21897$mem_rdata[8]
Added ysyx_25030085_wb.$auto$insbuf.cc:79:execute$26050: $abc$21897$0\mem_rdata[31:0][8] -> $0\mem_rdata[31:0][8]
Added ysyx_25030085_wb.$auto$insbuf.cc:79:execute$26051: \in_mem_rdata [9] -> $abc$21897$in_mem_rdata[9]
Added ysyx_25030085_wb.$auto$insbuf.cc:79:execute$26052: \mem_rdata[9] -> $abc$21897$mem_rdata[9]
Added ysyx_25030085_wb.$auto$insbuf.cc:79:execute$26053: $abc$21897$0\mem_rdata[31:0][9] -> $0\mem_rdata[31:0][9]
Added ysyx_25030085_wb.$auto$insbuf.cc:79:execute$26054: \in_mem_rdata [10] -> $abc$21897$in_mem_rdata[10]
Added ysyx_25030085_wb.$auto$insbuf.cc:79:execute$26055: \mem_rdata[10] -> $abc$21897$mem_rdata[10]
Added ysyx_25030085_wb.$auto$insbuf.cc:79:execute$26056: $abc$21897$0\mem_rdata[31:0][10] -> $0\mem_rdata[31:0][10]
Added ysyx_25030085_wb.$auto$insbuf.cc:79:execute$26057: \in_mem_rdata [11] -> $abc$21897$in_mem_rdata[11]
Added ysyx_25030085_wb.$auto$insbuf.cc:79:execute$26058: \mem_rdata[11] -> $abc$21897$mem_rdata[11]
Added ysyx_25030085_wb.$auto$insbuf.cc:79:execute$26059: $abc$21897$0\mem_rdata[31:0][11] -> $0\mem_rdata[31:0][11]
Added ysyx_25030085_wb.$auto$insbuf.cc:79:execute$26060: \in_mem_rdata [12] -> $abc$21897$in_mem_rdata[12]
Added ysyx_25030085_wb.$auto$insbuf.cc:79:execute$26061: \mem_rdata[12] -> $abc$21897$mem_rdata[12]
Added ysyx_25030085_wb.$auto$insbuf.cc:79:execute$26062: $abc$21897$0\mem_rdata[31:0][12] -> $0\mem_rdata[31:0][12]
Added ysyx_25030085_wb.$auto$insbuf.cc:79:execute$26063: \in_mem_rdata [13] -> $abc$21897$in_mem_rdata[13]
Added ysyx_25030085_wb.$auto$insbuf.cc:79:execute$26064: \mem_rdata[13] -> $abc$21897$mem_rdata[13]
Added ysyx_25030085_wb.$auto$insbuf.cc:79:execute$26065: $abc$21897$0\mem_rdata[31:0][13] -> $0\mem_rdata[31:0][13]
Added ysyx_25030085_wb.$auto$insbuf.cc:79:execute$26066: \in_mem_rdata [14] -> $abc$21897$in_mem_rdata[14]
Added ysyx_25030085_wb.$auto$insbuf.cc:79:execute$26067: \mem_rdata[14] -> $abc$21897$mem_rdata[14]
Added ysyx_25030085_wb.$auto$insbuf.cc:79:execute$26068: $abc$21897$0\mem_rdata[31:0][14] -> $0\mem_rdata[31:0][14]
Added ysyx_25030085_wb.$auto$insbuf.cc:79:execute$26069: \in_mem_rdata [15] -> $abc$21897$in_mem_rdata[15]
Added ysyx_25030085_wb.$auto$insbuf.cc:79:execute$26070: \mem_rdata[15] -> $abc$21897$mem_rdata[15]
Added ysyx_25030085_wb.$auto$insbuf.cc:79:execute$26071: $abc$21897$0\mem_rdata[31:0][15] -> $0\mem_rdata[31:0][15]
Added ysyx_25030085_wb.$auto$insbuf.cc:79:execute$26072: \in_mem_rdata [16] -> $abc$21897$in_mem_rdata[16]
Added ysyx_25030085_wb.$auto$insbuf.cc:79:execute$26073: \mem_rdata[16] -> $abc$21897$mem_rdata[16]
Added ysyx_25030085_wb.$auto$insbuf.cc:79:execute$26074: $abc$21897$0\mem_rdata[31:0][16] -> $0\mem_rdata[31:0][16]
Added ysyx_25030085_wb.$auto$insbuf.cc:79:execute$26075: \in_mem_rdata [17] -> $abc$21897$in_mem_rdata[17]
Added ysyx_25030085_wb.$auto$insbuf.cc:79:execute$26076: \mem_rdata[17] -> $abc$21897$mem_rdata[17]
Added ysyx_25030085_wb.$auto$insbuf.cc:79:execute$26077: $abc$21897$0\mem_rdata[31:0][17] -> $0\mem_rdata[31:0][17]
Added ysyx_25030085_wb.$auto$insbuf.cc:79:execute$26078: \in_mem_rdata [18] -> $abc$21897$in_mem_rdata[18]
Added ysyx_25030085_wb.$auto$insbuf.cc:79:execute$26079: \mem_rdata[18] -> $abc$21897$mem_rdata[18]
Added ysyx_25030085_wb.$auto$insbuf.cc:79:execute$26080: $abc$21897$0\mem_rdata[31:0][18] -> $0\mem_rdata[31:0][18]
Added ysyx_25030085_wb.$auto$insbuf.cc:79:execute$26081: \in_mem_rdata [19] -> $abc$21897$in_mem_rdata[19]
Added ysyx_25030085_wb.$auto$insbuf.cc:79:execute$26082: \mem_rdata[19] -> $abc$21897$mem_rdata[19]
Added ysyx_25030085_wb.$auto$insbuf.cc:79:execute$26083: $abc$21897$0\mem_rdata[31:0][19] -> $0\mem_rdata[31:0][19]
Added ysyx_25030085_wb.$auto$insbuf.cc:79:execute$26084: \in_mem_rdata [20] -> $abc$21897$in_mem_rdata[20]
Added ysyx_25030085_wb.$auto$insbuf.cc:79:execute$26085: \mem_rdata[20] -> $abc$21897$mem_rdata[20]
Added ysyx_25030085_wb.$auto$insbuf.cc:79:execute$26086: $abc$21897$0\mem_rdata[31:0][20] -> $0\mem_rdata[31:0][20]
Added ysyx_25030085_wb.$auto$insbuf.cc:79:execute$26087: \in_mem_rdata [21] -> $abc$21897$in_mem_rdata[21]
Added ysyx_25030085_wb.$auto$insbuf.cc:79:execute$26088: \mem_rdata[21] -> $abc$21897$mem_rdata[21]
Added ysyx_25030085_wb.$auto$insbuf.cc:79:execute$26089: $abc$21897$0\mem_rdata[31:0][21] -> $0\mem_rdata[31:0][21]
Added ysyx_25030085_wb.$auto$insbuf.cc:79:execute$26090: \in_mem_rdata [22] -> $abc$21897$in_mem_rdata[22]
Added ysyx_25030085_wb.$auto$insbuf.cc:79:execute$26091: \mem_rdata[22] -> $abc$21897$mem_rdata[22]
Added ysyx_25030085_wb.$auto$insbuf.cc:79:execute$26092: $abc$21897$0\mem_rdata[31:0][22] -> $0\mem_rdata[31:0][22]
Added ysyx_25030085_wb.$auto$insbuf.cc:79:execute$26093: \in_mem_rdata [23] -> $abc$21897$in_mem_rdata[23]
Added ysyx_25030085_wb.$auto$insbuf.cc:79:execute$26094: \mem_rdata[23] -> $abc$21897$mem_rdata[23]
Added ysyx_25030085_wb.$auto$insbuf.cc:79:execute$26095: $abc$21897$0\mem_rdata[31:0][23] -> $0\mem_rdata[31:0][23]
Added ysyx_25030085_wb.$auto$insbuf.cc:79:execute$26096: \in_mem_rdata [24] -> $abc$21897$in_mem_rdata[24]
Added ysyx_25030085_wb.$auto$insbuf.cc:79:execute$26097: \mem_rdata[24] -> $abc$21897$mem_rdata[24]
Added ysyx_25030085_wb.$auto$insbuf.cc:79:execute$26098: $abc$21897$0\mem_rdata[31:0][24] -> $0\mem_rdata[31:0][24]
Added ysyx_25030085_wb.$auto$insbuf.cc:79:execute$26099: \in_mem_rdata [25] -> $abc$21897$in_mem_rdata[25]
Added ysyx_25030085_wb.$auto$insbuf.cc:79:execute$26100: \mem_rdata[25] -> $abc$21897$mem_rdata[25]
Added ysyx_25030085_wb.$auto$insbuf.cc:79:execute$26101: $abc$21897$0\mem_rdata[31:0][25] -> $0\mem_rdata[31:0][25]
Added ysyx_25030085_wb.$auto$insbuf.cc:79:execute$26102: \in_mem_rdata [26] -> $abc$21897$in_mem_rdata[26]
Added ysyx_25030085_wb.$auto$insbuf.cc:79:execute$26103: \mem_rdata[26] -> $abc$21897$mem_rdata[26]
Added ysyx_25030085_wb.$auto$insbuf.cc:79:execute$26104: $abc$21897$0\mem_rdata[31:0][26] -> $0\mem_rdata[31:0][26]
Added ysyx_25030085_wb.$auto$insbuf.cc:79:execute$26105: \in_mem_rdata [27] -> $abc$21897$in_mem_rdata[27]
Added ysyx_25030085_wb.$auto$insbuf.cc:79:execute$26106: \mem_rdata[27] -> $abc$21897$mem_rdata[27]
Added ysyx_25030085_wb.$auto$insbuf.cc:79:execute$26107: $abc$21897$0\mem_rdata[31:0][27] -> $0\mem_rdata[31:0][27]
Added ysyx_25030085_wb.$auto$insbuf.cc:79:execute$26108: \in_mem_rdata [28] -> $abc$21897$in_mem_rdata[28]
Added ysyx_25030085_wb.$auto$insbuf.cc:79:execute$26109: \mem_rdata[28] -> $abc$21897$mem_rdata[28]
Added ysyx_25030085_wb.$auto$insbuf.cc:79:execute$26110: $abc$21897$0\mem_rdata[31:0][28] -> $0\mem_rdata[31:0][28]
Added ysyx_25030085_wb.$auto$insbuf.cc:79:execute$26111: \in_mem_rdata [29] -> $abc$21897$in_mem_rdata[29]
Added ysyx_25030085_wb.$auto$insbuf.cc:79:execute$26112: \mem_rdata[29] -> $abc$21897$mem_rdata[29]
Added ysyx_25030085_wb.$auto$insbuf.cc:79:execute$26113: $abc$21897$0\mem_rdata[31:0][29] -> $0\mem_rdata[31:0][29]
Added ysyx_25030085_wb.$auto$insbuf.cc:79:execute$26114: \in_mem_rdata [30] -> $abc$21897$in_mem_rdata[30]
Added ysyx_25030085_wb.$auto$insbuf.cc:79:execute$26115: \mem_rdata[30] -> $abc$21897$mem_rdata[30]
Added ysyx_25030085_wb.$auto$insbuf.cc:79:execute$26116: $abc$21897$0\mem_rdata[31:0][30] -> $0\mem_rdata[31:0][30]
Added ysyx_25030085_wb.$auto$insbuf.cc:79:execute$26117: \in_mem_rdata [31] -> $abc$21897$in_mem_rdata[31]
Added ysyx_25030085_wb.$auto$insbuf.cc:79:execute$26118: \mem_rdata[31] -> $abc$21897$mem_rdata[31]
Added ysyx_25030085_wb.$auto$insbuf.cc:79:execute$26119: $abc$21897$0\mem_rdata[31:0][31] -> $0\mem_rdata[31:0][31]
Added ysyx_25030085_wb.$auto$insbuf.cc:79:execute$26120: \in_csr_rdata [0] -> $abc$21897$in_csr_rdata[0]
Added ysyx_25030085_wb.$auto$insbuf.cc:79:execute$26121: $abc$21897$0\csr_rdata[31:0][0] -> $0\csr_rdata[31:0][0]
Added ysyx_25030085_wb.$auto$insbuf.cc:79:execute$26122: \in_csr_rdata [1] -> $abc$21897$in_csr_rdata[1]
Added ysyx_25030085_wb.$auto$insbuf.cc:79:execute$26123: $abc$21897$0\csr_rdata[31:0][1] -> $0\csr_rdata[31:0][1]
Added ysyx_25030085_wb.$auto$insbuf.cc:79:execute$26124: \in_csr_rdata [2] -> $abc$21897$in_csr_rdata[2]
Added ysyx_25030085_wb.$auto$insbuf.cc:79:execute$26125: $abc$21897$0\csr_rdata[31:0][2] -> $0\csr_rdata[31:0][2]
Added ysyx_25030085_wb.$auto$insbuf.cc:79:execute$26126: \in_csr_rdata [3] -> $abc$21897$in_csr_rdata[3]
Added ysyx_25030085_wb.$auto$insbuf.cc:79:execute$26127: $abc$21897$0\csr_rdata[31:0][3] -> $0\csr_rdata[31:0][3]
Added ysyx_25030085_wb.$auto$insbuf.cc:79:execute$26128: \in_csr_rdata [4] -> $abc$21897$in_csr_rdata[4]
Added ysyx_25030085_wb.$auto$insbuf.cc:79:execute$26129: $abc$21897$0\csr_rdata[31:0][4] -> $0\csr_rdata[31:0][4]
Added ysyx_25030085_wb.$auto$insbuf.cc:79:execute$26130: \in_csr_rdata [5] -> $abc$21897$in_csr_rdata[5]
Added ysyx_25030085_wb.$auto$insbuf.cc:79:execute$26131: $abc$21897$0\csr_rdata[31:0][5] -> $0\csr_rdata[31:0][5]
Added ysyx_25030085_wb.$auto$insbuf.cc:79:execute$26132: \in_csr_rdata [6] -> $abc$21897$in_csr_rdata[6]
Added ysyx_25030085_wb.$auto$insbuf.cc:79:execute$26133: $abc$21897$0\csr_rdata[31:0][6] -> $0\csr_rdata[31:0][6]
Added ysyx_25030085_wb.$auto$insbuf.cc:79:execute$26134: \in_csr_rdata [7] -> $abc$21897$in_csr_rdata[7]
Added ysyx_25030085_wb.$auto$insbuf.cc:79:execute$26135: $abc$21897$0\csr_rdata[31:0][7] -> $0\csr_rdata[31:0][7]
Added ysyx_25030085_wb.$auto$insbuf.cc:79:execute$26136: \in_csr_rdata [8] -> $abc$21897$in_csr_rdata[8]
Added ysyx_25030085_wb.$auto$insbuf.cc:79:execute$26137: $abc$21897$0\csr_rdata[31:0][8] -> $0\csr_rdata[31:0][8]
Added ysyx_25030085_wb.$auto$insbuf.cc:79:execute$26138: \in_csr_rdata [9] -> $abc$21897$in_csr_rdata[9]
Added ysyx_25030085_wb.$auto$insbuf.cc:79:execute$26139: $abc$21897$0\csr_rdata[31:0][9] -> $0\csr_rdata[31:0][9]
Added ysyx_25030085_wb.$auto$insbuf.cc:79:execute$26140: \in_csr_rdata [10] -> $abc$21897$in_csr_rdata[10]
Added ysyx_25030085_wb.$auto$insbuf.cc:79:execute$26141: $abc$21897$0\csr_rdata[31:0][10] -> $0\csr_rdata[31:0][10]
Added ysyx_25030085_wb.$auto$insbuf.cc:79:execute$26142: \in_csr_rdata [11] -> $abc$21897$in_csr_rdata[11]
Added ysyx_25030085_wb.$auto$insbuf.cc:79:execute$26143: $abc$21897$0\csr_rdata[31:0][11] -> $0\csr_rdata[31:0][11]
Added ysyx_25030085_wb.$auto$insbuf.cc:79:execute$26144: \in_csr_rdata [12] -> $abc$21897$in_csr_rdata[12]
Added ysyx_25030085_wb.$auto$insbuf.cc:79:execute$26145: $abc$21897$0\csr_rdata[31:0][12] -> $0\csr_rdata[31:0][12]
Added ysyx_25030085_wb.$auto$insbuf.cc:79:execute$26146: \in_csr_rdata [13] -> $abc$21897$in_csr_rdata[13]
Added ysyx_25030085_wb.$auto$insbuf.cc:79:execute$26147: $abc$21897$0\csr_rdata[31:0][13] -> $0\csr_rdata[31:0][13]
Added ysyx_25030085_wb.$auto$insbuf.cc:79:execute$26148: \in_csr_rdata [14] -> $abc$21897$in_csr_rdata[14]
Added ysyx_25030085_wb.$auto$insbuf.cc:79:execute$26149: $abc$21897$0\csr_rdata[31:0][14] -> $0\csr_rdata[31:0][14]
Added ysyx_25030085_wb.$auto$insbuf.cc:79:execute$26150: \in_csr_rdata [15] -> $abc$21897$in_csr_rdata[15]
Added ysyx_25030085_wb.$auto$insbuf.cc:79:execute$26151: $abc$21897$0\csr_rdata[31:0][15] -> $0\csr_rdata[31:0][15]
Added ysyx_25030085_wb.$auto$insbuf.cc:79:execute$26152: \in_csr_rdata [16] -> $abc$21897$in_csr_rdata[16]
Added ysyx_25030085_wb.$auto$insbuf.cc:79:execute$26153: $abc$21897$0\csr_rdata[31:0][16] -> $0\csr_rdata[31:0][16]
Added ysyx_25030085_wb.$auto$insbuf.cc:79:execute$26154: \in_csr_rdata [17] -> $abc$21897$in_csr_rdata[17]
Added ysyx_25030085_wb.$auto$insbuf.cc:79:execute$26155: $abc$21897$0\csr_rdata[31:0][17] -> $0\csr_rdata[31:0][17]
Added ysyx_25030085_wb.$auto$insbuf.cc:79:execute$26156: \in_csr_rdata [18] -> $abc$21897$in_csr_rdata[18]
Added ysyx_25030085_wb.$auto$insbuf.cc:79:execute$26157: $abc$21897$0\csr_rdata[31:0][18] -> $0\csr_rdata[31:0][18]
Added ysyx_25030085_wb.$auto$insbuf.cc:79:execute$26158: \in_csr_rdata [19] -> $abc$21897$in_csr_rdata[19]
Added ysyx_25030085_wb.$auto$insbuf.cc:79:execute$26159: $abc$21897$0\csr_rdata[31:0][19] -> $0\csr_rdata[31:0][19]
Added ysyx_25030085_wb.$auto$insbuf.cc:79:execute$26160: \in_csr_rdata [20] -> $abc$21897$in_csr_rdata[20]
Added ysyx_25030085_wb.$auto$insbuf.cc:79:execute$26161: $abc$21897$0\csr_rdata[31:0][20] -> $0\csr_rdata[31:0][20]
Added ysyx_25030085_wb.$auto$insbuf.cc:79:execute$26162: \in_csr_rdata [21] -> $abc$21897$in_csr_rdata[21]
Added ysyx_25030085_wb.$auto$insbuf.cc:79:execute$26163: $abc$21897$0\csr_rdata[31:0][21] -> $0\csr_rdata[31:0][21]
Added ysyx_25030085_wb.$auto$insbuf.cc:79:execute$26164: \in_csr_rdata [22] -> $abc$21897$in_csr_rdata[22]
Added ysyx_25030085_wb.$auto$insbuf.cc:79:execute$26165: $abc$21897$0\csr_rdata[31:0][22] -> $0\csr_rdata[31:0][22]
Added ysyx_25030085_wb.$auto$insbuf.cc:79:execute$26166: \in_csr_rdata [23] -> $abc$21897$in_csr_rdata[23]
Added ysyx_25030085_wb.$auto$insbuf.cc:79:execute$26167: $abc$21897$0\csr_rdata[31:0][23] -> $0\csr_rdata[31:0][23]
Added ysyx_25030085_wb.$auto$insbuf.cc:79:execute$26168: \in_csr_rdata [24] -> $abc$21897$in_csr_rdata[24]
Added ysyx_25030085_wb.$auto$insbuf.cc:79:execute$26169: $abc$21897$0\csr_rdata[31:0][24] -> $0\csr_rdata[31:0][24]
Added ysyx_25030085_wb.$auto$insbuf.cc:79:execute$26170: \in_csr_rdata [25] -> $abc$21897$in_csr_rdata[25]
Added ysyx_25030085_wb.$auto$insbuf.cc:79:execute$26171: $abc$21897$0\csr_rdata[31:0][25] -> $0\csr_rdata[31:0][25]
Added ysyx_25030085_wb.$auto$insbuf.cc:79:execute$26172: \in_csr_rdata [26] -> $abc$21897$in_csr_rdata[26]
Added ysyx_25030085_wb.$auto$insbuf.cc:79:execute$26173: $abc$21897$0\csr_rdata[31:0][26] -> $0\csr_rdata[31:0][26]
Added ysyx_25030085_wb.$auto$insbuf.cc:79:execute$26174: \in_csr_rdata [27] -> $abc$21897$in_csr_rdata[27]
Added ysyx_25030085_wb.$auto$insbuf.cc:79:execute$26175: $abc$21897$0\csr_rdata[31:0][27] -> $0\csr_rdata[31:0][27]
Added ysyx_25030085_wb.$auto$insbuf.cc:79:execute$26176: \in_csr_rdata [28] -> $abc$21897$in_csr_rdata[28]
Added ysyx_25030085_wb.$auto$insbuf.cc:79:execute$26177: $abc$21897$0\csr_rdata[31:0][28] -> $0\csr_rdata[31:0][28]
Added ysyx_25030085_wb.$auto$insbuf.cc:79:execute$26178: \in_csr_rdata [29] -> $abc$21897$in_csr_rdata[29]
Added ysyx_25030085_wb.$auto$insbuf.cc:79:execute$26179: $abc$21897$0\csr_rdata[31:0][29] -> $0\csr_rdata[31:0][29]
Added ysyx_25030085_wb.$auto$insbuf.cc:79:execute$26180: \in_csr_rdata [30] -> $abc$21897$in_csr_rdata[30]
Added ysyx_25030085_wb.$auto$insbuf.cc:79:execute$26181: $abc$21897$0\csr_rdata[31:0][30] -> $0\csr_rdata[31:0][30]
Added ysyx_25030085_wb.$auto$insbuf.cc:79:execute$26182: \in_csr_rdata [31] -> $abc$21897$in_csr_rdata[31]
Added ysyx_25030085_wb.$auto$insbuf.cc:79:execute$26183: $abc$21897$0\csr_rdata[31:0][31] -> $0\csr_rdata[31:0][31]
Added ysyx_25030085_wb.$auto$insbuf.cc:79:execute$26184: \in_imm [0] -> $abc$21897$in_imm[0]
Added ysyx_25030085_wb.$auto$insbuf.cc:79:execute$26185: $abc$21897$0\imm[31:0][0] -> $0\imm[31:0][0]
Added ysyx_25030085_wb.$auto$insbuf.cc:79:execute$26186: \in_imm [1] -> $abc$21897$in_imm[1]
Added ysyx_25030085_wb.$auto$insbuf.cc:79:execute$26187: $abc$21897$0\imm[31:0][1] -> $0\imm[31:0][1]
Added ysyx_25030085_wb.$auto$insbuf.cc:79:execute$26188: \in_imm [2] -> $abc$21897$in_imm[2]
Added ysyx_25030085_wb.$auto$insbuf.cc:79:execute$26189: $abc$21897$0\imm[31:0][2] -> $0\imm[31:0][2]
Added ysyx_25030085_wb.$auto$insbuf.cc:79:execute$26190: \in_imm [3] -> $abc$21897$in_imm[3]
Added ysyx_25030085_wb.$auto$insbuf.cc:79:execute$26191: $abc$21897$0\imm[31:0][3] -> $0\imm[31:0][3]
Added ysyx_25030085_wb.$auto$insbuf.cc:79:execute$26192: \in_imm [4] -> $abc$21897$in_imm[4]
Added ysyx_25030085_wb.$auto$insbuf.cc:79:execute$26193: $abc$21897$0\imm[31:0][4] -> $0\imm[31:0][4]
Added ysyx_25030085_wb.$auto$insbuf.cc:79:execute$26194: \in_imm [5] -> $abc$21897$in_imm[5]
Added ysyx_25030085_wb.$auto$insbuf.cc:79:execute$26195: $abc$21897$0\imm[31:0][5] -> $0\imm[31:0][5]
Added ysyx_25030085_wb.$auto$insbuf.cc:79:execute$26196: \in_imm [6] -> $abc$21897$in_imm[6]
Added ysyx_25030085_wb.$auto$insbuf.cc:79:execute$26197: $abc$21897$0\imm[31:0][6] -> $0\imm[31:0][6]
Added ysyx_25030085_wb.$auto$insbuf.cc:79:execute$26198: \in_imm [7] -> $abc$21897$in_imm[7]
Added ysyx_25030085_wb.$auto$insbuf.cc:79:execute$26199: $abc$21897$0\imm[31:0][7] -> $0\imm[31:0][7]
Added ysyx_25030085_wb.$auto$insbuf.cc:79:execute$26200: \in_imm [8] -> $abc$21897$in_imm[8]
Added ysyx_25030085_wb.$auto$insbuf.cc:79:execute$26201: $abc$21897$0\imm[31:0][8] -> $0\imm[31:0][8]
Added ysyx_25030085_wb.$auto$insbuf.cc:79:execute$26202: \in_imm [9] -> $abc$21897$in_imm[9]
Added ysyx_25030085_wb.$auto$insbuf.cc:79:execute$26203: $abc$21897$0\imm[31:0][9] -> $0\imm[31:0][9]
Added ysyx_25030085_wb.$auto$insbuf.cc:79:execute$26204: \in_imm [10] -> $abc$21897$in_imm[10]
Added ysyx_25030085_wb.$auto$insbuf.cc:79:execute$26205: $abc$21897$0\imm[31:0][10] -> $0\imm[31:0][10]
Added ysyx_25030085_wb.$auto$insbuf.cc:79:execute$26206: \in_imm [11] -> $abc$21897$in_imm[11]
Added ysyx_25030085_wb.$auto$insbuf.cc:79:execute$26207: $abc$21897$0\imm[31:0][11] -> $0\imm[31:0][11]
Added ysyx_25030085_wb.$auto$insbuf.cc:79:execute$26208: \in_imm [12] -> $abc$21897$in_imm[12]
Added ysyx_25030085_wb.$auto$insbuf.cc:79:execute$26209: $abc$21897$0\imm[31:0][12] -> $0\imm[31:0][12]
Added ysyx_25030085_wb.$auto$insbuf.cc:79:execute$26210: \in_imm [13] -> $abc$21897$in_imm[13]
Added ysyx_25030085_wb.$auto$insbuf.cc:79:execute$26211: $abc$21897$0\imm[31:0][13] -> $0\imm[31:0][13]
Added ysyx_25030085_wb.$auto$insbuf.cc:79:execute$26212: \in_imm [14] -> $abc$21897$in_imm[14]
Added ysyx_25030085_wb.$auto$insbuf.cc:79:execute$26213: $abc$21897$0\imm[31:0][14] -> $0\imm[31:0][14]
Added ysyx_25030085_wb.$auto$insbuf.cc:79:execute$26214: \in_imm [15] -> $abc$21897$in_imm[15]
Added ysyx_25030085_wb.$auto$insbuf.cc:79:execute$26215: $abc$21897$0\imm[31:0][15] -> $0\imm[31:0][15]
Added ysyx_25030085_wb.$auto$insbuf.cc:79:execute$26216: \in_imm [16] -> $abc$21897$in_imm[16]
Added ysyx_25030085_wb.$auto$insbuf.cc:79:execute$26217: $abc$21897$0\imm[31:0][16] -> $0\imm[31:0][16]
Added ysyx_25030085_wb.$auto$insbuf.cc:79:execute$26218: \in_imm [17] -> $abc$21897$in_imm[17]
Added ysyx_25030085_wb.$auto$insbuf.cc:79:execute$26219: $abc$21897$0\imm[31:0][17] -> $0\imm[31:0][17]
Added ysyx_25030085_wb.$auto$insbuf.cc:79:execute$26220: \in_imm [18] -> $abc$21897$in_imm[18]
Added ysyx_25030085_wb.$auto$insbuf.cc:79:execute$26221: $abc$21897$0\imm[31:0][18] -> $0\imm[31:0][18]
Added ysyx_25030085_wb.$auto$insbuf.cc:79:execute$26222: \in_imm [19] -> $abc$21897$in_imm[19]
Added ysyx_25030085_wb.$auto$insbuf.cc:79:execute$26223: $abc$21897$0\imm[31:0][19] -> $0\imm[31:0][19]
Added ysyx_25030085_wb.$auto$insbuf.cc:79:execute$26224: \in_imm [20] -> $abc$21897$in_imm[20]
Added ysyx_25030085_wb.$auto$insbuf.cc:79:execute$26225: $abc$21897$0\imm[31:0][20] -> $0\imm[31:0][20]
Added ysyx_25030085_wb.$auto$insbuf.cc:79:execute$26226: \in_imm [21] -> $abc$21897$in_imm[21]
Added ysyx_25030085_wb.$auto$insbuf.cc:79:execute$26227: $abc$21897$0\imm[31:0][21] -> $0\imm[31:0][21]
Added ysyx_25030085_wb.$auto$insbuf.cc:79:execute$26228: \in_imm [22] -> $abc$21897$in_imm[22]
Added ysyx_25030085_wb.$auto$insbuf.cc:79:execute$26229: $abc$21897$0\imm[31:0][22] -> $0\imm[31:0][22]
Added ysyx_25030085_wb.$auto$insbuf.cc:79:execute$26230: \in_imm [23] -> $abc$21897$in_imm[23]
Added ysyx_25030085_wb.$auto$insbuf.cc:79:execute$26231: $abc$21897$0\imm[31:0][23] -> $0\imm[31:0][23]
Added ysyx_25030085_wb.$auto$insbuf.cc:79:execute$26232: \in_imm [24] -> $abc$21897$in_imm[24]
Added ysyx_25030085_wb.$auto$insbuf.cc:79:execute$26233: $abc$21897$0\imm[31:0][24] -> $0\imm[31:0][24]
Added ysyx_25030085_wb.$auto$insbuf.cc:79:execute$26234: \in_imm [25] -> $abc$21897$in_imm[25]
Added ysyx_25030085_wb.$auto$insbuf.cc:79:execute$26235: $abc$21897$0\imm[31:0][25] -> $0\imm[31:0][25]
Added ysyx_25030085_wb.$auto$insbuf.cc:79:execute$26236: \in_imm [26] -> $abc$21897$in_imm[26]
Added ysyx_25030085_wb.$auto$insbuf.cc:79:execute$26237: $abc$21897$0\imm[31:0][26] -> $0\imm[31:0][26]
Added ysyx_25030085_wb.$auto$insbuf.cc:79:execute$26238: \in_imm [27] -> $abc$21897$in_imm[27]
Added ysyx_25030085_wb.$auto$insbuf.cc:79:execute$26239: $abc$21897$0\imm[31:0][27] -> $0\imm[31:0][27]
Added ysyx_25030085_wb.$auto$insbuf.cc:79:execute$26240: \in_imm [28] -> $abc$21897$in_imm[28]
Added ysyx_25030085_wb.$auto$insbuf.cc:79:execute$26241: $abc$21897$0\imm[31:0][28] -> $0\imm[31:0][28]
Added ysyx_25030085_wb.$auto$insbuf.cc:79:execute$26242: \in_imm [29] -> $abc$21897$in_imm[29]
Added ysyx_25030085_wb.$auto$insbuf.cc:79:execute$26243: $abc$21897$0\imm[31:0][29] -> $0\imm[31:0][29]
Added ysyx_25030085_wb.$auto$insbuf.cc:79:execute$26244: \in_imm [30] -> $abc$21897$in_imm[30]
Added ysyx_25030085_wb.$auto$insbuf.cc:79:execute$26245: $abc$21897$0\imm[31:0][30] -> $0\imm[31:0][30]
Added ysyx_25030085_wb.$auto$insbuf.cc:79:execute$26246: \in_imm [31] -> $abc$21897$in_imm[31]
Added ysyx_25030085_wb.$auto$insbuf.cc:79:execute$26247: $abc$21897$0\imm[31:0][31] -> $0\imm[31:0][31]
Added ysyx_25030085_wb.$auto$insbuf.cc:79:execute$26248: \in_pc [0] -> $abc$21897$in_pc[0]
Added ysyx_25030085_wb.$auto$insbuf.cc:79:execute$26249: \pc[0] -> $abc$21897$pc[0]
Added ysyx_25030085_wb.$auto$insbuf.cc:79:execute$26250: $abc$21897$0\pc[31:0][0] -> $0\pc[31:0][0]
Added ysyx_25030085_wb.$auto$insbuf.cc:79:execute$26251: \in_pc [1] -> $abc$21897$in_pc[1]
Added ysyx_25030085_wb.$auto$insbuf.cc:79:execute$26252: \pc[1] -> $abc$21897$pc[1]
Added ysyx_25030085_wb.$auto$insbuf.cc:79:execute$26253: $abc$21897$0\pc[31:0][1] -> $0\pc[31:0][1]
Added ysyx_25030085_wb.$auto$insbuf.cc:79:execute$26254: \in_pc [2] -> $abc$21897$in_pc[2]
Added ysyx_25030085_wb.$auto$insbuf.cc:79:execute$26255: $abc$21897$0\pc[31:0][2] -> $0\pc[31:0][2]
Added ysyx_25030085_wb.$auto$insbuf.cc:79:execute$26256: \in_pc [3] -> $abc$21897$in_pc[3]
Added ysyx_25030085_wb.$auto$insbuf.cc:79:execute$26257: $abc$21897$0\pc[31:0][3] -> $0\pc[31:0][3]
Added ysyx_25030085_wb.$auto$insbuf.cc:79:execute$26258: \in_pc [4] -> $abc$21897$in_pc[4]
Added ysyx_25030085_wb.$auto$insbuf.cc:79:execute$26259: $abc$21897$0\pc[31:0][4] -> $0\pc[31:0][4]
Added ysyx_25030085_wb.$auto$insbuf.cc:79:execute$26260: \in_pc [5] -> $abc$21897$in_pc[5]
Added ysyx_25030085_wb.$auto$insbuf.cc:79:execute$26261: $abc$21897$0\pc[31:0][5] -> $0\pc[31:0][5]
Added ysyx_25030085_wb.$auto$insbuf.cc:79:execute$26262: \in_pc [6] -> $abc$21897$in_pc[6]
Added ysyx_25030085_wb.$auto$insbuf.cc:79:execute$26263: $abc$21897$0\pc[31:0][6] -> $0\pc[31:0][6]
Added ysyx_25030085_wb.$auto$insbuf.cc:79:execute$26264: \in_pc [7] -> $abc$21897$in_pc[7]
Added ysyx_25030085_wb.$auto$insbuf.cc:79:execute$26265: $abc$21897$0\pc[31:0][7] -> $0\pc[31:0][7]
Added ysyx_25030085_wb.$auto$insbuf.cc:79:execute$26266: \in_pc [8] -> $abc$21897$in_pc[8]
Added ysyx_25030085_wb.$auto$insbuf.cc:79:execute$26267: $abc$21897$0\pc[31:0][8] -> $0\pc[31:0][8]
Added ysyx_25030085_wb.$auto$insbuf.cc:79:execute$26268: \in_pc [9] -> $abc$21897$in_pc[9]
Added ysyx_25030085_wb.$auto$insbuf.cc:79:execute$26269: $abc$21897$0\pc[31:0][9] -> $0\pc[31:0][9]
Added ysyx_25030085_wb.$auto$insbuf.cc:79:execute$26270: \in_pc [10] -> $abc$21897$in_pc[10]
Added ysyx_25030085_wb.$auto$insbuf.cc:79:execute$26271: $abc$21897$0\pc[31:0][10] -> $0\pc[31:0][10]
Added ysyx_25030085_wb.$auto$insbuf.cc:79:execute$26272: \in_pc [11] -> $abc$21897$in_pc[11]
Added ysyx_25030085_wb.$auto$insbuf.cc:79:execute$26273: $abc$21897$0\pc[31:0][11] -> $0\pc[31:0][11]
Added ysyx_25030085_wb.$auto$insbuf.cc:79:execute$26274: \in_pc [12] -> $abc$21897$in_pc[12]
Added ysyx_25030085_wb.$auto$insbuf.cc:79:execute$26275: $abc$21897$0\pc[31:0][12] -> $0\pc[31:0][12]
Added ysyx_25030085_wb.$auto$insbuf.cc:79:execute$26276: \in_pc [13] -> $abc$21897$in_pc[13]
Added ysyx_25030085_wb.$auto$insbuf.cc:79:execute$26277: $abc$21897$0\pc[31:0][13] -> $0\pc[31:0][13]
Added ysyx_25030085_wb.$auto$insbuf.cc:79:execute$26278: \in_pc [14] -> $abc$21897$in_pc[14]
Added ysyx_25030085_wb.$auto$insbuf.cc:79:execute$26279: $abc$21897$0\pc[31:0][14] -> $0\pc[31:0][14]
Added ysyx_25030085_wb.$auto$insbuf.cc:79:execute$26280: \in_pc [15] -> $abc$21897$in_pc[15]
Added ysyx_25030085_wb.$auto$insbuf.cc:79:execute$26281: $abc$21897$0\pc[31:0][15] -> $0\pc[31:0][15]
Added ysyx_25030085_wb.$auto$insbuf.cc:79:execute$26282: \in_pc [16] -> $abc$21897$in_pc[16]
Added ysyx_25030085_wb.$auto$insbuf.cc:79:execute$26283: $abc$21897$0\pc[31:0][16] -> $0\pc[31:0][16]
Added ysyx_25030085_wb.$auto$insbuf.cc:79:execute$26284: \in_pc [17] -> $abc$21897$in_pc[17]
Added ysyx_25030085_wb.$auto$insbuf.cc:79:execute$26285: $abc$21897$0\pc[31:0][17] -> $0\pc[31:0][17]
Added ysyx_25030085_wb.$auto$insbuf.cc:79:execute$26286: \in_pc [18] -> $abc$21897$in_pc[18]
Added ysyx_25030085_wb.$auto$insbuf.cc:79:execute$26287: $abc$21897$0\pc[31:0][18] -> $0\pc[31:0][18]
Added ysyx_25030085_wb.$auto$insbuf.cc:79:execute$26288: \in_pc [19] -> $abc$21897$in_pc[19]
Added ysyx_25030085_wb.$auto$insbuf.cc:79:execute$26289: $abc$21897$0\pc[31:0][19] -> $0\pc[31:0][19]
Added ysyx_25030085_wb.$auto$insbuf.cc:79:execute$26290: \in_pc [20] -> $abc$21897$in_pc[20]
Added ysyx_25030085_wb.$auto$insbuf.cc:79:execute$26291: $abc$21897$0\pc[31:0][20] -> $0\pc[31:0][20]
Added ysyx_25030085_wb.$auto$insbuf.cc:79:execute$26292: \in_pc [21] -> $abc$21897$in_pc[21]
Added ysyx_25030085_wb.$auto$insbuf.cc:79:execute$26293: $abc$21897$0\pc[31:0][21] -> $0\pc[31:0][21]
Added ysyx_25030085_wb.$auto$insbuf.cc:79:execute$26294: \in_pc [22] -> $abc$21897$in_pc[22]
Added ysyx_25030085_wb.$auto$insbuf.cc:79:execute$26295: $abc$21897$0\pc[31:0][22] -> $0\pc[31:0][22]
Added ysyx_25030085_wb.$auto$insbuf.cc:79:execute$26296: \in_pc [23] -> $abc$21897$in_pc[23]
Added ysyx_25030085_wb.$auto$insbuf.cc:79:execute$26297: $abc$21897$0\pc[31:0][23] -> $0\pc[31:0][23]
Added ysyx_25030085_wb.$auto$insbuf.cc:79:execute$26298: \in_pc [24] -> $abc$21897$in_pc[24]
Added ysyx_25030085_wb.$auto$insbuf.cc:79:execute$26299: $abc$21897$0\pc[31:0][24] -> $0\pc[31:0][24]
Added ysyx_25030085_wb.$auto$insbuf.cc:79:execute$26300: \in_pc [25] -> $abc$21897$in_pc[25]
Added ysyx_25030085_wb.$auto$insbuf.cc:79:execute$26301: $abc$21897$0\pc[31:0][25] -> $0\pc[31:0][25]
Added ysyx_25030085_wb.$auto$insbuf.cc:79:execute$26302: \in_pc [26] -> $abc$21897$in_pc[26]
Added ysyx_25030085_wb.$auto$insbuf.cc:79:execute$26303: $abc$21897$0\pc[31:0][26] -> $0\pc[31:0][26]
Added ysyx_25030085_wb.$auto$insbuf.cc:79:execute$26304: \in_pc [27] -> $abc$21897$in_pc[27]
Added ysyx_25030085_wb.$auto$insbuf.cc:79:execute$26305: $abc$21897$0\pc[31:0][27] -> $0\pc[31:0][27]
Added ysyx_25030085_wb.$auto$insbuf.cc:79:execute$26306: \in_pc [28] -> $abc$21897$in_pc[28]
Added ysyx_25030085_wb.$auto$insbuf.cc:79:execute$26307: $abc$21897$0\pc[31:0][28] -> $0\pc[31:0][28]
Added ysyx_25030085_wb.$auto$insbuf.cc:79:execute$26308: \in_pc [29] -> $abc$21897$in_pc[29]
Added ysyx_25030085_wb.$auto$insbuf.cc:79:execute$26309: $abc$21897$0\pc[31:0][29] -> $0\pc[31:0][29]
Added ysyx_25030085_wb.$auto$insbuf.cc:79:execute$26310: \in_pc [30] -> $abc$21897$in_pc[30]
Added ysyx_25030085_wb.$auto$insbuf.cc:79:execute$26311: $abc$21897$0\pc[31:0][30] -> $0\pc[31:0][30]
Added ysyx_25030085_wb.$auto$insbuf.cc:79:execute$26312: \in_pc [31] -> $abc$21897$in_pc[31]
Added ysyx_25030085_wb.$auto$insbuf.cc:79:execute$26313: $abc$21897$0\pc[31:0][31] -> $0\pc[31:0][31]
Added ysyx_25030085_wb.$auto$insbuf.cc:79:execute$26314: \in_npc [0] -> $abc$21897$in_npc[0]
Added ysyx_25030085_wb.$auto$insbuf.cc:79:execute$26315: \next_pc [0] -> $abc$21897$next_pc[0]
Added ysyx_25030085_wb.$auto$insbuf.cc:79:execute$26316: $abc$21897$0\npc[31:0][0] -> $0\npc[31:0][0]
Added ysyx_25030085_wb.$auto$insbuf.cc:79:execute$26317: \in_npc [1] -> $abc$21897$in_npc[1]
Added ysyx_25030085_wb.$auto$insbuf.cc:79:execute$26318: \next_pc [1] -> $abc$21897$next_pc[1]
Added ysyx_25030085_wb.$auto$insbuf.cc:79:execute$26319: $abc$21897$0\npc[31:0][1] -> $0\npc[31:0][1]
Added ysyx_25030085_wb.$auto$insbuf.cc:79:execute$26320: \in_npc [2] -> $abc$21897$in_npc[2]
Added ysyx_25030085_wb.$auto$insbuf.cc:79:execute$26321: \next_pc [2] -> $abc$21897$next_pc[2]
Added ysyx_25030085_wb.$auto$insbuf.cc:79:execute$26322: $abc$21897$0\npc[31:0][2] -> $0\npc[31:0][2]
Added ysyx_25030085_wb.$auto$insbuf.cc:79:execute$26323: \in_npc [3] -> $abc$21897$in_npc[3]
Added ysyx_25030085_wb.$auto$insbuf.cc:79:execute$26324: \next_pc [3] -> $abc$21897$next_pc[3]
Added ysyx_25030085_wb.$auto$insbuf.cc:79:execute$26325: $abc$21897$0\npc[31:0][3] -> $0\npc[31:0][3]
Added ysyx_25030085_wb.$auto$insbuf.cc:79:execute$26326: \in_npc [4] -> $abc$21897$in_npc[4]
Added ysyx_25030085_wb.$auto$insbuf.cc:79:execute$26327: \next_pc [4] -> $abc$21897$next_pc[4]
Added ysyx_25030085_wb.$auto$insbuf.cc:79:execute$26328: $abc$21897$0\npc[31:0][4] -> $0\npc[31:0][4]
Added ysyx_25030085_wb.$auto$insbuf.cc:79:execute$26329: \in_npc [5] -> $abc$21897$in_npc[5]
Added ysyx_25030085_wb.$auto$insbuf.cc:79:execute$26330: \next_pc [5] -> $abc$21897$next_pc[5]
Added ysyx_25030085_wb.$auto$insbuf.cc:79:execute$26331: $abc$21897$0\npc[31:0][5] -> $0\npc[31:0][5]
Added ysyx_25030085_wb.$auto$insbuf.cc:79:execute$26332: \in_npc [6] -> $abc$21897$in_npc[6]
Added ysyx_25030085_wb.$auto$insbuf.cc:79:execute$26333: \next_pc [6] -> $abc$21897$next_pc[6]
Added ysyx_25030085_wb.$auto$insbuf.cc:79:execute$26334: $abc$21897$0\npc[31:0][6] -> $0\npc[31:0][6]
Added ysyx_25030085_wb.$auto$insbuf.cc:79:execute$26335: \in_npc [7] -> $abc$21897$in_npc[7]
Added ysyx_25030085_wb.$auto$insbuf.cc:79:execute$26336: \next_pc [7] -> $abc$21897$next_pc[7]
Added ysyx_25030085_wb.$auto$insbuf.cc:79:execute$26337: $abc$21897$0\npc[31:0][7] -> $0\npc[31:0][7]
Added ysyx_25030085_wb.$auto$insbuf.cc:79:execute$26338: \in_npc [8] -> $abc$21897$in_npc[8]
Added ysyx_25030085_wb.$auto$insbuf.cc:79:execute$26339: \next_pc [8] -> $abc$21897$next_pc[8]
Added ysyx_25030085_wb.$auto$insbuf.cc:79:execute$26340: $abc$21897$0\npc[31:0][8] -> $0\npc[31:0][8]
Added ysyx_25030085_wb.$auto$insbuf.cc:79:execute$26341: \in_npc [9] -> $abc$21897$in_npc[9]
Added ysyx_25030085_wb.$auto$insbuf.cc:79:execute$26342: \next_pc [9] -> $abc$21897$next_pc[9]
Added ysyx_25030085_wb.$auto$insbuf.cc:79:execute$26343: $abc$21897$0\npc[31:0][9] -> $0\npc[31:0][9]
Added ysyx_25030085_wb.$auto$insbuf.cc:79:execute$26344: \in_npc [10] -> $abc$21897$in_npc[10]
Added ysyx_25030085_wb.$auto$insbuf.cc:79:execute$26345: \next_pc [10] -> $abc$21897$next_pc[10]
Added ysyx_25030085_wb.$auto$insbuf.cc:79:execute$26346: $abc$21897$0\npc[31:0][10] -> $0\npc[31:0][10]
Added ysyx_25030085_wb.$auto$insbuf.cc:79:execute$26347: \in_npc [11] -> $abc$21897$in_npc[11]
Added ysyx_25030085_wb.$auto$insbuf.cc:79:execute$26348: \next_pc [11] -> $abc$21897$next_pc[11]
Added ysyx_25030085_wb.$auto$insbuf.cc:79:execute$26349: $abc$21897$0\npc[31:0][11] -> $0\npc[31:0][11]
Added ysyx_25030085_wb.$auto$insbuf.cc:79:execute$26350: \in_npc [12] -> $abc$21897$in_npc[12]
Added ysyx_25030085_wb.$auto$insbuf.cc:79:execute$26351: \next_pc [12] -> $abc$21897$next_pc[12]
Added ysyx_25030085_wb.$auto$insbuf.cc:79:execute$26352: $abc$21897$0\npc[31:0][12] -> $0\npc[31:0][12]
Added ysyx_25030085_wb.$auto$insbuf.cc:79:execute$26353: \in_npc [13] -> $abc$21897$in_npc[13]
Added ysyx_25030085_wb.$auto$insbuf.cc:79:execute$26354: \next_pc [13] -> $abc$21897$next_pc[13]
Added ysyx_25030085_wb.$auto$insbuf.cc:79:execute$26355: $abc$21897$0\npc[31:0][13] -> $0\npc[31:0][13]
Added ysyx_25030085_wb.$auto$insbuf.cc:79:execute$26356: \in_npc [14] -> $abc$21897$in_npc[14]
Added ysyx_25030085_wb.$auto$insbuf.cc:79:execute$26357: \next_pc [14] -> $abc$21897$next_pc[14]
Added ysyx_25030085_wb.$auto$insbuf.cc:79:execute$26358: $abc$21897$0\npc[31:0][14] -> $0\npc[31:0][14]
Added ysyx_25030085_wb.$auto$insbuf.cc:79:execute$26359: \in_npc [15] -> $abc$21897$in_npc[15]
Added ysyx_25030085_wb.$auto$insbuf.cc:79:execute$26360: \next_pc [15] -> $abc$21897$next_pc[15]
Added ysyx_25030085_wb.$auto$insbuf.cc:79:execute$26361: $abc$21897$0\npc[31:0][15] -> $0\npc[31:0][15]
Added ysyx_25030085_wb.$auto$insbuf.cc:79:execute$26362: \in_npc [16] -> $abc$21897$in_npc[16]
Added ysyx_25030085_wb.$auto$insbuf.cc:79:execute$26363: \next_pc [16] -> $abc$21897$next_pc[16]
Added ysyx_25030085_wb.$auto$insbuf.cc:79:execute$26364: $abc$21897$0\npc[31:0][16] -> $0\npc[31:0][16]
Added ysyx_25030085_wb.$auto$insbuf.cc:79:execute$26365: \in_npc [17] -> $abc$21897$in_npc[17]
Added ysyx_25030085_wb.$auto$insbuf.cc:79:execute$26366: \next_pc [17] -> $abc$21897$next_pc[17]
Added ysyx_25030085_wb.$auto$insbuf.cc:79:execute$26367: $abc$21897$0\npc[31:0][17] -> $0\npc[31:0][17]
Added ysyx_25030085_wb.$auto$insbuf.cc:79:execute$26368: \in_npc [18] -> $abc$21897$in_npc[18]
Added ysyx_25030085_wb.$auto$insbuf.cc:79:execute$26369: \next_pc [18] -> $abc$21897$next_pc[18]
Added ysyx_25030085_wb.$auto$insbuf.cc:79:execute$26370: $abc$21897$0\npc[31:0][18] -> $0\npc[31:0][18]
Added ysyx_25030085_wb.$auto$insbuf.cc:79:execute$26371: \in_npc [19] -> $abc$21897$in_npc[19]
Added ysyx_25030085_wb.$auto$insbuf.cc:79:execute$26372: \next_pc [19] -> $abc$21897$next_pc[19]
Added ysyx_25030085_wb.$auto$insbuf.cc:79:execute$26373: $abc$21897$0\npc[31:0][19] -> $0\npc[31:0][19]
Added ysyx_25030085_wb.$auto$insbuf.cc:79:execute$26374: \in_npc [20] -> $abc$21897$in_npc[20]
Added ysyx_25030085_wb.$auto$insbuf.cc:79:execute$26375: \next_pc [20] -> $abc$21897$next_pc[20]
Added ysyx_25030085_wb.$auto$insbuf.cc:79:execute$26376: $abc$21897$0\npc[31:0][20] -> $0\npc[31:0][20]
Added ysyx_25030085_wb.$auto$insbuf.cc:79:execute$26377: \in_npc [21] -> $abc$21897$in_npc[21]
Added ysyx_25030085_wb.$auto$insbuf.cc:79:execute$26378: \next_pc [21] -> $abc$21897$next_pc[21]
Added ysyx_25030085_wb.$auto$insbuf.cc:79:execute$26379: $abc$21897$0\npc[31:0][21] -> $0\npc[31:0][21]
Added ysyx_25030085_wb.$auto$insbuf.cc:79:execute$26380: \in_npc [22] -> $abc$21897$in_npc[22]
Added ysyx_25030085_wb.$auto$insbuf.cc:79:execute$26381: \next_pc [22] -> $abc$21897$next_pc[22]
Added ysyx_25030085_wb.$auto$insbuf.cc:79:execute$26382: $abc$21897$0\npc[31:0][22] -> $0\npc[31:0][22]
Added ysyx_25030085_wb.$auto$insbuf.cc:79:execute$26383: \in_npc [23] -> $abc$21897$in_npc[23]
Added ysyx_25030085_wb.$auto$insbuf.cc:79:execute$26384: \next_pc [23] -> $abc$21897$next_pc[23]
Added ysyx_25030085_wb.$auto$insbuf.cc:79:execute$26385: $abc$21897$0\npc[31:0][23] -> $0\npc[31:0][23]
Added ysyx_25030085_wb.$auto$insbuf.cc:79:execute$26386: \in_npc [24] -> $abc$21897$in_npc[24]
Added ysyx_25030085_wb.$auto$insbuf.cc:79:execute$26387: \next_pc [24] -> $abc$21897$next_pc[24]
Added ysyx_25030085_wb.$auto$insbuf.cc:79:execute$26388: $abc$21897$0\npc[31:0][24] -> $0\npc[31:0][24]
Added ysyx_25030085_wb.$auto$insbuf.cc:79:execute$26389: \in_npc [25] -> $abc$21897$in_npc[25]
Added ysyx_25030085_wb.$auto$insbuf.cc:79:execute$26390: \next_pc [25] -> $abc$21897$next_pc[25]
Added ysyx_25030085_wb.$auto$insbuf.cc:79:execute$26391: $abc$21897$0\npc[31:0][25] -> $0\npc[31:0][25]
Added ysyx_25030085_wb.$auto$insbuf.cc:79:execute$26392: \in_npc [26] -> $abc$21897$in_npc[26]
Added ysyx_25030085_wb.$auto$insbuf.cc:79:execute$26393: \next_pc [26] -> $abc$21897$next_pc[26]
Added ysyx_25030085_wb.$auto$insbuf.cc:79:execute$26394: $abc$21897$0\npc[31:0][26] -> $0\npc[31:0][26]
Added ysyx_25030085_wb.$auto$insbuf.cc:79:execute$26395: \in_npc [27] -> $abc$21897$in_npc[27]
Added ysyx_25030085_wb.$auto$insbuf.cc:79:execute$26396: \next_pc [27] -> $abc$21897$next_pc[27]
Added ysyx_25030085_wb.$auto$insbuf.cc:79:execute$26397: $abc$21897$0\npc[31:0][27] -> $0\npc[31:0][27]
Added ysyx_25030085_wb.$auto$insbuf.cc:79:execute$26398: \in_npc [28] -> $abc$21897$in_npc[28]
Added ysyx_25030085_wb.$auto$insbuf.cc:79:execute$26399: \next_pc [28] -> $abc$21897$next_pc[28]
Added ysyx_25030085_wb.$auto$insbuf.cc:79:execute$26400: $abc$21897$0\npc[31:0][28] -> $0\npc[31:0][28]
Added ysyx_25030085_wb.$auto$insbuf.cc:79:execute$26401: \in_npc [29] -> $abc$21897$in_npc[29]
Added ysyx_25030085_wb.$auto$insbuf.cc:79:execute$26402: \next_pc [29] -> $abc$21897$next_pc[29]
Added ysyx_25030085_wb.$auto$insbuf.cc:79:execute$26403: $abc$21897$0\npc[31:0][29] -> $0\npc[31:0][29]
Added ysyx_25030085_wb.$auto$insbuf.cc:79:execute$26404: \in_npc [30] -> $abc$21897$in_npc[30]
Added ysyx_25030085_wb.$auto$insbuf.cc:79:execute$26405: \next_pc [30] -> $abc$21897$next_pc[30]
Added ysyx_25030085_wb.$auto$insbuf.cc:79:execute$26406: $abc$21897$0\npc[31:0][30] -> $0\npc[31:0][30]
Added ysyx_25030085_wb.$auto$insbuf.cc:79:execute$26407: \in_npc [31] -> $abc$21897$in_npc[31]
Added ysyx_25030085_wb.$auto$insbuf.cc:79:execute$26408: \next_pc [31] -> $abc$21897$next_pc[31]
Added ysyx_25030085_wb.$auto$insbuf.cc:79:execute$26409: $abc$21897$0\npc[31:0][31] -> $0\npc[31:0][31]
Added ysyx_25030085_wb.$auto$insbuf.cc:79:execute$26410: \rd_addr [0] -> $abc$21897$rd_addr[0]
Added ysyx_25030085_wb.$auto$insbuf.cc:79:execute$26411: \reg_waddr [0] -> $abc$21897$reg_waddr[0]
Added ysyx_25030085_wb.$auto$insbuf.cc:79:execute$26412: $abc$21897$0\rd[3:0][0] -> $0\rd[3:0][0]
Added ysyx_25030085_wb.$auto$insbuf.cc:79:execute$26413: \rd_addr [1] -> $abc$21897$rd_addr[1]
Added ysyx_25030085_wb.$auto$insbuf.cc:79:execute$26414: \reg_waddr [1] -> $abc$21897$reg_waddr[1]
Added ysyx_25030085_wb.$auto$insbuf.cc:79:execute$26415: $abc$21897$0\rd[3:0][1] -> $0\rd[3:0][1]
Added ysyx_25030085_wb.$auto$insbuf.cc:79:execute$26416: \rd_addr [2] -> $abc$21897$rd_addr[2]
Added ysyx_25030085_wb.$auto$insbuf.cc:79:execute$26417: \reg_waddr [2] -> $abc$21897$reg_waddr[2]
Added ysyx_25030085_wb.$auto$insbuf.cc:79:execute$26418: $abc$21897$0\rd[3:0][2] -> $0\rd[3:0][2]
Added ysyx_25030085_wb.$auto$insbuf.cc:79:execute$26419: \rd_addr [3] -> $abc$21897$rd_addr[3]
Added ysyx_25030085_wb.$auto$insbuf.cc:79:execute$26420: \reg_waddr [3] -> $abc$21897$reg_waddr[3]
Added ysyx_25030085_wb.$auto$insbuf.cc:79:execute$26421: $abc$21897$0\rd[3:0][3] -> $0\rd[3:0][3]
Added ysyx_25030085_wb.$auto$insbuf.cc:79:execute$26422: \in_ctrl [6] -> $abc$21897$in_ctrl[6]
Added ysyx_25030085_wb.$auto$insbuf.cc:79:execute$26423: $abc$21897$0\ctrl[11:0][6] -> $0\ctrl[11:0][6]
Added ysyx_25030085_wb.$auto$insbuf.cc:79:execute$26424: \in_ctrl [7] -> $abc$21897$in_ctrl[7]
Added ysyx_25030085_wb.$auto$insbuf.cc:79:execute$26425: $abc$21897$0\ctrl[11:0][7] -> $0\ctrl[11:0][7]
Added ysyx_25030085_wb.$auto$insbuf.cc:79:execute$26426: \in_ctrl [8] -> $abc$21897$in_ctrl[8]
Added ysyx_25030085_wb.$auto$insbuf.cc:79:execute$26427: $abc$21897$0\ctrl[11:0][8] -> $0\ctrl[11:0][8]
Added ysyx_25030085_wb.$auto$insbuf.cc:79:execute$26428: \in_ctrl [10] -> $abc$21897$in_ctrl[10]
Added ysyx_25030085_wb.$auto$insbuf.cc:79:execute$26429: \reg_wen -> $abc$21897$reg_wen
Added ysyx_25030085_wb.$auto$insbuf.cc:79:execute$26430: $abc$21897$0\ctrl[11:0][10] -> $0\ctrl[11:0][10]
Added ysyx_25030085_wb.$auto$insbuf.cc:79:execute$26431: $abc$21897$abc$14889$auto$fsm_map.cc:118:implement_pattern_cache$1064 -> $abc$14889$auto$fsm_map.cc:118:implement_pattern_cache$1064
Added ysyx_25030085_wb.$auto$insbuf.cc:79:execute$26432: \reset -> $abc$21897$reset
Added ysyx_25030085_wb.$auto$insbuf.cc:79:execute$26433: $abc$21897$auto$rtlil.cc:1969:NotGate$17479 -> $auto$rtlil.cc:1969:NotGate$17479

21. Executing OPT_CLEAN pass (remove unused cells and wires).
Finding unused cells or wires in module \ysyx_25030085..
Finding unused cells or wires in module \ysyx_25030085_RegisterFile..
Finding unused cells or wires in module \ysyx_25030085_csr_regfile..
Finding unused cells or wires in module \ysyx_25030085_ex..
Finding unused cells or wires in module \ysyx_25030085_id..
Finding unused cells or wires in module \ysyx_25030085_if..
Finding unused cells or wires in module \ysyx_25030085_lsu..
Finding unused cells or wires in module \ysyx_25030085_wb..
Removed 0 unused cells and 2880 unused wires.
<suppressed ~7 debug messages>

22. Executing CHECK pass (checking for obvious problems).
checking module ysyx_25030085..
checking module ysyx_25030085_RegisterFile..
Warning: Wire ysyx_25030085_RegisterFile.\rdata2 [31] is used but has no driver.
Warning: Wire ysyx_25030085_RegisterFile.\rdata2 [30] is used but has no driver.
Warning: Wire ysyx_25030085_RegisterFile.\rdata2 [29] is used but has no driver.
Warning: Wire ysyx_25030085_RegisterFile.\rdata2 [28] is used but has no driver.
Warning: Wire ysyx_25030085_RegisterFile.\rdata2 [27] is used but has no driver.
Warning: Wire ysyx_25030085_RegisterFile.\rdata2 [26] is used but has no driver.
Warning: Wire ysyx_25030085_RegisterFile.\rdata2 [25] is used but has no driver.
Warning: Wire ysyx_25030085_RegisterFile.\rdata2 [24] is used but has no driver.
Warning: Wire ysyx_25030085_RegisterFile.\rdata2 [23] is used but has no driver.
Warning: Wire ysyx_25030085_RegisterFile.\rdata2 [22] is used but has no driver.
Warning: Wire ysyx_25030085_RegisterFile.\rdata2 [21] is used but has no driver.
Warning: Wire ysyx_25030085_RegisterFile.\rdata2 [20] is used but has no driver.
Warning: Wire ysyx_25030085_RegisterFile.\rdata2 [19] is used but has no driver.
Warning: Wire ysyx_25030085_RegisterFile.\rdata2 [18] is used but has no driver.
Warning: Wire ysyx_25030085_RegisterFile.\rdata2 [17] is used but has no driver.
Warning: Wire ysyx_25030085_RegisterFile.\rdata2 [16] is used but has no driver.
Warning: Wire ysyx_25030085_RegisterFile.\rdata2 [15] is used but has no driver.
Warning: Wire ysyx_25030085_RegisterFile.\rdata2 [14] is used but has no driver.
Warning: Wire ysyx_25030085_RegisterFile.\rdata2 [13] is used but has no driver.
Warning: Wire ysyx_25030085_RegisterFile.\rdata2 [12] is used but has no driver.
Warning: Wire ysyx_25030085_RegisterFile.\rdata2 [11] is used but has no driver.
Warning: Wire ysyx_25030085_RegisterFile.\rdata2 [10] is used but has no driver.
Warning: Wire ysyx_25030085_RegisterFile.\rdata2 [9] is used but has no driver.
Warning: Wire ysyx_25030085_RegisterFile.\rdata2 [8] is used but has no driver.
Warning: Wire ysyx_25030085_RegisterFile.\rdata2 [7] is used but has no driver.
Warning: Wire ysyx_25030085_RegisterFile.\rdata2 [6] is used but has no driver.
Warning: Wire ysyx_25030085_RegisterFile.\rdata2 [5] is used but has no driver.
Warning: Wire ysyx_25030085_RegisterFile.\rdata2 [4] is used but has no driver.
Warning: Wire ysyx_25030085_RegisterFile.\rdata2 [3] is used but has no driver.
Warning: Wire ysyx_25030085_RegisterFile.\rdata2 [2] is used but has no driver.
Warning: Wire ysyx_25030085_RegisterFile.\rdata2 [1] is used but has no driver.
Warning: Wire ysyx_25030085_RegisterFile.\rdata2 [0] is used but has no driver.
Warning: Wire ysyx_25030085_RegisterFile.\rdata1 [31] is used but has no driver.
Warning: Wire ysyx_25030085_RegisterFile.\rdata1 [30] is used but has no driver.
Warning: Wire ysyx_25030085_RegisterFile.\rdata1 [29] is used but has no driver.
Warning: Wire ysyx_25030085_RegisterFile.\rdata1 [28] is used but has no driver.
Warning: Wire ysyx_25030085_RegisterFile.\rdata1 [27] is used but has no driver.
Warning: Wire ysyx_25030085_RegisterFile.\rdata1 [26] is used but has no driver.
Warning: Wire ysyx_25030085_RegisterFile.\rdata1 [25] is used but has no driver.
Warning: Wire ysyx_25030085_RegisterFile.\rdata1 [24] is used but has no driver.
Warning: Wire ysyx_25030085_RegisterFile.\rdata1 [23] is used but has no driver.
Warning: Wire ysyx_25030085_RegisterFile.\rdata1 [22] is used but has no driver.
Warning: Wire ysyx_25030085_RegisterFile.\rdata1 [21] is used but has no driver.
Warning: Wire ysyx_25030085_RegisterFile.\rdata1 [20] is used but has no driver.
Warning: Wire ysyx_25030085_RegisterFile.\rdata1 [19] is used but has no driver.
Warning: Wire ysyx_25030085_RegisterFile.\rdata1 [18] is used but has no driver.
Warning: Wire ysyx_25030085_RegisterFile.\rdata1 [17] is used but has no driver.
Warning: Wire ysyx_25030085_RegisterFile.\rdata1 [16] is used but has no driver.
Warning: Wire ysyx_25030085_RegisterFile.\rdata1 [15] is used but has no driver.
Warning: Wire ysyx_25030085_RegisterFile.\rdata1 [14] is used but has no driver.
Warning: Wire ysyx_25030085_RegisterFile.\rdata1 [13] is used but has no driver.
Warning: Wire ysyx_25030085_RegisterFile.\rdata1 [12] is used but has no driver.
Warning: Wire ysyx_25030085_RegisterFile.\rdata1 [11] is used but has no driver.
Warning: Wire ysyx_25030085_RegisterFile.\rdata1 [10] is used but has no driver.
Warning: Wire ysyx_25030085_RegisterFile.\rdata1 [9] is used but has no driver.
Warning: Wire ysyx_25030085_RegisterFile.\rdata1 [8] is used but has no driver.
Warning: Wire ysyx_25030085_RegisterFile.\rdata1 [7] is used but has no driver.
Warning: Wire ysyx_25030085_RegisterFile.\rdata1 [6] is used but has no driver.
Warning: Wire ysyx_25030085_RegisterFile.\rdata1 [5] is used but has no driver.
Warning: Wire ysyx_25030085_RegisterFile.\rdata1 [4] is used but has no driver.
Warning: Wire ysyx_25030085_RegisterFile.\rdata1 [3] is used but has no driver.
Warning: Wire ysyx_25030085_RegisterFile.\rdata1 [2] is used but has no driver.
Warning: Wire ysyx_25030085_RegisterFile.\rdata1 [1] is used but has no driver.
Warning: Wire ysyx_25030085_RegisterFile.\rdata1 [0] is used but has no driver.
checking module ysyx_25030085_csr_regfile..
Warning: Wire ysyx_25030085_csr_regfile.\csr_rdata [31] is used but has no driver.
Warning: Wire ysyx_25030085_csr_regfile.\csr_rdata [30] is used but has no driver.
Warning: Wire ysyx_25030085_csr_regfile.\csr_rdata [29] is used but has no driver.
Warning: Wire ysyx_25030085_csr_regfile.\csr_rdata [28] is used but has no driver.
Warning: Wire ysyx_25030085_csr_regfile.\csr_rdata [27] is used but has no driver.
Warning: Wire ysyx_25030085_csr_regfile.\csr_rdata [26] is used but has no driver.
Warning: Wire ysyx_25030085_csr_regfile.\csr_rdata [25] is used but has no driver.
Warning: Wire ysyx_25030085_csr_regfile.\csr_rdata [24] is used but has no driver.
Warning: Wire ysyx_25030085_csr_regfile.\csr_rdata [23] is used but has no driver.
Warning: Wire ysyx_25030085_csr_regfile.\csr_rdata [22] is used but has no driver.
Warning: Wire ysyx_25030085_csr_regfile.\csr_rdata [21] is used but has no driver.
Warning: Wire ysyx_25030085_csr_regfile.\csr_rdata [20] is used but has no driver.
Warning: Wire ysyx_25030085_csr_regfile.\csr_rdata [19] is used but has no driver.
Warning: Wire ysyx_25030085_csr_regfile.\csr_rdata [18] is used but has no driver.
Warning: Wire ysyx_25030085_csr_regfile.\csr_rdata [17] is used but has no driver.
Warning: Wire ysyx_25030085_csr_regfile.\csr_rdata [16] is used but has no driver.
Warning: Wire ysyx_25030085_csr_regfile.\csr_rdata [15] is used but has no driver.
Warning: Wire ysyx_25030085_csr_regfile.\csr_rdata [14] is used but has no driver.
Warning: Wire ysyx_25030085_csr_regfile.\csr_rdata [13] is used but has no driver.
Warning: Wire ysyx_25030085_csr_regfile.\csr_rdata [12] is used but has no driver.
Warning: Wire ysyx_25030085_csr_regfile.\csr_rdata [11] is used but has no driver.
Warning: Wire ysyx_25030085_csr_regfile.\csr_rdata [10] is used but has no driver.
Warning: Wire ysyx_25030085_csr_regfile.\csr_rdata [9] is used but has no driver.
Warning: Wire ysyx_25030085_csr_regfile.\csr_rdata [8] is used but has no driver.
Warning: Wire ysyx_25030085_csr_regfile.\csr_rdata [7] is used but has no driver.
Warning: Wire ysyx_25030085_csr_regfile.\csr_rdata [6] is used but has no driver.
Warning: Wire ysyx_25030085_csr_regfile.\csr_rdata [5] is used but has no driver.
Warning: Wire ysyx_25030085_csr_regfile.\csr_rdata [4] is used but has no driver.
Warning: Wire ysyx_25030085_csr_regfile.\csr_rdata [3] is used but has no driver.
Warning: Wire ysyx_25030085_csr_regfile.\csr_rdata [2] is used but has no driver.
Warning: Wire ysyx_25030085_csr_regfile.\csr_rdata [1] is used but has no driver.
Warning: Wire ysyx_25030085_csr_regfile.\csr_rdata [0] is used but has no driver.
checking module ysyx_25030085_ex..
Warning: Wire ysyx_25030085_ex.\rd_out [3] is used but has no driver.
Warning: Wire ysyx_25030085_ex.\rd_out [2] is used but has no driver.
Warning: Wire ysyx_25030085_ex.\rd_out [1] is used but has no driver.
Warning: Wire ysyx_25030085_ex.\rd_out [0] is used but has no driver.
Warning: Wire ysyx_25030085_ex.\pc_out [31] is used but has no driver.
Warning: Wire ysyx_25030085_ex.\pc_out [30] is used but has no driver.
Warning: Wire ysyx_25030085_ex.\pc_out [29] is used but has no driver.
Warning: Wire ysyx_25030085_ex.\pc_out [28] is used but has no driver.
Warning: Wire ysyx_25030085_ex.\pc_out [27] is used but has no driver.
Warning: Wire ysyx_25030085_ex.\pc_out [26] is used but has no driver.
Warning: Wire ysyx_25030085_ex.\pc_out [25] is used but has no driver.
Warning: Wire ysyx_25030085_ex.\pc_out [24] is used but has no driver.
Warning: Wire ysyx_25030085_ex.\pc_out [23] is used but has no driver.
Warning: Wire ysyx_25030085_ex.\pc_out [22] is used but has no driver.
Warning: Wire ysyx_25030085_ex.\pc_out [21] is used but has no driver.
Warning: Wire ysyx_25030085_ex.\pc_out [20] is used but has no driver.
Warning: Wire ysyx_25030085_ex.\pc_out [19] is used but has no driver.
Warning: Wire ysyx_25030085_ex.\pc_out [18] is used but has no driver.
Warning: Wire ysyx_25030085_ex.\pc_out [17] is used but has no driver.
Warning: Wire ysyx_25030085_ex.\pc_out [16] is used but has no driver.
Warning: Wire ysyx_25030085_ex.\pc_out [15] is used but has no driver.
Warning: Wire ysyx_25030085_ex.\pc_out [14] is used but has no driver.
Warning: Wire ysyx_25030085_ex.\pc_out [13] is used but has no driver.
Warning: Wire ysyx_25030085_ex.\pc_out [12] is used but has no driver.
Warning: Wire ysyx_25030085_ex.\pc_out [11] is used but has no driver.
Warning: Wire ysyx_25030085_ex.\pc_out [10] is used but has no driver.
Warning: Wire ysyx_25030085_ex.\pc_out [9] is used but has no driver.
Warning: Wire ysyx_25030085_ex.\pc_out [8] is used but has no driver.
Warning: Wire ysyx_25030085_ex.\pc_out [7] is used but has no driver.
Warning: Wire ysyx_25030085_ex.\pc_out [6] is used but has no driver.
Warning: Wire ysyx_25030085_ex.\pc_out [5] is used but has no driver.
Warning: Wire ysyx_25030085_ex.\pc_out [4] is used but has no driver.
Warning: Wire ysyx_25030085_ex.\pc_out [3] is used but has no driver.
Warning: Wire ysyx_25030085_ex.\pc_out [2] is used but has no driver.
Warning: Wire ysyx_25030085_ex.\pc_out [1] is used but has no driver.
Warning: Wire ysyx_25030085_ex.\pc_out [0] is used but has no driver.
Warning: Wire ysyx_25030085_ex.\out_valid is used but has no driver.
Warning: Wire ysyx_25030085_ex.\out_rs2_data [31] is used but has no driver.
Warning: Wire ysyx_25030085_ex.\out_rs2_data [30] is used but has no driver.
Warning: Wire ysyx_25030085_ex.\out_rs2_data [29] is used but has no driver.
Warning: Wire ysyx_25030085_ex.\out_rs2_data [28] is used but has no driver.
Warning: Wire ysyx_25030085_ex.\out_rs2_data [27] is used but has no driver.
Warning: Wire ysyx_25030085_ex.\out_rs2_data [26] is used but has no driver.
Warning: Wire ysyx_25030085_ex.\out_rs2_data [25] is used but has no driver.
Warning: Wire ysyx_25030085_ex.\out_rs2_data [24] is used but has no driver.
Warning: Wire ysyx_25030085_ex.\out_rs2_data [23] is used but has no driver.
Warning: Wire ysyx_25030085_ex.\out_rs2_data [22] is used but has no driver.
Warning: Wire ysyx_25030085_ex.\out_rs2_data [21] is used but has no driver.
Warning: Wire ysyx_25030085_ex.\out_rs2_data [20] is used but has no driver.
Warning: Wire ysyx_25030085_ex.\out_rs2_data [19] is used but has no driver.
Warning: Wire ysyx_25030085_ex.\out_rs2_data [18] is used but has no driver.
Warning: Wire ysyx_25030085_ex.\out_rs2_data [17] is used but has no driver.
Warning: Wire ysyx_25030085_ex.\out_rs2_data [16] is used but has no driver.
Warning: Wire ysyx_25030085_ex.\out_rs2_data [15] is used but has no driver.
Warning: Wire ysyx_25030085_ex.\out_rs2_data [14] is used but has no driver.
Warning: Wire ysyx_25030085_ex.\out_rs2_data [13] is used but has no driver.
Warning: Wire ysyx_25030085_ex.\out_rs2_data [12] is used but has no driver.
Warning: Wire ysyx_25030085_ex.\out_rs2_data [11] is used but has no driver.
Warning: Wire ysyx_25030085_ex.\out_rs2_data [10] is used but has no driver.
Warning: Wire ysyx_25030085_ex.\out_rs2_data [9] is used but has no driver.
Warning: Wire ysyx_25030085_ex.\out_rs2_data [8] is used but has no driver.
Warning: Wire ysyx_25030085_ex.\out_rs2_data [7] is used but has no driver.
Warning: Wire ysyx_25030085_ex.\out_rs2_data [6] is used but has no driver.
Warning: Wire ysyx_25030085_ex.\out_rs2_data [5] is used but has no driver.
Warning: Wire ysyx_25030085_ex.\out_rs2_data [4] is used but has no driver.
Warning: Wire ysyx_25030085_ex.\out_rs2_data [3] is used but has no driver.
Warning: Wire ysyx_25030085_ex.\out_rs2_data [2] is used but has no driver.
Warning: Wire ysyx_25030085_ex.\out_rs2_data [1] is used but has no driver.
Warning: Wire ysyx_25030085_ex.\out_rs2_data [0] is used but has no driver.
Warning: Wire ysyx_25030085_ex.\out_ctrl [11] is used but has no driver.
Warning: Wire ysyx_25030085_ex.\out_ctrl [10] is used but has no driver.
Warning: Wire ysyx_25030085_ex.\out_ctrl [9] is used but has no driver.
Warning: Wire ysyx_25030085_ex.\out_ctrl [8] is used but has no driver.
Warning: Wire ysyx_25030085_ex.\out_ctrl [7] is used but has no driver.
Warning: Wire ysyx_25030085_ex.\out_ctrl [6] is used but has no driver.
Warning: Wire ysyx_25030085_ex.\out_ctrl [5] is used but has no driver.
Warning: Wire ysyx_25030085_ex.\out_ctrl [4] is used but has no driver.
Warning: Wire ysyx_25030085_ex.\out_ctrl [3] is used but has no driver.
Warning: Wire ysyx_25030085_ex.\out_ctrl [2] is used but has no driver.
Warning: Wire ysyx_25030085_ex.\out_ctrl [1] is used but has no driver.
Warning: Wire ysyx_25030085_ex.\out_ctrl [0] is used but has no driver.
Warning: Wire ysyx_25030085_ex.\out_Alu_Result [31] is used but has no driver.
Warning: Wire ysyx_25030085_ex.\out_Alu_Result [30] is used but has no driver.
Warning: Wire ysyx_25030085_ex.\out_Alu_Result [29] is used but has no driver.
Warning: Wire ysyx_25030085_ex.\out_Alu_Result [28] is used but has no driver.
Warning: Wire ysyx_25030085_ex.\out_Alu_Result [27] is used but has no driver.
Warning: Wire ysyx_25030085_ex.\out_Alu_Result [26] is used but has no driver.
Warning: Wire ysyx_25030085_ex.\out_Alu_Result [25] is used but has no driver.
Warning: Wire ysyx_25030085_ex.\out_Alu_Result [24] is used but has no driver.
Warning: Wire ysyx_25030085_ex.\out_Alu_Result [23] is used but has no driver.
Warning: Wire ysyx_25030085_ex.\out_Alu_Result [22] is used but has no driver.
Warning: Wire ysyx_25030085_ex.\out_Alu_Result [21] is used but has no driver.
Warning: Wire ysyx_25030085_ex.\out_Alu_Result [20] is used but has no driver.
Warning: Wire ysyx_25030085_ex.\out_Alu_Result [19] is used but has no driver.
Warning: Wire ysyx_25030085_ex.\out_Alu_Result [18] is used but has no driver.
Warning: Wire ysyx_25030085_ex.\out_Alu_Result [17] is used but has no driver.
Warning: Wire ysyx_25030085_ex.\out_Alu_Result [16] is used but has no driver.
Warning: Wire ysyx_25030085_ex.\out_Alu_Result [15] is used but has no driver.
Warning: Wire ysyx_25030085_ex.\out_Alu_Result [14] is used but has no driver.
Warning: Wire ysyx_25030085_ex.\out_Alu_Result [13] is used but has no driver.
Warning: Wire ysyx_25030085_ex.\out_Alu_Result [12] is used but has no driver.
Warning: Wire ysyx_25030085_ex.\out_Alu_Result [11] is used but has no driver.
Warning: Wire ysyx_25030085_ex.\out_Alu_Result [10] is used but has no driver.
Warning: Wire ysyx_25030085_ex.\out_Alu_Result [9] is used but has no driver.
Warning: Wire ysyx_25030085_ex.\out_Alu_Result [8] is used but has no driver.
Warning: Wire ysyx_25030085_ex.\out_Alu_Result [7] is used but has no driver.
Warning: Wire ysyx_25030085_ex.\out_Alu_Result [6] is used but has no driver.
Warning: Wire ysyx_25030085_ex.\out_Alu_Result [5] is used but has no driver.
Warning: Wire ysyx_25030085_ex.\out_Alu_Result [4] is used but has no driver.
Warning: Wire ysyx_25030085_ex.\out_Alu_Result [3] is used but has no driver.
Warning: Wire ysyx_25030085_ex.\out_Alu_Result [2] is used but has no driver.
Warning: Wire ysyx_25030085_ex.\out_Alu_Result [1] is used but has no driver.
Warning: Wire ysyx_25030085_ex.\out_Alu_Result [0] is used but has no driver.
Warning: Wire ysyx_25030085_ex.\next_pc [31] is used but has no driver.
Warning: Wire ysyx_25030085_ex.\next_pc [30] is used but has no driver.
Warning: Wire ysyx_25030085_ex.\next_pc [29] is used but has no driver.
Warning: Wire ysyx_25030085_ex.\next_pc [28] is used but has no driver.
Warning: Wire ysyx_25030085_ex.\next_pc [27] is used but has no driver.
Warning: Wire ysyx_25030085_ex.\next_pc [26] is used but has no driver.
Warning: Wire ysyx_25030085_ex.\next_pc [25] is used but has no driver.
Warning: Wire ysyx_25030085_ex.\next_pc [24] is used but has no driver.
Warning: Wire ysyx_25030085_ex.\next_pc [23] is used but has no driver.
Warning: Wire ysyx_25030085_ex.\next_pc [22] is used but has no driver.
Warning: Wire ysyx_25030085_ex.\next_pc [21] is used but has no driver.
Warning: Wire ysyx_25030085_ex.\next_pc [20] is used but has no driver.
Warning: Wire ysyx_25030085_ex.\next_pc [19] is used but has no driver.
Warning: Wire ysyx_25030085_ex.\next_pc [18] is used but has no driver.
Warning: Wire ysyx_25030085_ex.\next_pc [17] is used but has no driver.
Warning: Wire ysyx_25030085_ex.\next_pc [16] is used but has no driver.
Warning: Wire ysyx_25030085_ex.\next_pc [15] is used but has no driver.
Warning: Wire ysyx_25030085_ex.\next_pc [14] is used but has no driver.
Warning: Wire ysyx_25030085_ex.\next_pc [13] is used but has no driver.
Warning: Wire ysyx_25030085_ex.\next_pc [12] is used but has no driver.
Warning: Wire ysyx_25030085_ex.\next_pc [11] is used but has no driver.
Warning: Wire ysyx_25030085_ex.\next_pc [10] is used but has no driver.
Warning: Wire ysyx_25030085_ex.\next_pc [9] is used but has no driver.
Warning: Wire ysyx_25030085_ex.\next_pc [8] is used but has no driver.
Warning: Wire ysyx_25030085_ex.\next_pc [7] is used but has no driver.
Warning: Wire ysyx_25030085_ex.\next_pc [6] is used but has no driver.
Warning: Wire ysyx_25030085_ex.\next_pc [5] is used but has no driver.
Warning: Wire ysyx_25030085_ex.\next_pc [4] is used but has no driver.
Warning: Wire ysyx_25030085_ex.\next_pc [3] is used but has no driver.
Warning: Wire ysyx_25030085_ex.\next_pc [2] is used but has no driver.
Warning: Wire ysyx_25030085_ex.\next_pc [1] is used but has no driver.
Warning: Wire ysyx_25030085_ex.\next_pc [0] is used but has no driver.
Warning: Wire ysyx_25030085_ex.\in_ready is used but has no driver.
Warning: Wire ysyx_25030085_ex.\imm_out [31] is used but has no driver.
Warning: Wire ysyx_25030085_ex.\imm_out [30] is used but has no driver.
Warning: Wire ysyx_25030085_ex.\imm_out [29] is used but has no driver.
Warning: Wire ysyx_25030085_ex.\imm_out [28] is used but has no driver.
Warning: Wire ysyx_25030085_ex.\imm_out [27] is used but has no driver.
Warning: Wire ysyx_25030085_ex.\imm_out [26] is used but has no driver.
Warning: Wire ysyx_25030085_ex.\imm_out [25] is used but has no driver.
Warning: Wire ysyx_25030085_ex.\imm_out [24] is used but has no driver.
Warning: Wire ysyx_25030085_ex.\imm_out [23] is used but has no driver.
Warning: Wire ysyx_25030085_ex.\imm_out [22] is used but has no driver.
Warning: Wire ysyx_25030085_ex.\imm_out [21] is used but has no driver.
Warning: Wire ysyx_25030085_ex.\imm_out [20] is used but has no driver.
Warning: Wire ysyx_25030085_ex.\imm_out [19] is used but has no driver.
Warning: Wire ysyx_25030085_ex.\imm_out [18] is used but has no driver.
Warning: Wire ysyx_25030085_ex.\imm_out [17] is used but has no driver.
Warning: Wire ysyx_25030085_ex.\imm_out [16] is used but has no driver.
Warning: Wire ysyx_25030085_ex.\imm_out [15] is used but has no driver.
Warning: Wire ysyx_25030085_ex.\imm_out [14] is used but has no driver.
Warning: Wire ysyx_25030085_ex.\imm_out [13] is used but has no driver.
Warning: Wire ysyx_25030085_ex.\imm_out [12] is used but has no driver.
Warning: Wire ysyx_25030085_ex.\csr_wen is used but has no driver.
Warning: Wire ysyx_25030085_ex.\imm_out [11] is used but has no driver.
Warning: Wire ysyx_25030085_ex.\imm_out [10] is used but has no driver.
Warning: Wire ysyx_25030085_ex.\imm_out [9] is used but has no driver.
Warning: Wire ysyx_25030085_ex.\imm_out [8] is used but has no driver.
Warning: Wire ysyx_25030085_ex.\imm_out [7] is used but has no driver.
Warning: Wire ysyx_25030085_ex.\imm_out [6] is used but has no driver.
Warning: Wire ysyx_25030085_ex.\imm_out [5] is used but has no driver.
Warning: Wire ysyx_25030085_ex.\imm_out [4] is used but has no driver.
Warning: Wire ysyx_25030085_ex.\imm_out [3] is used but has no driver.
Warning: Wire ysyx_25030085_ex.\imm_out [2] is used but has no driver.
Warning: Wire ysyx_25030085_ex.\imm_out [1] is used but has no driver.
Warning: Wire ysyx_25030085_ex.\imm_out [0] is used but has no driver.
checking module ysyx_25030085_id..
Warning: Wire ysyx_25030085_id.\rs2_addr [3] is used but has no driver.
Warning: Wire ysyx_25030085_id.\rs2_addr [2] is used but has no driver.
Warning: Wire ysyx_25030085_id.\rs2_addr [1] is used but has no driver.
Warning: Wire ysyx_25030085_id.\rs2_addr [0] is used but has no driver.
Warning: Wire ysyx_25030085_id.\rs1_addr [3] is used but has no driver.
Warning: Wire ysyx_25030085_id.\rs1_addr [2] is used but has no driver.
Warning: Wire ysyx_25030085_id.\rs1_addr [1] is used but has no driver.
Warning: Wire ysyx_25030085_id.\rs1_addr [0] is used but has no driver.
Warning: Wire ysyx_25030085_id.\rd_out [3] is used but has no driver.
Warning: Wire ysyx_25030085_id.\rd_out [2] is used but has no driver.
Warning: Wire ysyx_25030085_id.\rd_out [1] is used but has no driver.
Warning: Wire ysyx_25030085_id.\rd_out [0] is used but has no driver.
Warning: Wire ysyx_25030085_id.\pc_out [31] is used but has no driver.
Warning: Wire ysyx_25030085_id.\pc_out [30] is used but has no driver.
Warning: Wire ysyx_25030085_id.\pc_out [29] is used but has no driver.
Warning: Wire ysyx_25030085_id.\pc_out [28] is used but has no driver.
Warning: Wire ysyx_25030085_id.\pc_out [27] is used but has no driver.
Warning: Wire ysyx_25030085_id.\pc_out [26] is used but has no driver.
Warning: Wire ysyx_25030085_id.\pc_out [25] is used but has no driver.
Warning: Wire ysyx_25030085_id.\pc_out [24] is used but has no driver.
Warning: Wire ysyx_25030085_id.\pc_out [23] is used but has no driver.
Warning: Wire ysyx_25030085_id.\pc_out [22] is used but has no driver.
Warning: Wire ysyx_25030085_id.\pc_out [21] is used but has no driver.
Warning: Wire ysyx_25030085_id.\pc_out [20] is used but has no driver.
Warning: Wire ysyx_25030085_id.\pc_out [19] is used but has no driver.
Warning: Wire ysyx_25030085_id.\pc_out [18] is used but has no driver.
Warning: Wire ysyx_25030085_id.\pc_out [17] is used but has no driver.
Warning: Wire ysyx_25030085_id.\pc_out [16] is used but has no driver.
Warning: Wire ysyx_25030085_id.\pc_out [15] is used but has no driver.
Warning: Wire ysyx_25030085_id.\pc_out [14] is used but has no driver.
Warning: Wire ysyx_25030085_id.\pc_out [13] is used but has no driver.
Warning: Wire ysyx_25030085_id.\pc_out [12] is used but has no driver.
Warning: Wire ysyx_25030085_id.\pc_out [11] is used but has no driver.
Warning: Wire ysyx_25030085_id.\pc_out [10] is used but has no driver.
Warning: Wire ysyx_25030085_id.\pc_out [9] is used but has no driver.
Warning: Wire ysyx_25030085_id.\pc_out [8] is used but has no driver.
Warning: Wire ysyx_25030085_id.\pc_out [7] is used but has no driver.
Warning: Wire ysyx_25030085_id.\pc_out [6] is used but has no driver.
Warning: Wire ysyx_25030085_id.\pc_out [5] is used but has no driver.
Warning: Wire ysyx_25030085_id.\pc_out [4] is used but has no driver.
Warning: Wire ysyx_25030085_id.\pc_out [3] is used but has no driver.
Warning: Wire ysyx_25030085_id.\pc_out [2] is used but has no driver.
Warning: Wire ysyx_25030085_id.\pc_out [1] is used but has no driver.
Warning: Wire ysyx_25030085_id.\pc_out [0] is used but has no driver.
Warning: Wire ysyx_25030085_id.\out_valid is used but has no driver.
Warning: Wire ysyx_25030085_id.\out_rs2_data [31] is used but has no driver.
Warning: Wire ysyx_25030085_id.\out_rs2_data [30] is used but has no driver.
Warning: Wire ysyx_25030085_id.\out_rs2_data [29] is used but has no driver.
Warning: Wire ysyx_25030085_id.\out_rs2_data [28] is used but has no driver.
Warning: Wire ysyx_25030085_id.\out_rs2_data [27] is used but has no driver.
Warning: Wire ysyx_25030085_id.\out_rs2_data [26] is used but has no driver.
Warning: Wire ysyx_25030085_id.\out_rs2_data [25] is used but has no driver.
Warning: Wire ysyx_25030085_id.\out_rs2_data [24] is used but has no driver.
Warning: Wire ysyx_25030085_id.\out_rs2_data [23] is used but has no driver.
Warning: Wire ysyx_25030085_id.\out_rs2_data [22] is used but has no driver.
Warning: Wire ysyx_25030085_id.\out_rs2_data [21] is used but has no driver.
Warning: Wire ysyx_25030085_id.\out_rs2_data [20] is used but has no driver.
Warning: Wire ysyx_25030085_id.\out_rs2_data [19] is used but has no driver.
Warning: Wire ysyx_25030085_id.\out_rs2_data [18] is used but has no driver.
Warning: Wire ysyx_25030085_id.\out_rs2_data [17] is used but has no driver.
Warning: Wire ysyx_25030085_id.\out_rs2_data [16] is used but has no driver.
Warning: Wire ysyx_25030085_id.\out_rs2_data [15] is used but has no driver.
Warning: Wire ysyx_25030085_id.\out_rs2_data [14] is used but has no driver.
Warning: Wire ysyx_25030085_id.\out_rs2_data [13] is used but has no driver.
Warning: Wire ysyx_25030085_id.\out_rs2_data [12] is used but has no driver.
Warning: Wire ysyx_25030085_id.\out_rs2_data [11] is used but has no driver.
Warning: Wire ysyx_25030085_id.\out_rs2_data [10] is used but has no driver.
Warning: Wire ysyx_25030085_id.\out_rs2_data [9] is used but has no driver.
Warning: Wire ysyx_25030085_id.\out_rs2_data [8] is used but has no driver.
Warning: Wire ysyx_25030085_id.\out_rs2_data [7] is used but has no driver.
Warning: Wire ysyx_25030085_id.\out_rs2_data [6] is used but has no driver.
Warning: Wire ysyx_25030085_id.\out_rs2_data [5] is used but has no driver.
Warning: Wire ysyx_25030085_id.\out_rs2_data [4] is used but has no driver.
Warning: Wire ysyx_25030085_id.\out_rs2_data [3] is used but has no driver.
Warning: Wire ysyx_25030085_id.\out_rs2_data [2] is used but has no driver.
Warning: Wire ysyx_25030085_id.\out_rs2_data [1] is used but has no driver.
Warning: Wire ysyx_25030085_id.\out_rs2_data [0] is used but has no driver.
Warning: Wire ysyx_25030085_id.\out_rs1_data [31] is used but has no driver.
Warning: Wire ysyx_25030085_id.\out_rs1_data [30] is used but has no driver.
Warning: Wire ysyx_25030085_id.\out_rs1_data [29] is used but has no driver.
Warning: Wire ysyx_25030085_id.\out_rs1_data [28] is used but has no driver.
Warning: Wire ysyx_25030085_id.\out_rs1_data [27] is used but has no driver.
Warning: Wire ysyx_25030085_id.\out_rs1_data [26] is used but has no driver.
Warning: Wire ysyx_25030085_id.\out_rs1_data [25] is used but has no driver.
Warning: Wire ysyx_25030085_id.\out_rs1_data [24] is used but has no driver.
Warning: Wire ysyx_25030085_id.\out_rs1_data [23] is used but has no driver.
Warning: Wire ysyx_25030085_id.\out_rs1_data [22] is used but has no driver.
Warning: Wire ysyx_25030085_id.\out_rs1_data [21] is used but has no driver.
Warning: Wire ysyx_25030085_id.\out_rs1_data [20] is used but has no driver.
Warning: Wire ysyx_25030085_id.\out_rs1_data [19] is used but has no driver.
Warning: Wire ysyx_25030085_id.\out_rs1_data [18] is used but has no driver.
Warning: Wire ysyx_25030085_id.\out_rs1_data [17] is used but has no driver.
Warning: Wire ysyx_25030085_id.\out_rs1_data [16] is used but has no driver.
Warning: Wire ysyx_25030085_id.\out_rs1_data [15] is used but has no driver.
Warning: Wire ysyx_25030085_id.\out_rs1_data [14] is used but has no driver.
Warning: Wire ysyx_25030085_id.\out_rs1_data [13] is used but has no driver.
Warning: Wire ysyx_25030085_id.\out_rs1_data [12] is used but has no driver.
Warning: Wire ysyx_25030085_id.\out_rs1_data [11] is used but has no driver.
Warning: Wire ysyx_25030085_id.\out_rs1_data [10] is used but has no driver.
Warning: Wire ysyx_25030085_id.\out_rs1_data [9] is used but has no driver.
Warning: Wire ysyx_25030085_id.\out_rs1_data [8] is used but has no driver.
Warning: Wire ysyx_25030085_id.\out_rs1_data [7] is used but has no driver.
Warning: Wire ysyx_25030085_id.\out_rs1_data [6] is used but has no driver.
Warning: Wire ysyx_25030085_id.\out_rs1_data [5] is used but has no driver.
Warning: Wire ysyx_25030085_id.\out_rs1_data [4] is used but has no driver.
Warning: Wire ysyx_25030085_id.\out_rs1_data [3] is used but has no driver.
Warning: Wire ysyx_25030085_id.\out_rs1_data [2] is used but has no driver.
Warning: Wire ysyx_25030085_id.\out_rs1_data [1] is used but has no driver.
Warning: Wire ysyx_25030085_id.\out_rs1_data [0] is used but has no driver.
Warning: Wire ysyx_25030085_id.\in_ready is used but has no driver.
Warning: Wire ysyx_25030085_id.\imm_out [31] is used but has no driver.
Warning: Wire ysyx_25030085_id.\imm_out [30] is used but has no driver.
Warning: Wire ysyx_25030085_id.\imm_out [29] is used but has no driver.
Warning: Wire ysyx_25030085_id.\imm_out [28] is used but has no driver.
Warning: Wire ysyx_25030085_id.\imm_out [27] is used but has no driver.
Warning: Wire ysyx_25030085_id.\imm_out [26] is used but has no driver.
Warning: Wire ysyx_25030085_id.\imm_out [25] is used but has no driver.
Warning: Wire ysyx_25030085_id.\imm_out [24] is used but has no driver.
Warning: Wire ysyx_25030085_id.\imm_out [23] is used but has no driver.
Warning: Wire ysyx_25030085_id.\imm_out [22] is used but has no driver.
Warning: Wire ysyx_25030085_id.\imm_out [21] is used but has no driver.
Warning: Wire ysyx_25030085_id.\imm_out [20] is used but has no driver.
Warning: Wire ysyx_25030085_id.\imm_out [19] is used but has no driver.
Warning: Wire ysyx_25030085_id.\imm_out [18] is used but has no driver.
Warning: Wire ysyx_25030085_id.\imm_out [17] is used but has no driver.
Warning: Wire ysyx_25030085_id.\imm_out [16] is used but has no driver.
Warning: Wire ysyx_25030085_id.\imm_out [15] is used but has no driver.
Warning: Wire ysyx_25030085_id.\imm_out [14] is used but has no driver.
Warning: Wire ysyx_25030085_id.\imm_out [13] is used but has no driver.
Warning: Wire ysyx_25030085_id.\imm_out [12] is used but has no driver.
Warning: Wire ysyx_25030085_id.\imm_out [11] is used but has no driver.
Warning: Wire ysyx_25030085_id.\imm_out [10] is used but has no driver.
Warning: Wire ysyx_25030085_id.\imm_out [9] is used but has no driver.
Warning: Wire ysyx_25030085_id.\imm_out [8] is used but has no driver.
Warning: Wire ysyx_25030085_id.\imm_out [7] is used but has no driver.
Warning: Wire ysyx_25030085_id.\imm_out [6] is used but has no driver.
Warning: Wire ysyx_25030085_id.\imm_out [5] is used but has no driver.
Warning: Wire ysyx_25030085_id.\imm_out [4] is used but has no driver.
Warning: Wire ysyx_25030085_id.\imm_out [3] is used but has no driver.
Warning: Wire ysyx_25030085_id.\imm_out [2] is used but has no driver.
Warning: Wire ysyx_25030085_id.\imm_out [1] is used but has no driver.
Warning: Wire ysyx_25030085_id.\imm_out [0] is used but has no driver.
Warning: Wire ysyx_25030085_id.\ctrl_out [11] is used but has no driver.
Warning: Wire ysyx_25030085_id.\ctrl_out [10] is used but has no driver.
Warning: Wire ysyx_25030085_id.\ctrl_out [9] is used but has no driver.
Warning: Wire ysyx_25030085_id.\ctrl_out [8] is used but has no driver.
Warning: Wire ysyx_25030085_id.\ctrl_out [7] is used but has no driver.
Warning: Wire ysyx_25030085_id.\ctrl_out [6] is used but has no driver.
Warning: Wire ysyx_25030085_id.\ctrl_out [5] is used but has no driver.
Warning: Wire ysyx_25030085_id.\ctrl_out [4] is used but has no driver.
Warning: Wire ysyx_25030085_id.\ctrl_out [3] is used but has no driver.
Warning: Wire ysyx_25030085_id.\ctrl_out [2] is used but has no driver.
Warning: Wire ysyx_25030085_id.\ctrl_out [1] is used but has no driver.
Warning: Wire ysyx_25030085_id.\ctrl_out [0] is used but has no driver.
checking module ysyx_25030085_if..
Warning: Wire ysyx_25030085_if.\pc [31] is used but has no driver.
Warning: Wire ysyx_25030085_if.\pc [30] is used but has no driver.
Warning: Wire ysyx_25030085_if.\pc [29] is used but has no driver.
Warning: Wire ysyx_25030085_if.\pc [28] is used but has no driver.
Warning: Wire ysyx_25030085_if.\pc [27] is used but has no driver.
Warning: Wire ysyx_25030085_if.\pc [26] is used but has no driver.
Warning: Wire ysyx_25030085_if.\pc [25] is used but has no driver.
Warning: Wire ysyx_25030085_if.\pc [24] is used but has no driver.
Warning: Wire ysyx_25030085_if.\pc [23] is used but has no driver.
Warning: Wire ysyx_25030085_if.\pc [22] is used but has no driver.
Warning: Wire ysyx_25030085_if.\pc [21] is used but has no driver.
Warning: Wire ysyx_25030085_if.\pc [20] is used but has no driver.
Warning: Wire ysyx_25030085_if.\pc [19] is used but has no driver.
Warning: Wire ysyx_25030085_if.\pc [18] is used but has no driver.
Warning: Wire ysyx_25030085_if.\pc [17] is used but has no driver.
Warning: Wire ysyx_25030085_if.\pc [16] is used but has no driver.
Warning: Wire ysyx_25030085_if.\pc [15] is used but has no driver.
Warning: Wire ysyx_25030085_if.\pc [14] is used but has no driver.
Warning: Wire ysyx_25030085_if.\pc [13] is used but has no driver.
Warning: Wire ysyx_25030085_if.\pc [12] is used but has no driver.
Warning: Wire ysyx_25030085_if.\pc [11] is used but has no driver.
Warning: Wire ysyx_25030085_if.\pc [10] is used but has no driver.
Warning: Wire ysyx_25030085_if.\pc [9] is used but has no driver.
Warning: Wire ysyx_25030085_if.\pc [8] is used but has no driver.
Warning: Wire ysyx_25030085_if.\pc [7] is used but has no driver.
Warning: Wire ysyx_25030085_if.\pc [6] is used but has no driver.
Warning: Wire ysyx_25030085_if.\pc [5] is used but has no driver.
Warning: Wire ysyx_25030085_if.\pc [4] is used but has no driver.
Warning: Wire ysyx_25030085_if.\pc [3] is used but has no driver.
Warning: Wire ysyx_25030085_if.\pc [2] is used but has no driver.
Warning: Wire ysyx_25030085_if.\pc [1] is used but has no driver.
Warning: Wire ysyx_25030085_if.\pc [0] is used but has no driver.
Warning: Wire ysyx_25030085_if.\out_valid is used but has no driver.
Warning: Wire ysyx_25030085_if.\inst [31] is used but has no driver.
Warning: Wire ysyx_25030085_if.\inst [30] is used but has no driver.
Warning: Wire ysyx_25030085_if.\inst [29] is used but has no driver.
Warning: Wire ysyx_25030085_if.\inst [28] is used but has no driver.
Warning: Wire ysyx_25030085_if.\inst [27] is used but has no driver.
Warning: Wire ysyx_25030085_if.\inst [26] is used but has no driver.
Warning: Wire ysyx_25030085_if.\inst [25] is used but has no driver.
Warning: Wire ysyx_25030085_if.\inst [24] is used but has no driver.
Warning: Wire ysyx_25030085_if.\inst [23] is used but has no driver.
Warning: Wire ysyx_25030085_if.\inst [22] is used but has no driver.
Warning: Wire ysyx_25030085_if.\inst [21] is used but has no driver.
Warning: Wire ysyx_25030085_if.\inst [20] is used but has no driver.
Warning: Wire ysyx_25030085_if.\inst [19] is used but has no driver.
Warning: Wire ysyx_25030085_if.\inst [18] is used but has no driver.
Warning: Wire ysyx_25030085_if.\inst [17] is used but has no driver.
Warning: Wire ysyx_25030085_if.\inst [16] is used but has no driver.
Warning: Wire ysyx_25030085_if.\inst [15] is used but has no driver.
Warning: Wire ysyx_25030085_if.\inst [14] is used but has no driver.
Warning: Wire ysyx_25030085_if.\inst [13] is used but has no driver.
Warning: Wire ysyx_25030085_if.\inst [12] is used but has no driver.
Warning: Wire ysyx_25030085_if.\inst [11] is used but has no driver.
Warning: Wire ysyx_25030085_if.\inst [10] is used but has no driver.
Warning: Wire ysyx_25030085_if.\inst [9] is used but has no driver.
Warning: Wire ysyx_25030085_if.\inst [8] is used but has no driver.
Warning: Wire ysyx_25030085_if.\inst [7] is used but has no driver.
Warning: Wire ysyx_25030085_if.\inst [6] is used but has no driver.
Warning: Wire ysyx_25030085_if.\inst [5] is used but has no driver.
Warning: Wire ysyx_25030085_if.\inst [4] is used but has no driver.
Warning: Wire ysyx_25030085_if.\inst [3] is used but has no driver.
Warning: Wire ysyx_25030085_if.\inst [2] is used but has no driver.
Warning: Wire ysyx_25030085_if.\inst [1] is used but has no driver.
Warning: Wire ysyx_25030085_if.\inst [0] is used but has no driver.
Warning: Wire ysyx_25030085_if.\ifu_reqValid is used but has no driver.
Warning: Wire ysyx_25030085_if.\ifu_addr [31] is used but has no driver.
Warning: Wire ysyx_25030085_if.\ifu_addr [30] is used but has no driver.
Warning: Wire ysyx_25030085_if.\ifu_addr [29] is used but has no driver.
Warning: Wire ysyx_25030085_if.\ifu_addr [28] is used but has no driver.
Warning: Wire ysyx_25030085_if.\ifu_addr [27] is used but has no driver.
Warning: Wire ysyx_25030085_if.\ifu_addr [26] is used but has no driver.
Warning: Wire ysyx_25030085_if.\ifu_addr [25] is used but has no driver.
Warning: Wire ysyx_25030085_if.\ifu_addr [24] is used but has no driver.
Warning: Wire ysyx_25030085_if.\ifu_addr [23] is used but has no driver.
Warning: Wire ysyx_25030085_if.\ifu_addr [22] is used but has no driver.
Warning: Wire ysyx_25030085_if.\ifu_addr [21] is used but has no driver.
Warning: Wire ysyx_25030085_if.\ifu_addr [20] is used but has no driver.
Warning: Wire ysyx_25030085_if.\ifu_addr [19] is used but has no driver.
Warning: Wire ysyx_25030085_if.\ifu_addr [18] is used but has no driver.
Warning: Wire ysyx_25030085_if.\ifu_addr [17] is used but has no driver.
Warning: Wire ysyx_25030085_if.\ifu_addr [16] is used but has no driver.
Warning: Wire ysyx_25030085_if.\ifu_addr [15] is used but has no driver.
Warning: Wire ysyx_25030085_if.\ifu_addr [14] is used but has no driver.
Warning: Wire ysyx_25030085_if.\ifu_addr [13] is used but has no driver.
Warning: Wire ysyx_25030085_if.\ifu_addr [12] is used but has no driver.
Warning: Wire ysyx_25030085_if.\ifu_addr [11] is used but has no driver.
Warning: Wire ysyx_25030085_if.\ifu_addr [10] is used but has no driver.
Warning: Wire ysyx_25030085_if.\ifu_addr [9] is used but has no driver.
Warning: Wire ysyx_25030085_if.\ifu_addr [8] is used but has no driver.
Warning: Wire ysyx_25030085_if.\ifu_addr [7] is used but has no driver.
Warning: Wire ysyx_25030085_if.\ifu_addr [6] is used but has no driver.
Warning: Wire ysyx_25030085_if.\ifu_addr [5] is used but has no driver.
Warning: Wire ysyx_25030085_if.\ifu_addr [4] is used but has no driver.
Warning: Wire ysyx_25030085_if.\ifu_addr [3] is used but has no driver.
Warning: Wire ysyx_25030085_if.\ifu_addr [2] is used but has no driver.
Warning: Wire ysyx_25030085_if.\ifu_addr [1] is used but has no driver.
Warning: Wire ysyx_25030085_if.\ifu_addr [0] is used but has no driver.
checking module ysyx_25030085_lsu..
Warning: Wire ysyx_25030085_lsu.\rd_out [3] is used but has no driver.
Warning: Wire ysyx_25030085_lsu.\rd_out [2] is used but has no driver.
Warning: Wire ysyx_25030085_lsu.\rd_out [1] is used but has no driver.
Warning: Wire ysyx_25030085_lsu.\rd_out [0] is used but has no driver.
Warning: Wire ysyx_25030085_lsu.\pc_out [31] is used but has no driver.
Warning: Wire ysyx_25030085_lsu.\pc_out [30] is used but has no driver.
Warning: Wire ysyx_25030085_lsu.\pc_out [29] is used but has no driver.
Warning: Wire ysyx_25030085_lsu.\pc_out [28] is used but has no driver.
Warning: Wire ysyx_25030085_lsu.\pc_out [27] is used but has no driver.
Warning: Wire ysyx_25030085_lsu.\pc_out [26] is used but has no driver.
Warning: Wire ysyx_25030085_lsu.\pc_out [25] is used but has no driver.
Warning: Wire ysyx_25030085_lsu.\pc_out [24] is used but has no driver.
Warning: Wire ysyx_25030085_lsu.\pc_out [23] is used but has no driver.
Warning: Wire ysyx_25030085_lsu.\pc_out [22] is used but has no driver.
Warning: Wire ysyx_25030085_lsu.\pc_out [21] is used but has no driver.
Warning: Wire ysyx_25030085_lsu.\pc_out [20] is used but has no driver.
Warning: Wire ysyx_25030085_lsu.\pc_out [19] is used but has no driver.
Warning: Wire ysyx_25030085_lsu.\pc_out [18] is used but has no driver.
Warning: Wire ysyx_25030085_lsu.\pc_out [17] is used but has no driver.
Warning: Wire ysyx_25030085_lsu.\pc_out [16] is used but has no driver.
Warning: Wire ysyx_25030085_lsu.\pc_out [15] is used but has no driver.
Warning: Wire ysyx_25030085_lsu.\pc_out [14] is used but has no driver.
Warning: Wire ysyx_25030085_lsu.\pc_out [13] is used but has no driver.
Warning: Wire ysyx_25030085_lsu.\pc_out [12] is used but has no driver.
Warning: Wire ysyx_25030085_lsu.\pc_out [11] is used but has no driver.
Warning: Wire ysyx_25030085_lsu.\pc_out [10] is used but has no driver.
Warning: Wire ysyx_25030085_lsu.\pc_out [9] is used but has no driver.
Warning: Wire ysyx_25030085_lsu.\pc_out [8] is used but has no driver.
Warning: Wire ysyx_25030085_lsu.\pc_out [7] is used but has no driver.
Warning: Wire ysyx_25030085_lsu.\pc_out [6] is used but has no driver.
Warning: Wire ysyx_25030085_lsu.\pc_out [5] is used but has no driver.
Warning: Wire ysyx_25030085_lsu.\pc_out [4] is used but has no driver.
Warning: Wire ysyx_25030085_lsu.\pc_out [3] is used but has no driver.
Warning: Wire ysyx_25030085_lsu.\pc_out [2] is used but has no driver.
Warning: Wire ysyx_25030085_lsu.\pc_out [1] is used but has no driver.
Warning: Wire ysyx_25030085_lsu.\pc_out [0] is used but has no driver.
Warning: Wire ysyx_25030085_lsu.\out_valid is used but has no driver.
Warning: Wire ysyx_25030085_lsu.\npc_out [31] is used but has no driver.
Warning: Wire ysyx_25030085_lsu.\npc_out [30] is used but has no driver.
Warning: Wire ysyx_25030085_lsu.\npc_out [29] is used but has no driver.
Warning: Wire ysyx_25030085_lsu.\npc_out [28] is used but has no driver.
Warning: Wire ysyx_25030085_lsu.\npc_out [27] is used but has no driver.
Warning: Wire ysyx_25030085_lsu.\npc_out [26] is used but has no driver.
Warning: Wire ysyx_25030085_lsu.\npc_out [25] is used but has no driver.
Warning: Wire ysyx_25030085_lsu.\npc_out [24] is used but has no driver.
Warning: Wire ysyx_25030085_lsu.\npc_out [23] is used but has no driver.
Warning: Wire ysyx_25030085_lsu.\npc_out [22] is used but has no driver.
Warning: Wire ysyx_25030085_lsu.\npc_out [21] is used but has no driver.
Warning: Wire ysyx_25030085_lsu.\npc_out [20] is used but has no driver.
Warning: Wire ysyx_25030085_lsu.\npc_out [19] is used but has no driver.
Warning: Wire ysyx_25030085_lsu.\npc_out [18] is used but has no driver.
Warning: Wire ysyx_25030085_lsu.\npc_out [17] is used but has no driver.
Warning: Wire ysyx_25030085_lsu.\npc_out [16] is used but has no driver.
Warning: Wire ysyx_25030085_lsu.\npc_out [15] is used but has no driver.
Warning: Wire ysyx_25030085_lsu.\npc_out [14] is used but has no driver.
Warning: Wire ysyx_25030085_lsu.\npc_out [13] is used but has no driver.
Warning: Wire ysyx_25030085_lsu.\npc_out [12] is used but has no driver.
Warning: Wire ysyx_25030085_lsu.\npc_out [11] is used but has no driver.
Warning: Wire ysyx_25030085_lsu.\npc_out [10] is used but has no driver.
Warning: Wire ysyx_25030085_lsu.\npc_out [9] is used but has no driver.
Warning: Wire ysyx_25030085_lsu.\npc_out [8] is used but has no driver.
Warning: Wire ysyx_25030085_lsu.\npc_out [7] is used but has no driver.
Warning: Wire ysyx_25030085_lsu.\npc_out [6] is used but has no driver.
Warning: Wire ysyx_25030085_lsu.\npc_out [5] is used but has no driver.
Warning: Wire ysyx_25030085_lsu.\npc_out [4] is used but has no driver.
Warning: Wire ysyx_25030085_lsu.\npc_out [3] is used but has no driver.
Warning: Wire ysyx_25030085_lsu.\npc_out [2] is used but has no driver.
Warning: Wire ysyx_25030085_lsu.\npc_out [1] is used but has no driver.
Warning: Wire ysyx_25030085_lsu.\npc_out [0] is used but has no driver.
Warning: Wire ysyx_25030085_lsu.\mem_rdata [31] is used but has no driver.
Warning: Wire ysyx_25030085_lsu.\mem_rdata [30] is used but has no driver.
Warning: Wire ysyx_25030085_lsu.\mem_rdata [29] is used but has no driver.
Warning: Wire ysyx_25030085_lsu.\mem_rdata [28] is used but has no driver.
Warning: Wire ysyx_25030085_lsu.\mem_rdata [27] is used but has no driver.
Warning: Wire ysyx_25030085_lsu.\mem_rdata [26] is used but has no driver.
Warning: Wire ysyx_25030085_lsu.\mem_rdata [25] is used but has no driver.
Warning: Wire ysyx_25030085_lsu.\mem_rdata [24] is used but has no driver.
Warning: Wire ysyx_25030085_lsu.\mem_rdata [23] is used but has no driver.
Warning: Wire ysyx_25030085_lsu.\mem_rdata [22] is used but has no driver.
Warning: Wire ysyx_25030085_lsu.\mem_rdata [21] is used but has no driver.
Warning: Wire ysyx_25030085_lsu.\mem_rdata [20] is used but has no driver.
Warning: Wire ysyx_25030085_lsu.\mem_rdata [19] is used but has no driver.
Warning: Wire ysyx_25030085_lsu.\mem_rdata [18] is used but has no driver.
Warning: Wire ysyx_25030085_lsu.\mem_rdata [17] is used but has no driver.
Warning: Wire ysyx_25030085_lsu.\mem_rdata [16] is used but has no driver.
Warning: Wire ysyx_25030085_lsu.\mem_rdata [15] is used but has no driver.
Warning: Wire ysyx_25030085_lsu.\mem_rdata [14] is used but has no driver.
Warning: Wire ysyx_25030085_lsu.\mem_rdata [13] is used but has no driver.
Warning: Wire ysyx_25030085_lsu.\mem_rdata [12] is used but has no driver.
Warning: Wire ysyx_25030085_lsu.\mem_rdata [11] is used but has no driver.
Warning: Wire ysyx_25030085_lsu.\mem_rdata [10] is used but has no driver.
Warning: Wire ysyx_25030085_lsu.\mem_rdata [9] is used but has no driver.
Warning: Wire ysyx_25030085_lsu.\mem_rdata [8] is used but has no driver.
Warning: Wire ysyx_25030085_lsu.\mem_rdata [7] is used but has no driver.
Warning: Wire ysyx_25030085_lsu.\mem_rdata [6] is used but has no driver.
Warning: Wire ysyx_25030085_lsu.\mem_rdata [5] is used but has no driver.
Warning: Wire ysyx_25030085_lsu.\mem_rdata [4] is used but has no driver.
Warning: Wire ysyx_25030085_lsu.\mem_rdata [3] is used but has no driver.
Warning: Wire ysyx_25030085_lsu.\mem_rdata [2] is used but has no driver.
Warning: Wire ysyx_25030085_lsu.\mem_rdata [1] is used but has no driver.
Warning: Wire ysyx_25030085_lsu.\mem_rdata [0] is used but has no driver.
Warning: Wire ysyx_25030085_lsu.\lsu_wmask [3] is used but has no driver.
Warning: Wire ysyx_25030085_lsu.\lsu_wmask [2] is used but has no driver.
Warning: Wire ysyx_25030085_lsu.\lsu_wmask [1] is used but has no driver.
Warning: Wire ysyx_25030085_lsu.\lsu_wmask [0] is used but has no driver.
Warning: Wire ysyx_25030085_lsu.\lsu_wen is used but has no driver.
Warning: Wire ysyx_25030085_lsu.\lsu_wdata [31] is used but has no driver.
Warning: Wire ysyx_25030085_lsu.\lsu_wdata [30] is used but has no driver.
Warning: Wire ysyx_25030085_lsu.\lsu_wdata [29] is used but has no driver.
Warning: Wire ysyx_25030085_lsu.\lsu_wdata [28] is used but has no driver.
Warning: Wire ysyx_25030085_lsu.\lsu_wdata [27] is used but has no driver.
Warning: Wire ysyx_25030085_lsu.\lsu_wdata [26] is used but has no driver.
Warning: Wire ysyx_25030085_lsu.\lsu_wdata [25] is used but has no driver.
Warning: Wire ysyx_25030085_lsu.\lsu_wdata [24] is used but has no driver.
Warning: Wire ysyx_25030085_lsu.\lsu_wdata [23] is used but has no driver.
Warning: Wire ysyx_25030085_lsu.\lsu_wdata [22] is used but has no driver.
Warning: Wire ysyx_25030085_lsu.\lsu_wdata [21] is used but has no driver.
Warning: Wire ysyx_25030085_lsu.\lsu_wdata [20] is used but has no driver.
Warning: Wire ysyx_25030085_lsu.\lsu_wdata [19] is used but has no driver.
Warning: Wire ysyx_25030085_lsu.\lsu_wdata [18] is used but has no driver.
Warning: Wire ysyx_25030085_lsu.\lsu_wdata [17] is used but has no driver.
Warning: Wire ysyx_25030085_lsu.\lsu_wdata [16] is used but has no driver.
Warning: Wire ysyx_25030085_lsu.\lsu_wdata [15] is used but has no driver.
Warning: Wire ysyx_25030085_lsu.\lsu_wdata [14] is used but has no driver.
Warning: Wire ysyx_25030085_lsu.\lsu_wdata [13] is used but has no driver.
Warning: Wire ysyx_25030085_lsu.\lsu_wdata [12] is used but has no driver.
Warning: Wire ysyx_25030085_lsu.\lsu_wdata [11] is used but has no driver.
Warning: Wire ysyx_25030085_lsu.\lsu_wdata [10] is used but has no driver.
Warning: Wire ysyx_25030085_lsu.\lsu_wdata [9] is used but has no driver.
Warning: Wire ysyx_25030085_lsu.\lsu_wdata [8] is used but has no driver.
Warning: Wire ysyx_25030085_lsu.\lsu_wdata [7] is used but has no driver.
Warning: Wire ysyx_25030085_lsu.\lsu_wdata [6] is used but has no driver.
Warning: Wire ysyx_25030085_lsu.\lsu_wdata [5] is used but has no driver.
Warning: Wire ysyx_25030085_lsu.\lsu_wdata [4] is used but has no driver.
Warning: Wire ysyx_25030085_lsu.\lsu_wdata [3] is used but has no driver.
Warning: Wire ysyx_25030085_lsu.\lsu_wdata [2] is used but has no driver.
Warning: Wire ysyx_25030085_lsu.\lsu_wdata [1] is used but has no driver.
Warning: Wire ysyx_25030085_lsu.\lsu_wdata [0] is used but has no driver.
Warning: Wire ysyx_25030085_lsu.\lsu_size [1] is used but has no driver.
Warning: Wire ysyx_25030085_lsu.\lsu_size [0] is used but has no driver.
Warning: Wire ysyx_25030085_lsu.\lsu_reqValid is used but has no driver.
Warning: Wire ysyx_25030085_lsu.\lsu_addr [31] is used but has no driver.
Warning: Wire ysyx_25030085_lsu.\lsu_addr [30] is used but has no driver.
Warning: Wire ysyx_25030085_lsu.\lsu_addr [29] is used but has no driver.
Warning: Wire ysyx_25030085_lsu.\lsu_addr [28] is used but has no driver.
Warning: Wire ysyx_25030085_lsu.\lsu_addr [27] is used but has no driver.
Warning: Wire ysyx_25030085_lsu.\lsu_addr [26] is used but has no driver.
Warning: Wire ysyx_25030085_lsu.\lsu_addr [25] is used but has no driver.
Warning: Wire ysyx_25030085_lsu.\lsu_addr [24] is used but has no driver.
Warning: Wire ysyx_25030085_lsu.\lsu_addr [23] is used but has no driver.
Warning: Wire ysyx_25030085_lsu.\lsu_addr [22] is used but has no driver.
Warning: Wire ysyx_25030085_lsu.\lsu_addr [21] is used but has no driver.
Warning: Wire ysyx_25030085_lsu.\lsu_addr [20] is used but has no driver.
Warning: Wire ysyx_25030085_lsu.\lsu_addr [19] is used but has no driver.
Warning: Wire ysyx_25030085_lsu.\lsu_addr [18] is used but has no driver.
Warning: Wire ysyx_25030085_lsu.\lsu_addr [17] is used but has no driver.
Warning: Wire ysyx_25030085_lsu.\lsu_addr [16] is used but has no driver.
Warning: Wire ysyx_25030085_lsu.\lsu_addr [15] is used but has no driver.
Warning: Wire ysyx_25030085_lsu.\lsu_addr [14] is used but has no driver.
Warning: Wire ysyx_25030085_lsu.\lsu_addr [13] is used but has no driver.
Warning: Wire ysyx_25030085_lsu.\lsu_addr [12] is used but has no driver.
Warning: Wire ysyx_25030085_lsu.\lsu_addr [11] is used but has no driver.
Warning: Wire ysyx_25030085_lsu.\lsu_addr [10] is used but has no driver.
Warning: Wire ysyx_25030085_lsu.\lsu_addr [9] is used but has no driver.
Warning: Wire ysyx_25030085_lsu.\lsu_addr [8] is used but has no driver.
Warning: Wire ysyx_25030085_lsu.\lsu_addr [7] is used but has no driver.
Warning: Wire ysyx_25030085_lsu.\lsu_addr [6] is used but has no driver.
Warning: Wire ysyx_25030085_lsu.\lsu_addr [5] is used but has no driver.
Warning: Wire ysyx_25030085_lsu.\lsu_addr [4] is used but has no driver.
Warning: Wire ysyx_25030085_lsu.\lsu_addr [3] is used but has no driver.
Warning: Wire ysyx_25030085_lsu.\lsu_addr [2] is used but has no driver.
Warning: Wire ysyx_25030085_lsu.\lsu_addr [1] is used but has no driver.
Warning: Wire ysyx_25030085_lsu.\lsu_addr [0] is used but has no driver.
Warning: Wire ysyx_25030085_lsu.\in_ready is used but has no driver.
Warning: Wire ysyx_25030085_lsu.\imm_out [31] is used but has no driver.
Warning: Wire ysyx_25030085_lsu.\imm_out [30] is used but has no driver.
Warning: Wire ysyx_25030085_lsu.\imm_out [29] is used but has no driver.
Warning: Wire ysyx_25030085_lsu.\imm_out [28] is used but has no driver.
Warning: Wire ysyx_25030085_lsu.\imm_out [27] is used but has no driver.
Warning: Wire ysyx_25030085_lsu.\imm_out [26] is used but has no driver.
Warning: Wire ysyx_25030085_lsu.\imm_out [25] is used but has no driver.
Warning: Wire ysyx_25030085_lsu.\imm_out [24] is used but has no driver.
Warning: Wire ysyx_25030085_lsu.\imm_out [23] is used but has no driver.
Warning: Wire ysyx_25030085_lsu.\imm_out [22] is used but has no driver.
Warning: Wire ysyx_25030085_lsu.\imm_out [21] is used but has no driver.
Warning: Wire ysyx_25030085_lsu.\imm_out [20] is used but has no driver.
Warning: Wire ysyx_25030085_lsu.\imm_out [19] is used but has no driver.
Warning: Wire ysyx_25030085_lsu.\imm_out [18] is used but has no driver.
Warning: Wire ysyx_25030085_lsu.\imm_out [17] is used but has no driver.
Warning: Wire ysyx_25030085_lsu.\imm_out [16] is used but has no driver.
Warning: Wire ysyx_25030085_lsu.\imm_out [15] is used but has no driver.
Warning: Wire ysyx_25030085_lsu.\imm_out [14] is used but has no driver.
Warning: Wire ysyx_25030085_lsu.\imm_out [13] is used but has no driver.
Warning: Wire ysyx_25030085_lsu.\imm_out [12] is used but has no driver.
Warning: Wire ysyx_25030085_lsu.\imm_out [11] is used but has no driver.
Warning: Wire ysyx_25030085_lsu.\imm_out [10] is used but has no driver.
Warning: Wire ysyx_25030085_lsu.\imm_out [9] is used but has no driver.
Warning: Wire ysyx_25030085_lsu.\imm_out [8] is used but has no driver.
Warning: Wire ysyx_25030085_lsu.\imm_out [7] is used but has no driver.
Warning: Wire ysyx_25030085_lsu.\imm_out [6] is used but has no driver.
Warning: Wire ysyx_25030085_lsu.\imm_out [5] is used but has no driver.
Warning: Wire ysyx_25030085_lsu.\imm_out [4] is used but has no driver.
Warning: Wire ysyx_25030085_lsu.\imm_out [3] is used but has no driver.
Warning: Wire ysyx_25030085_lsu.\imm_out [2] is used but has no driver.
Warning: Wire ysyx_25030085_lsu.\imm_out [1] is used but has no driver.
Warning: Wire ysyx_25030085_lsu.\imm_out [0] is used but has no driver.
Warning: Wire ysyx_25030085_lsu.\ctrl_out [11] is used but has no driver.
Warning: Wire ysyx_25030085_lsu.\ctrl_out [10] is used but has no driver.
Warning: Wire ysyx_25030085_lsu.\ctrl_out [9] is used but has no driver.
Warning: Wire ysyx_25030085_lsu.\ctrl_out [8] is used but has no driver.
Warning: Wire ysyx_25030085_lsu.\ctrl_out [7] is used but has no driver.
Warning: Wire ysyx_25030085_lsu.\ctrl_out [6] is used but has no driver.
Warning: Wire ysyx_25030085_lsu.\ctrl_out [5] is used but has no driver.
Warning: Wire ysyx_25030085_lsu.\ctrl_out [4] is used but has no driver.
Warning: Wire ysyx_25030085_lsu.\ctrl_out [3] is used but has no driver.
Warning: Wire ysyx_25030085_lsu.\ctrl_out [2] is used but has no driver.
Warning: Wire ysyx_25030085_lsu.\ctrl_out [1] is used but has no driver.
Warning: Wire ysyx_25030085_lsu.\ctrl_out [0] is used but has no driver.
Warning: Wire ysyx_25030085_lsu.\alu_result [31] is used but has no driver.
Warning: Wire ysyx_25030085_lsu.\alu_result [30] is used but has no driver.
Warning: Wire ysyx_25030085_lsu.\alu_result [29] is used but has no driver.
Warning: Wire ysyx_25030085_lsu.\alu_result [28] is used but has no driver.
Warning: Wire ysyx_25030085_lsu.\alu_result [27] is used but has no driver.
Warning: Wire ysyx_25030085_lsu.\alu_result [26] is used but has no driver.
Warning: Wire ysyx_25030085_lsu.\alu_result [25] is used but has no driver.
Warning: Wire ysyx_25030085_lsu.\alu_result [24] is used but has no driver.
Warning: Wire ysyx_25030085_lsu.\alu_result [23] is used but has no driver.
Warning: Wire ysyx_25030085_lsu.\alu_result [22] is used but has no driver.
Warning: Wire ysyx_25030085_lsu.\alu_result [21] is used but has no driver.
Warning: Wire ysyx_25030085_lsu.\alu_result [20] is used but has no driver.
Warning: Wire ysyx_25030085_lsu.\alu_result [19] is used but has no driver.
Warning: Wire ysyx_25030085_lsu.\alu_result [18] is used but has no driver.
Warning: Wire ysyx_25030085_lsu.\alu_result [17] is used but has no driver.
Warning: Wire ysyx_25030085_lsu.\alu_result [16] is used but has no driver.
Warning: Wire ysyx_25030085_lsu.\alu_result [15] is used but has no driver.
Warning: Wire ysyx_25030085_lsu.\alu_result [14] is used but has no driver.
Warning: Wire ysyx_25030085_lsu.\alu_result [13] is used but has no driver.
Warning: Wire ysyx_25030085_lsu.\alu_result [12] is used but has no driver.
Warning: Wire ysyx_25030085_lsu.\alu_result [11] is used but has no driver.
Warning: Wire ysyx_25030085_lsu.\alu_result [10] is used but has no driver.
Warning: Wire ysyx_25030085_lsu.\alu_result [9] is used but has no driver.
Warning: Wire ysyx_25030085_lsu.\alu_result [8] is used but has no driver.
Warning: Wire ysyx_25030085_lsu.\alu_result [7] is used but has no driver.
Warning: Wire ysyx_25030085_lsu.\alu_result [6] is used but has no driver.
Warning: Wire ysyx_25030085_lsu.\alu_result [5] is used but has no driver.
Warning: Wire ysyx_25030085_lsu.\alu_result [4] is used but has no driver.
Warning: Wire ysyx_25030085_lsu.\alu_result [3] is used but has no driver.
Warning: Wire ysyx_25030085_lsu.\alu_result [2] is used but has no driver.
Warning: Wire ysyx_25030085_lsu.\alu_result [1] is used but has no driver.
Warning: Wire ysyx_25030085_lsu.\alu_result [0] is used but has no driver.
checking module ysyx_25030085_wb..
Warning: Wire ysyx_25030085_wb.\reg_wen is used but has no driver.
Warning: Wire ysyx_25030085_wb.\reg_wdata [31] is used but has no driver.
Warning: Wire ysyx_25030085_wb.\reg_wdata [30] is used but has no driver.
Warning: Wire ysyx_25030085_wb.\reg_wdata [29] is used but has no driver.
Warning: Wire ysyx_25030085_wb.\reg_wdata [28] is used but has no driver.
Warning: Wire ysyx_25030085_wb.\reg_wdata [27] is used but has no driver.
Warning: Wire ysyx_25030085_wb.\reg_wdata [26] is used but has no driver.
Warning: Wire ysyx_25030085_wb.\reg_wdata [25] is used but has no driver.
Warning: Wire ysyx_25030085_wb.\reg_wdata [24] is used but has no driver.
Warning: Wire ysyx_25030085_wb.\reg_wdata [23] is used but has no driver.
Warning: Wire ysyx_25030085_wb.\reg_wdata [22] is used but has no driver.
Warning: Wire ysyx_25030085_wb.\reg_wdata [21] is used but has no driver.
Warning: Wire ysyx_25030085_wb.\reg_wdata [20] is used but has no driver.
Warning: Wire ysyx_25030085_wb.\reg_wdata [19] is used but has no driver.
Warning: Wire ysyx_25030085_wb.\reg_wdata [18] is used but has no driver.
Warning: Wire ysyx_25030085_wb.\reg_wdata [17] is used but has no driver.
Warning: Wire ysyx_25030085_wb.\reg_wdata [16] is used but has no driver.
Warning: Wire ysyx_25030085_wb.\reg_wdata [15] is used but has no driver.
Warning: Wire ysyx_25030085_wb.\reg_wdata [14] is used but has no driver.
Warning: Wire ysyx_25030085_wb.\reg_wdata [13] is used but has no driver.
Warning: Wire ysyx_25030085_wb.\reg_wdata [12] is used but has no driver.
Warning: Wire ysyx_25030085_wb.\reg_wdata [11] is used but has no driver.
Warning: Wire ysyx_25030085_wb.\reg_wdata [10] is used but has no driver.
Warning: Wire ysyx_25030085_wb.\reg_wdata [9] is used but has no driver.
Warning: Wire ysyx_25030085_wb.\reg_wdata [8] is used but has no driver.
Warning: Wire ysyx_25030085_wb.\reg_wdata [7] is used but has no driver.
Warning: Wire ysyx_25030085_wb.\reg_wdata [6] is used but has no driver.
Warning: Wire ysyx_25030085_wb.\reg_wdata [5] is used but has no driver.
Warning: Wire ysyx_25030085_wb.\reg_wdata [4] is used but has no driver.
Warning: Wire ysyx_25030085_wb.\reg_wdata [3] is used but has no driver.
Warning: Wire ysyx_25030085_wb.\reg_wdata [2] is used but has no driver.
Warning: Wire ysyx_25030085_wb.\reg_wdata [1] is used but has no driver.
Warning: Wire ysyx_25030085_wb.\reg_wdata [0] is used but has no driver.
Warning: Wire ysyx_25030085_wb.\reg_waddr [3] is used but has no driver.
Warning: Wire ysyx_25030085_wb.\reg_waddr [2] is used but has no driver.
Warning: Wire ysyx_25030085_wb.\reg_waddr [1] is used but has no driver.
Warning: Wire ysyx_25030085_wb.\reg_waddr [0] is used but has no driver.
Warning: Wire ysyx_25030085_wb.\out_valid is used but has no driver.
Warning: Wire ysyx_25030085_wb.\next_pc [31] is used but has no driver.
Warning: Wire ysyx_25030085_wb.\next_pc [30] is used but has no driver.
Warning: Wire ysyx_25030085_wb.\next_pc [29] is used but has no driver.
Warning: Wire ysyx_25030085_wb.\next_pc [28] is used but has no driver.
Warning: Wire ysyx_25030085_wb.\next_pc [27] is used but has no driver.
Warning: Wire ysyx_25030085_wb.\next_pc [26] is used but has no driver.
Warning: Wire ysyx_25030085_wb.\next_pc [25] is used but has no driver.
Warning: Wire ysyx_25030085_wb.\next_pc [24] is used but has no driver.
Warning: Wire ysyx_25030085_wb.\next_pc [23] is used but has no driver.
Warning: Wire ysyx_25030085_wb.\next_pc [22] is used but has no driver.
Warning: Wire ysyx_25030085_wb.\next_pc [21] is used but has no driver.
Warning: Wire ysyx_25030085_wb.\next_pc [20] is used but has no driver.
Warning: Wire ysyx_25030085_wb.\next_pc [19] is used but has no driver.
Warning: Wire ysyx_25030085_wb.\next_pc [18] is used but has no driver.
Warning: Wire ysyx_25030085_wb.\next_pc [17] is used but has no driver.
Warning: Wire ysyx_25030085_wb.\next_pc [16] is used but has no driver.
Warning: Wire ysyx_25030085_wb.\next_pc [15] is used but has no driver.
Warning: Wire ysyx_25030085_wb.\next_pc [14] is used but has no driver.
Warning: Wire ysyx_25030085_wb.\next_pc [13] is used but has no driver.
Warning: Wire ysyx_25030085_wb.\next_pc [12] is used but has no driver.
Warning: Wire ysyx_25030085_wb.\next_pc [11] is used but has no driver.
Warning: Wire ysyx_25030085_wb.\next_pc [10] is used but has no driver.
Warning: Wire ysyx_25030085_wb.\next_pc [9] is used but has no driver.
Warning: Wire ysyx_25030085_wb.\next_pc [8] is used but has no driver.
Warning: Wire ysyx_25030085_wb.\next_pc [7] is used but has no driver.
Warning: Wire ysyx_25030085_wb.\next_pc [6] is used but has no driver.
Warning: Wire ysyx_25030085_wb.\next_pc [5] is used but has no driver.
Warning: Wire ysyx_25030085_wb.\next_pc [4] is used but has no driver.
Warning: Wire ysyx_25030085_wb.\next_pc [3] is used but has no driver.
Warning: Wire ysyx_25030085_wb.\next_pc [2] is used but has no driver.
Warning: Wire ysyx_25030085_wb.\next_pc [1] is used but has no driver.
Warning: Wire ysyx_25030085_wb.\next_pc [0] is used but has no driver.
Warning: Wire ysyx_25030085_wb.\in_ready is used but has no driver.
found and reported 848 problems.

23. Printing statistics.

=== ysyx_25030085 ===

   Number of wires:                756
   Number of wire bits:            915
   Number of public wires:         756
   Number of public wire bits:     915
   Number of memories:               0
   Number of memory bits:            0
   Number of processes:              0
   Number of cells:                  6
     ysyx_25030085_RegisterFile      1
     ysyx_25030085_ex                1
     ysyx_25030085_id                1
     ysyx_25030085_if                1
     ysyx_25030085_lsu               1
     ysyx_25030085_wb                1

   Area for cell type \ysyx_25030085_RegisterFile is unknown!
   Area for cell type \ysyx_25030085_wb is unknown!
   Area for cell type \ysyx_25030085_id is unknown!
   Area for cell type \ysyx_25030085_if is unknown!
   Area for cell type \ysyx_25030085_ex is unknown!
   Area for cell type \ysyx_25030085_lsu is unknown!

=== ysyx_25030085_RegisterFile ===

   Number of wires:               3745
   Number of wire bits:           3847
   Number of public wires:         488
   Number of public wire bits:     590
   Number of memories:               0
   Number of memory bits:            0
   Number of processes:              0
   Number of cells:               3321
     AND2_X1                        31
     AND2_X2                         4
     AND3_X1                         8
     AOI211_X2                       4
     AOI211_X4                       1
     AOI21_X1                      151
     AOI22_X1                      384
     BUF_X1                       1069
     BUF_X16                         1
     BUF_X4                        153
     BUF_X8                         32
     DFF_X1                        480
     INV_X1                         16
     INV_X2                          8
     INV_X4                          2
     MUX2_X1                       490
     NAND2_X1                       43
     NAND2_X4                        1
     NAND3_X1                      272
     NAND4_X1                       31
     NOR2_X1                         1
     NOR2_X2                         5
     NOR2_X4                        18
     NOR3_X1                        11
     NOR4_X1                         2
     OAI211_X2                      14
     OAI21_X1                       53
     OAI221_X1                       5
     OR3_X1                          9
     OR3_X2                          1
     OR3_X4                          9
     OR4_X1                          6
     XNOR2_X1                        2
     XNOR2_X2                        4

   Chip area for module '\ysyx_25030085_RegisterFile': 5682.026000

=== ysyx_25030085_csr_regfile ===

   Number of wires:                797
   Number of wire bits:            839
   Number of public wires:          69
   Number of public wire bits:     111
   Number of memories:               0
   Number of memory bits:            0
   Number of processes:              0
   Number of cells:                760
     AND2_X1                        59
     AND2_X2                         2
     AND2_X4                        11
     AND3_X1                        68
     AND3_X2                         2
     AND3_X4                         4
     AND4_X1                        24
     AND4_X4                         2
     AOI211_X2                       3
     AOI211_X4                      12
     AOI21_X1                       32
     BUF_X1                        216
     BUF_X2                          6
     BUF_X4                         13
     BUF_X8                          1
     CLKBUF_X2                       9
     DFF_X1                         64
     INV_X1                         24
     NAND2_X1                       10
     NAND3_X1                       27
     NAND3_X2                        1
     NAND4_X1                       27
     NOR2_X1                        48
     NOR3_X1                        21
     NOR3_X2                         1
     OAI21_X1                       55
     OR2_X1                          8
     OR3_X1                          2
     OR3_X4                          2
     XNOR2_X1                        6

   Chip area for module '\ysyx_25030085_csr_regfile': 1058.946000

=== ysyx_25030085_ex ===

   Number of wires:               1254
   Number of wire bits:           1592
   Number of public wires:          58
   Number of public wire bits:     396
   Number of memories:               0
   Number of memory bits:            0
   Number of processes:              0
   Number of cells:               1266
     AND2_X1                        50
     AND2_X2                        12
     AND2_X4                         4
     AND3_X1                        21
     AND3_X2                         3
     AND4_X1                         2
     AOI211_X4                       1
     AOI21_X1                       22
     AOI21_X4                        1
     AOI221_X2                       1
     AOI221_X4                       1
     BUF_X1                        527
     BUF_X32                         1
     BUF_X4                         16
     BUF_X8                          1
     DFFR_X1                       144
     DFFS_X1                         3
     INV_X1                         35
     INV_X2                          3
     INV_X32                         1
     INV_X4                          1
     MUX2_X1                       186
     MUX2_X2                         4
     NAND2_X1                       31
     NAND2_X2                        6
     NAND2_X4                        7
     NAND3_X1                       11
     NAND3_X2                        1
     NAND3_X4                        2
     NAND4_X1                        1
     NOR2_X1                        31
     NOR2_X2                         5
     NOR2_X4                         1
     NOR3_X1                        19
     NOR3_X2                         1
     NOR3_X4                         2
     NOR4_X1                         3
     NOR4_X4                         2
     OAI21_X1                       17
     OAI21_X2                        2
     OR2_X1                          4
     OR2_X4                          6
     OR3_X1                          7
     OR3_X2                          1
     OR3_X4                          1
     XNOR2_X1                       25
     XNOR2_X2                        1
     XOR2_X1                        27
     XOR2_X2                        11
     ysyx_25030085_csr_regfile       1

   Area for cell type \ysyx_25030085_csr_regfile is unknown!

   Chip area for module '\ysyx_25030085_ex': 2101.134000

=== ysyx_25030085_id ===

   Number of wires:                682
   Number of wire bits:            950
   Number of public wires:         158
   Number of public wire bits:     426
   Number of memories:               0
   Number of memory bits:            0
   Number of processes:              0
   Number of cells:                751
     AND2_X1                         1
     AND2_X2                         6
     AND2_X4                         9
     AND3_X1                         1
     AND3_X4                         3
     AND4_X1                         7
     AND4_X4                         1
     AOI211_X2                       6
     AOI21_X1                       10
     AOI21_X2                        4
     BUF_X1                        451
     BUF_X16                         6
     BUF_X4                          4
     BUF_X8                          7
     CLKBUF_X1                       1
     CLKBUF_X2                       1
     DFFR_X1                        64
     DFFS_X1                         3
     INV_X1                          6
     INV_X2                          1
     INV_X32                         6
     INV_X4                          5
     INV_X8                          1
     LOGIC0_X1                       1
     MUX2_X1                        64
     NAND2_X1                        4
     NAND3_X1                        2
     NAND4_X1                       16
     NOR2_X1                         2
     NOR2_X2                         5
     NOR2_X4                         5
     NOR3_X1                         3
     NOR3_X2                         1
     NOR3_X4                         4
     NOR4_X1                         1
     NOR4_X4                         1
     OAI211_X2                       5
     OAI211_X4                       1
     OAI21_X1                       20
     OAI22_X1                        3
     OR2_X1                          2
     OR3_X1                          7

   Chip area for module '\ysyx_25030085_id': 1189.020000

=== ysyx_25030085_if ===

   Number of wires:                571
   Number of wire bits:            726
   Number of public wires:          80
   Number of public wire bits:     235
   Number of memories:               0
   Number of memory bits:            0
   Number of processes:              0
   Number of cells:                556
     AND2_X4                         2
     AND3_X1                         1
     BUF_X1                        305
     BUF_X16                         8
     DFFR_X1                        34
     DFFS_X1                         3
     DFF_X1                         64
     DLH_X1                         32
     INV_X1                          3
     INV_X16                         1
     INV_X2                          1
     LOGIC0_X1                       1
     LOGIC1_X1                       1
     MUX2_X1                        96
     NOR2_X1                         1
     OAI21_X1                        1
     OAI221_X1                       1
     OR2_X1                          1

   Chip area for module '\ysyx_25030085_if': 1065.330000

=== ysyx_25030085_lsu ===

   Number of wires:               1425
   Number of wire bits:           1860
   Number of public wires:          64
   Number of public wire bits:     499
   Number of memories:               0
   Number of memory bits:            0
   Number of processes:              0
   Number of cells:               1435
     AND2_X1                        12
     AND2_X2                         4
     AND2_X4                         3
     AND3_X1                        24
     AOI21_X1                        1
     AOI22_X1                        8
     BUF_X1                        716
     BUF_X2                          2
     BUF_X4                         22
     BUF_X8                          3
     CLKBUF_X2                       4
     DFFR_X1                        78
     DFFS_X1                         1
     DFF_X1                        133
     INV_X1                         64
     INV_X32                         2
     LOGIC0_X1                       1
     MUX2_X1                       210
     NAND2_X1                       15
     NAND2_X2                       12
     NAND2_X4                        1
     NAND3_X1                       34
     NAND4_X1                        1
     NOR2_X1                         4
     NOR2_X2                         2
     NOR3_X1                         3
     NOR4_X1                         2
     NOR4_X4                         1
     OAI211_X2                       2
     OAI21_X1                       35
     OAI21_X2                        1
     OAI22_X1                       24
     OR3_X1                          8
     OR4_X1                          1
     OR4_X4                          1

   Chip area for module '\ysyx_25030085_lsu': 2338.672000

=== ysyx_25030085_wb ===

   Number of wires:               1663
   Number of wire bits:           1928
   Number of public wires:         183
   Number of public wire bits:     448
   Number of memories:               0
   Number of memory bits:            0
   Number of processes:              0
   Number of cells:               1481
     AND2_X1                         8
     AND2_X2                         1
     AND2_X4                        27
     AND3_X1                        32
     AND3_X4                         1
     AND4_X1                         3
     AOI211_X2                       1
     AOI211_X4                       7
     AOI21_X1                       41
     AOI221_X2                       1
     AOI221_X4                      11
     AOI22_X1                        2
     BUF_X1                        710
     BUF_X2                          4
     BUF_X4                         34
     BUF_X8                          2
     CLKBUF_X2                       3
     DFFR_X1                       224
     DFFS_X1                         3
     DFF_X1                          9
     INV_X1                          7
     INV_X2                          1
     MUX2_X1                       230
     NAND2_X1                        5
     NAND3_X1                       28
     NOR2_X1                        13
     NOR3_X1                         1
     NOR4_X1                         4
     OAI211_X2                       2
     OAI21_X1                       33
     OAI221_X1                       1
     OAI22_X1                       12
     OAI22_X2                        1
     OR2_X1                          6
     OR3_X1                         13

   Chip area for module '\ysyx_25030085_wb': 2694.314000

=== design hierarchy ===

   ysyx_25030085                     1
     ysyx_25030085_RegisterFile      1
     ysyx_25030085_ex                1
       ysyx_25030085_csr_regfile      1
     ysyx_25030085_id                1
     ysyx_25030085_if                1
     ysyx_25030085_lsu               1
     ysyx_25030085_wb                1

   Number of wires:              10893
   Number of wire bits:          12657
   Number of public wires:        1856
   Number of public wire bits:    3620
   Number of memories:               0
   Number of memory bits:            0
   Number of processes:              0
   Number of cells:               9569
     AND2_X1                       161
     AND2_X2                        29
     AND2_X4                        56
     AND3_X1                       155
     AND3_X2                         5
     AND3_X4                         8
     AND4_X1                        36
     AND4_X4                         3
     AOI211_X2                      14
     AOI211_X4                      21
     AOI21_X1                      257
     AOI21_X2                        4
     AOI21_X4                        1
     AOI221_X2                       2
     AOI221_X4                      12
     AOI22_X1                      394
     BUF_X1                       3994
     BUF_X16                        15
     BUF_X2                         12
     BUF_X32                         1
     BUF_X4                        242
     BUF_X8                         46
     CLKBUF_X1                       1
     CLKBUF_X2                      17
     DFFR_X1                       544
     DFFS_X1                        13
     DFF_X1                        750
     DLH_X1                         32
     INV_X1                        155
     INV_X16                         1
     INV_X2                         14
     INV_X32                         9
     INV_X4                          8
     INV_X8                          1
     LOGIC0_X1                       3
     LOGIC1_X1                       1
     MUX2_X1                      1276
     MUX2_X2                         4
     NAND2_X1                      108
     NAND2_X2                       18
     NAND2_X4                        9
     NAND3_X1                      374
     NAND3_X2                        2
     NAND3_X4                        2
     NAND4_X1                       76
     NOR2_X1                       100
     NOR2_X2                        17
     NOR2_X4                        24
     NOR3_X1                        58
     NOR3_X2                         3
     NOR3_X4                         6
     NOR4_X1                        12
     NOR4_X4                         4
     OAI211_X2                      23
     OAI211_X4                       1
     OAI21_X1                      214
     OAI21_X2                        3
     OAI221_X1                       7
     OAI22_X1                       39
     OAI22_X2                        1
     OR2_X1                         21
     OR2_X4                          6
     OR3_X1                         46
     OR3_X2                          2
     OR3_X4                         12
     OR4_X1                          7
     OR4_X4                          1
     XNOR2_X1                       33
     XNOR2_X2                        5
     XOR2_X1                        27
     XOR2_X2                        11

   Chip area for top module '\ysyx_25030085': 16129.442000

24. Executing Verilog backend.
Dumping module `\ysyx_25030085'.
Dumping module `\ysyx_25030085_RegisterFile'.
Dumping module `\ysyx_25030085_csr_regfile'.
Dumping module `\ysyx_25030085_ex'.
Dumping module `\ysyx_25030085_id'.
Dumping module `\ysyx_25030085_if'.
Dumping module `\ysyx_25030085_lsu'.
Dumping module `\ysyx_25030085_wb'.

Warnings: 920 unique messages, 984 total
End of script. Logfile hash: 7f10a66c27
CPU: user 4.04s system 0.22s, MEM: 60.56 MB total, 48.00 MB resident
Yosys 0.9 (git sha1 1979e0b)
Time spent: 18% 23x opt_clean (0 sec), 14% 2x write_verilog (0 sec), ...
